array_size,task_count,task_id,element_count,working_set_bytes,access_pattern,access_pattern_encoded,stride,repeat_count,operation_count,locality_score,burst_time_ms
100000,10,0,10000,80000,sequential,0,1,1,1,1,0.04776
100000,10,1,10000,80000,sequential,0,1,1,1,1,0.058672
100000,10,2,10000,80000,sequential,0,1,1,1,1,0.047453
100000,10,3,10000,80000,sequential,0,1,1,1,1,0.047477
100000,10,4,10000,80000,sequential,0,1,1,1,1,0.043901
100000,10,5,10000,80000,sequential,0,1,1,1,1,0.046221
100000,10,6,10000,80000,sequential,0,1,1,1,1,0.047036
100000,10,7,10000,80000,sequential,0,1,1,1,1,0.046887
100000,10,8,10000,80000,sequential,0,1,1,1,1,0.046894
100000,10,9,10000,80000,sequential,0,1,1,1,1,0.046734
100000,10,0,10000,80000,sequential,0,1,5,5,1,0.1759
100000,10,1,10000,80000,sequential,0,1,5,5,1,0.186388
100000,10,2,10000,80000,sequential,0,1,5,5,1,0.175249
100000,10,3,10000,80000,sequential,0,1,5,5,1,0.174763
100000,10,4,10000,80000,sequential,0,1,5,5,1,0.264104
100000,10,5,10000,80000,sequential,0,1,5,5,1,0.174631
100000,10,6,10000,80000,sequential,0,1,5,5,1,0.174188
100000,10,7,10000,80000,sequential,0,1,5,5,1,0.179013
100000,10,8,10000,80000,sequential,0,1,5,5,1,0.174873
100000,10,9,10000,80000,sequential,0,1,5,5,1,0.174889
100000,10,0,10000,80000,strided,1,8,1,1,0.5,0.073589
100000,10,1,10000,80000,strided,1,8,1,1,0.5,0.071086
100000,10,2,10000,80000,strided,1,8,1,1,0.5,0.070808
100000,10,3,10000,80000,strided,1,8,1,1,0.5,0.070861
100000,10,4,10000,80000,strided,1,8,1,1,0.5,0.071329
100000,10,5,10000,80000,strided,1,8,1,1,0.5,0.070807
100000,10,6,10000,80000,strided,1,8,1,1,0.5,0.070256
100000,10,7,10000,80000,strided,1,8,1,1,0.5,0.072842
100000,10,8,10000,80000,strided,1,8,1,1,0.5,0.072575
100000,10,9,10000,80000,strided,1,8,1,1,0.5,0.073355
100000,10,0,10000,80000,strided,1,8,5,5,0.5,0.199109
100000,10,1,10000,80000,strided,1,8,5,5,0.5,0.199476
100000,10,2,10000,80000,strided,1,8,5,5,0.5,0.20457
100000,10,3,10000,80000,strided,1,8,5,5,0.5,0.196292
100000,10,4,10000,80000,strided,1,8,5,5,0.5,0.197324
100000,10,5,10000,80000,strided,1,8,5,5,0.5,0.194553
100000,10,6,10000,80000,strided,1,8,5,5,0.5,0.195248
100000,10,7,10000,80000,strided,1,8,5,5,0.5,0.287743
100000,10,8,10000,80000,strided,1,8,5,5,0.5,0.202765
100000,10,9,10000,80000,strided,1,8,5,5,0.5,0.204753
100000,10,0,10000,80000,random,2,1,1,1,0.1,0.42889
100000,10,1,10000,80000,random,2,1,1,1,0.1,0.424321
100000,10,2,10000,80000,random,2,1,1,1,0.1,0.412276
100000,10,3,10000,80000,random,2,1,1,1,0.1,0.417168
100000,10,4,10000,80000,random,2,1,1,1,0.1,0.427034
100000,10,5,10000,80000,random,2,1,1,1,0.1,0.420117
100000,10,6,10000,80000,random,2,1,1,1,0.1,0.414148
100000,10,7,10000,80000,random,2,1,1,1,0.1,0.418341
100000,10,8,10000,80000,random,2,1,1,1,0.1,0.424673
100000,10,9,10000,80000,random,2,1,1,1,0.1,0.428856
100000,10,0,10000,80000,random,2,1,5,5,0.1,0.564981
100000,10,1,10000,80000,random,2,1,5,5,0.1,0.581899
100000,10,2,10000,80000,random,2,1,5,5,0.1,0.558164
100000,10,3,10000,80000,random,2,1,5,5,0.1,0.556008
100000,10,4,10000,80000,random,2,1,5,5,0.1,0.57053
100000,10,5,10000,80000,random,2,1,5,5,0.1,0.556438
100000,10,6,10000,80000,random,2,1,5,5,0.1,0.547398
100000,10,7,10000,80000,random,2,1,5,5,0.1,0.559256
100000,10,8,10000,80000,random,2,1,5,5,0.1,0.542641
100000,10,9,10000,80000,random,2,1,5,5,0.1,0.554197
100000,100,0,1000,8000,sequential,0,1,1,1,1,0.004761
100000,100,1,1000,8000,sequential,0,1,1,1,1,0.005212
100000,100,2,1000,8000,sequential,0,1,1,1,1,0.005167
100000,100,3,1000,8000,sequential,0,1,1,1,1,0.004971
100000,100,4,1000,8000,sequential,0,1,1,1,1,0.004754
100000,100,5,1000,8000,sequential,0,1,1,1,1,0.004761
100000,100,6,1000,8000,sequential,0,1,1,1,1,0.004805
100000,100,7,1000,8000,sequential,0,1,1,1,1,0.004968
100000,100,8,1000,8000,sequential,0,1,1,1,1,0.004708
100000,100,9,1000,8000,sequential,0,1,1,1,1,0.004512
100000,100,10,1000,8000,sequential,0,1,1,1,1,0.004702
100000,100,11,1000,8000,sequential,0,1,1,1,1,0.004926
100000,100,12,1000,8000,sequential,0,1,1,1,1,0.004919
100000,100,13,1000,8000,sequential,0,1,1,1,1,0.004903
100000,100,14,1000,8000,sequential,0,1,1,1,1,0.004742
100000,100,15,1000,8000,sequential,0,1,1,1,1,0.005021
100000,100,16,1000,8000,sequential,0,1,1,1,1,0.00458
100000,100,17,1000,8000,sequential,0,1,1,1,1,0.004595
100000,100,18,1000,8000,sequential,0,1,1,1,1,0.004644
100000,100,19,1000,8000,sequential,0,1,1,1,1,0.004787
100000,100,20,1000,8000,sequential,0,1,1,1,1,0.008896
100000,100,21,1000,8000,sequential,0,1,1,1,1,0.006299
100000,100,22,1000,8000,sequential,0,1,1,1,1,0.005739
100000,100,23,1000,8000,sequential,0,1,1,1,1,0.009055
100000,100,24,1000,8000,sequential,0,1,1,1,1,0.004876
100000,100,25,1000,8000,sequential,0,1,1,1,1,0.009183
100000,100,26,1000,8000,sequential,0,1,1,1,1,0.004525
100000,100,27,1000,8000,sequential,0,1,1,1,1,0.004561
100000,100,28,1000,8000,sequential,0,1,1,1,1,0.004737
100000,100,29,1000,8000,sequential,0,1,1,1,1,0.00457
100000,100,30,1000,8000,sequential,0,1,1,1,1,0.004598
100000,100,31,1000,8000,sequential,0,1,1,1,1,0.004563
100000,100,32,1000,8000,sequential,0,1,1,1,1,0.00479
100000,100,33,1000,8000,sequential,0,1,1,1,1,0.004837
100000,100,34,1000,8000,sequential,0,1,1,1,1,0.004972
100000,100,35,1000,8000,sequential,0,1,1,1,1,0.004917
100000,100,36,1000,8000,sequential,0,1,1,1,1,0.00497
100000,100,37,1000,8000,sequential,0,1,1,1,1,0.004978
100000,100,38,1000,8000,sequential,0,1,1,1,1,0.004559
100000,100,39,1000,8000,sequential,0,1,1,1,1,0.004688
100000,100,40,1000,8000,sequential,0,1,1,1,1,0.004852
100000,100,41,1000,8000,sequential,0,1,1,1,1,0.004935
100000,100,42,1000,8000,sequential,0,1,1,1,1,0.004943
100000,100,43,1000,8000,sequential,0,1,1,1,1,0.004841
100000,100,44,1000,8000,sequential,0,1,1,1,1,0.00493
100000,100,45,1000,8000,sequential,0,1,1,1,1,0.004795
100000,100,46,1000,8000,sequential,0,1,1,1,1,0.004883
100000,100,47,1000,8000,sequential,0,1,1,1,1,0.004848
100000,100,48,1000,8000,sequential,0,1,1,1,1,0.004878
100000,100,49,1000,8000,sequential,0,1,1,1,1,0.005028
100000,100,50,1000,8000,sequential,0,1,1,1,1,0.004773
100000,100,51,1000,8000,sequential,0,1,1,1,1,0.00474
100000,100,52,1000,8000,sequential,0,1,1,1,1,0.00478
100000,100,53,1000,8000,sequential,0,1,1,1,1,0.004773
100000,100,54,1000,8000,sequential,0,1,1,1,1,0.004795
100000,100,55,1000,8000,sequential,0,1,1,1,1,0.004516
100000,100,56,1000,8000,sequential,0,1,1,1,1,0.004516
100000,100,57,1000,8000,sequential,0,1,1,1,1,0.004527
100000,100,58,1000,8000,sequential,0,1,1,1,1,0.00453
100000,100,59,1000,8000,sequential,0,1,1,1,1,0.004521
100000,100,60,1000,8000,sequential,0,1,1,1,1,0.004828
100000,100,61,1000,8000,sequential,0,1,1,1,1,0.004932
100000,100,62,1000,8000,sequential,0,1,1,1,1,0.004697
100000,100,63,1000,8000,sequential,0,1,1,1,1,0.004684
100000,100,64,1000,8000,sequential,0,1,1,1,1,0.004683
100000,100,65,1000,8000,sequential,0,1,1,1,1,0.004816
100000,100,66,1000,8000,sequential,0,1,1,1,1,0.004653
100000,100,67,1000,8000,sequential,0,1,1,1,1,0.004651
100000,100,68,1000,8000,sequential,0,1,1,1,1,0.004602
100000,100,69,1000,8000,sequential,0,1,1,1,1,0.004601
100000,100,70,1000,8000,sequential,0,1,1,1,1,0.004634
100000,100,71,1000,8000,sequential,0,1,1,1,1,0.004786
100000,100,72,1000,8000,sequential,0,1,1,1,1,0.004493
100000,100,73,1000,8000,sequential,0,1,1,1,1,0.004687
100000,100,74,1000,8000,sequential,0,1,1,1,1,0.004805
100000,100,75,1000,8000,sequential,0,1,1,1,1,0.004765
100000,100,76,1000,8000,sequential,0,1,1,1,1,0.004844
100000,100,77,1000,8000,sequential,0,1,1,1,1,0.004938
100000,100,78,1000,8000,sequential,0,1,1,1,1,0.004774
100000,100,79,1000,8000,sequential,0,1,1,1,1,0.004695
100000,100,80,1000,8000,sequential,0,1,1,1,1,0.004792
100000,100,81,1000,8000,sequential,0,1,1,1,1,0.004678
100000,100,82,1000,8000,sequential,0,1,1,1,1,0.00475
100000,100,83,1000,8000,sequential,0,1,1,1,1,0.004519
100000,100,84,1000,8000,sequential,0,1,1,1,1,0.004506
100000,100,85,1000,8000,sequential,0,1,1,1,1,0.004687
100000,100,86,1000,8000,sequential,0,1,1,1,1,0.004544
100000,100,87,1000,8000,sequential,0,1,1,1,1,0.004565
100000,100,88,1000,8000,sequential,0,1,1,1,1,0.005031
100000,100,89,1000,8000,sequential,0,1,1,1,1,0.004983
100000,100,90,1000,8000,sequential,0,1,1,1,1,0.005126
100000,100,91,1000,8000,sequential,0,1,1,1,1,0.005006
100000,100,92,1000,8000,sequential,0,1,1,1,1,0.004982
100000,100,93,1000,8000,sequential,0,1,1,1,1,0.004843
100000,100,94,1000,8000,sequential,0,1,1,1,1,0.00476
100000,100,95,1000,8000,sequential,0,1,1,1,1,0.004606
100000,100,96,1000,8000,sequential,0,1,1,1,1,0.004489
100000,100,97,1000,8000,sequential,0,1,1,1,1,0.00445
100000,100,98,1000,8000,sequential,0,1,1,1,1,0.004441
100000,100,99,1000,8000,sequential,0,1,1,1,1,0.004705
100000,100,0,1000,8000,sequential,0,1,5,5,1,0.020554
100000,100,1,1000,8000,sequential,0,1,5,5,1,0.017538
100000,100,2,1000,8000,sequential,0,1,5,5,1,0.017577
100000,100,3,1000,8000,sequential,0,1,5,5,1,0.017629
100000,100,4,1000,8000,sequential,0,1,5,5,1,0.017653
100000,100,5,1000,8000,sequential,0,1,5,5,1,0.017523
100000,100,6,1000,8000,sequential,0,1,5,5,1,0.017735
100000,100,7,1000,8000,sequential,0,1,5,5,1,0.017613
100000,100,8,1000,8000,sequential,0,1,5,5,1,0.017667
100000,100,9,1000,8000,sequential,0,1,5,5,1,0.017539
100000,100,10,1000,8000,sequential,0,1,5,5,1,0.017384
100000,100,11,1000,8000,sequential,0,1,5,5,1,0.017409
100000,100,12,1000,8000,sequential,0,1,5,5,1,0.017439
100000,100,13,1000,8000,sequential,0,1,5,5,1,0.017538
100000,100,14,1000,8000,sequential,0,1,5,5,1,0.017675
100000,100,15,1000,8000,sequential,0,1,5,5,1,0.017386
100000,100,16,1000,8000,sequential,0,1,5,5,1,0.017405
100000,100,17,1000,8000,sequential,0,1,5,5,1,0.01758
100000,100,18,1000,8000,sequential,0,1,5,5,1,0.017546
100000,100,19,1000,8000,sequential,0,1,5,5,1,0.017578
100000,100,20,1000,8000,sequential,0,1,5,5,1,0.017655
100000,100,21,1000,8000,sequential,0,1,5,5,1,0.017655
100000,100,22,1000,8000,sequential,0,1,5,5,1,0.01761
100000,100,23,1000,8000,sequential,0,1,5,5,1,0.017564
100000,100,24,1000,8000,sequential,0,1,5,5,1,0.017382
100000,100,25,1000,8000,sequential,0,1,5,5,1,0.017634
100000,100,26,1000,8000,sequential,0,1,5,5,1,0.017424
100000,100,27,1000,8000,sequential,0,1,5,5,1,0.017501
100000,100,28,1000,8000,sequential,0,1,5,5,1,0.017484
100000,100,29,1000,8000,sequential,0,1,5,5,1,0.017503
100000,100,30,1000,8000,sequential,0,1,5,5,1,0.017531
100000,100,31,1000,8000,sequential,0,1,5,5,1,0.017478
100000,100,32,1000,8000,sequential,0,1,5,5,1,0.017508
100000,100,33,1000,8000,sequential,0,1,5,5,1,0.017617
100000,100,34,1000,8000,sequential,0,1,5,5,1,0.017558
100000,100,35,1000,8000,sequential,0,1,5,5,1,0.017577
100000,100,36,1000,8000,sequential,0,1,5,5,1,0.017526
100000,100,37,1000,8000,sequential,0,1,5,5,1,0.017532
100000,100,38,1000,8000,sequential,0,1,5,5,1,0.017483
100000,100,39,1000,8000,sequential,0,1,5,5,1,0.017447
100000,100,40,1000,8000,sequential,0,1,5,5,1,0.017573
100000,100,41,1000,8000,sequential,0,1,5,5,1,0.01743
100000,100,42,1000,8000,sequential,0,1,5,5,1,0.017518
100000,100,43,1000,8000,sequential,0,1,5,5,1,0.017535
100000,100,44,1000,8000,sequential,0,1,5,5,1,0.017401
100000,100,45,1000,8000,sequential,0,1,5,5,1,0.017517
100000,100,46,1000,8000,sequential,0,1,5,5,1,0.017524
100000,100,47,1000,8000,sequential,0,1,5,5,1,0.017447
100000,100,48,1000,8000,sequential,0,1,5,5,1,0.017499
100000,100,49,1000,8000,sequential,0,1,5,5,1,0.017582
100000,100,50,1000,8000,sequential,0,1,5,5,1,0.017458
100000,100,51,1000,8000,sequential,0,1,5,5,1,0.017659
100000,100,52,1000,8000,sequential,0,1,5,5,1,0.017493
100000,100,53,1000,8000,sequential,0,1,5,5,1,0.017435
100000,100,54,1000,8000,sequential,0,1,5,5,1,0.017431
100000,100,55,1000,8000,sequential,0,1,5,5,1,0.017433
100000,100,56,1000,8000,sequential,0,1,5,5,1,0.017472
100000,100,57,1000,8000,sequential,0,1,5,5,1,0.017394
100000,100,58,1000,8000,sequential,0,1,5,5,1,0.017481
100000,100,59,1000,8000,sequential,0,1,5,5,1,0.017515
100000,100,60,1000,8000,sequential,0,1,5,5,1,0.031573
100000,100,61,1000,8000,sequential,0,1,5,5,1,0.028835
100000,100,62,1000,8000,sequential,0,1,5,5,1,0.029232
100000,100,63,1000,8000,sequential,0,1,5,5,1,0.029011
100000,100,64,1000,8000,sequential,0,1,5,5,1,0.017521
100000,100,65,1000,8000,sequential,0,1,5,5,1,0.017625
100000,100,66,1000,8000,sequential,0,1,5,5,1,0.017616
100000,100,67,1000,8000,sequential,0,1,5,5,1,0.017519
100000,100,68,1000,8000,sequential,0,1,5,5,1,0.017464
100000,100,69,1000,8000,sequential,0,1,5,5,1,0.017548
100000,100,70,1000,8000,sequential,0,1,5,5,1,0.017426
100000,100,71,1000,8000,sequential,0,1,5,5,1,0.017453
100000,100,72,1000,8000,sequential,0,1,5,5,1,0.017482
100000,100,73,1000,8000,sequential,0,1,5,5,1,0.017385
100000,100,74,1000,8000,sequential,0,1,5,5,1,0.017023
100000,100,75,1000,8000,sequential,0,1,5,5,1,0.016765
100000,100,76,1000,8000,sequential,0,1,5,5,1,0.016746
100000,100,77,1000,8000,sequential,0,1,5,5,1,0.017641
100000,100,78,1000,8000,sequential,0,1,5,5,1,0.017311
100000,100,79,1000,8000,sequential,0,1,5,5,1,0.017492
100000,100,80,1000,8000,sequential,0,1,5,5,1,0.017452
100000,100,81,1000,8000,sequential,0,1,5,5,1,0.017553
100000,100,82,1000,8000,sequential,0,1,5,5,1,0.017523
100000,100,83,1000,8000,sequential,0,1,5,5,1,0.017489
100000,100,84,1000,8000,sequential,0,1,5,5,1,0.017547
100000,100,85,1000,8000,sequential,0,1,5,5,1,0.017495
100000,100,86,1000,8000,sequential,0,1,5,5,1,0.017506
100000,100,87,1000,8000,sequential,0,1,5,5,1,0.01758
100000,100,88,1000,8000,sequential,0,1,5,5,1,0.017554
100000,100,89,1000,8000,sequential,0,1,5,5,1,0.017474
100000,100,90,1000,8000,sequential,0,1,5,5,1,0.0186
100000,100,91,1000,8000,sequential,0,1,5,5,1,0.018035
100000,100,92,1000,8000,sequential,0,1,5,5,1,0.018579
100000,100,93,1000,8000,sequential,0,1,5,5,1,0.018054
100000,100,94,1000,8000,sequential,0,1,5,5,1,0.01752
100000,100,95,1000,8000,sequential,0,1,5,5,1,0.01752
100000,100,96,1000,8000,sequential,0,1,5,5,1,0.017367
100000,100,97,1000,8000,sequential,0,1,5,5,1,0.017312
100000,100,98,1000,8000,sequential,0,1,5,5,1,0.01722
100000,100,99,1000,8000,sequential,0,1,5,5,1,0.0172
100000,100,0,1000,8000,strided,1,8,1,1,0.5,0.007598
100000,100,1,1000,8000,strided,1,8,1,1,0.5,0.007573
100000,100,2,1000,8000,strided,1,8,1,1,0.5,0.007629
100000,100,3,1000,8000,strided,1,8,1,1,0.5,0.007439
100000,100,4,1000,8000,strided,1,8,1,1,0.5,0.007463
100000,100,5,1000,8000,strided,1,8,1,1,0.5,0.007369
100000,100,6,1000,8000,strided,1,8,1,1,0.5,0.007622
100000,100,7,1000,8000,strided,1,8,1,1,0.5,0.007467
100000,100,8,1000,8000,strided,1,8,1,1,0.5,0.007459
100000,100,9,1000,8000,strided,1,8,1,1,0.5,0.007305
100000,100,10,1000,8000,strided,1,8,1,1,0.5,0.00744
100000,100,11,1000,8000,strided,1,8,1,1,0.5,0.007345
100000,100,12,1000,8000,strided,1,8,1,1,0.5,0.007396
100000,100,13,1000,8000,strided,1,8,1,1,0.5,0.007281
100000,100,14,1000,8000,strided,1,8,1,1,0.5,0.007276
100000,100,15,1000,8000,strided,1,8,1,1,0.5,0.007355
100000,100,16,1000,8000,strided,1,8,1,1,0.5,0.007594
100000,100,17,1000,8000,strided,1,8,1,1,0.5,0.007561
100000,100,18,1000,8000,strided,1,8,1,1,0.5,0.007401
100000,100,19,1000,8000,strided,1,8,1,1,0.5,0.00732
100000,100,20,1000,8000,strided,1,8,1,1,0.5,0.007285
100000,100,21,1000,8000,strided,1,8,1,1,0.5,0.007483
100000,100,22,1000,8000,strided,1,8,1,1,0.5,0.007624
100000,100,23,1000,8000,strided,1,8,1,1,0.5,0.007451
100000,100,24,1000,8000,strided,1,8,1,1,0.5,0.007518
100000,100,25,1000,8000,strided,1,8,1,1,0.5,0.00758
100000,100,26,1000,8000,strided,1,8,1,1,0.5,0.007776
100000,100,27,1000,8000,strided,1,8,1,1,0.5,0.007374
100000,100,28,1000,8000,strided,1,8,1,1,0.5,0.007523
100000,100,29,1000,8000,strided,1,8,1,1,0.5,0.007434
100000,100,30,1000,8000,strided,1,8,1,1,0.5,0.007376
100000,100,31,1000,8000,strided,1,8,1,1,0.5,0.007506
100000,100,32,1000,8000,strided,1,8,1,1,0.5,0.007434
100000,100,33,1000,8000,strided,1,8,1,1,0.5,0.007456
100000,100,34,1000,8000,strided,1,8,1,1,0.5,0.007479
100000,100,35,1000,8000,strided,1,8,1,1,0.5,0.007265
100000,100,36,1000,8000,strided,1,8,1,1,0.5,0.007287
100000,100,37,1000,8000,strided,1,8,1,1,0.5,0.007425
100000,100,38,1000,8000,strided,1,8,1,1,0.5,0.007307
100000,100,39,1000,8000,strided,1,8,1,1,0.5,0.007271
100000,100,40,1000,8000,strided,1,8,1,1,0.5,0.007262
100000,100,41,1000,8000,strided,1,8,1,1,0.5,0.007266
100000,100,42,1000,8000,strided,1,8,1,1,0.5,0.007443
100000,100,43,1000,8000,strided,1,8,1,1,0.5,0.007397
100000,100,44,1000,8000,strided,1,8,1,1,0.5,0.007827
100000,100,45,1000,8000,strided,1,8,1,1,0.5,0.007301
100000,100,46,1000,8000,strided,1,8,1,1,0.5,0.007462
100000,100,47,1000,8000,strided,1,8,1,1,0.5,0.009473
100000,100,48,1000,8000,strided,1,8,1,1,0.5,0.009756
100000,100,49,1000,8000,strided,1,8,1,1,0.5,0.009156
100000,100,50,1000,8000,strided,1,8,1,1,0.5,0.009301
100000,100,51,1000,8000,strided,1,8,1,1,0.5,0.009195
100000,100,52,1000,8000,strided,1,8,1,1,0.5,0.008968
100000,100,53,1000,8000,strided,1,8,1,1,0.5,0.007704
100000,100,54,1000,8000,strided,1,8,1,1,0.5,0.00735
100000,100,55,1000,8000,strided,1,8,1,1,0.5,0.007403
100000,100,56,1000,8000,strided,1,8,1,1,0.5,0.007483
100000,100,57,1000,8000,strided,1,8,1,1,0.5,0.007568
100000,100,58,1000,8000,strided,1,8,1,1,0.5,0.007499
100000,100,59,1000,8000,strided,1,8,1,1,0.5,0.007298
100000,100,60,1000,8000,strided,1,8,1,1,0.5,0.007442
100000,100,61,1000,8000,strided,1,8,1,1,0.5,0.007414
100000,100,62,1000,8000,strided,1,8,1,1,0.5,0.007359
100000,100,63,1000,8000,strided,1,8,1,1,0.5,0.007359
100000,100,64,1000,8000,strided,1,8,1,1,0.5,0.007491
100000,100,65,1000,8000,strided,1,8,1,1,0.5,0.007396
100000,100,66,1000,8000,strided,1,8,1,1,0.5,0.007266
100000,100,67,1000,8000,strided,1,8,1,1,0.5,0.007235
100000,100,68,1000,8000,strided,1,8,1,1,0.5,0.007222
100000,100,69,1000,8000,strided,1,8,1,1,0.5,0.007277
100000,100,70,1000,8000,strided,1,8,1,1,0.5,0.007453
100000,100,71,1000,8000,strided,1,8,1,1,0.5,0.007322
100000,100,72,1000,8000,strided,1,8,1,1,0.5,0.007567
100000,100,73,1000,8000,strided,1,8,1,1,0.5,0.007268
100000,100,74,1000,8000,strided,1,8,1,1,0.5,0.007326
100000,100,75,1000,8000,strided,1,8,1,1,0.5,0.00777
100000,100,76,1000,8000,strided,1,8,1,1,0.5,0.007316
100000,100,77,1000,8000,strided,1,8,1,1,0.5,0.007515
100000,100,78,1000,8000,strided,1,8,1,1,0.5,0.007305
100000,100,79,1000,8000,strided,1,8,1,1,0.5,0.007311
100000,100,80,1000,8000,strided,1,8,1,1,0.5,0.007721
100000,100,81,1000,8000,strided,1,8,1,1,0.5,0.007262
100000,100,82,1000,8000,strided,1,8,1,1,0.5,0.007304
100000,100,83,1000,8000,strided,1,8,1,1,0.5,0.007589
100000,100,84,1000,8000,strided,1,8,1,1,0.5,0.007271
100000,100,85,1000,8000,strided,1,8,1,1,0.5,0.007422
100000,100,86,1000,8000,strided,1,8,1,1,0.5,0.007333
100000,100,87,1000,8000,strided,1,8,1,1,0.5,0.007278
100000,100,88,1000,8000,strided,1,8,1,1,0.5,0.007247
100000,100,89,1000,8000,strided,1,8,1,1,0.5,0.007285
100000,100,90,1000,8000,strided,1,8,1,1,0.5,0.007741
100000,100,91,1000,8000,strided,1,8,1,1,0.5,0.007575
100000,100,92,1000,8000,strided,1,8,1,1,0.5,0.007277
100000,100,93,1000,8000,strided,1,8,1,1,0.5,0.007602
100000,100,94,1000,8000,strided,1,8,1,1,0.5,0.00732
100000,100,95,1000,8000,strided,1,8,1,1,0.5,0.007802
100000,100,96,1000,8000,strided,1,8,1,1,0.5,0.007421
100000,100,97,1000,8000,strided,1,8,1,1,0.5,0.007246
100000,100,98,1000,8000,strided,1,8,1,1,0.5,0.007265
100000,100,99,1000,8000,strided,1,8,1,1,0.5,0.007242
100000,100,0,1000,8000,strided,1,8,5,5,0.5,0.020861
100000,100,1,1000,8000,strided,1,8,5,5,0.5,0.020614
100000,100,2,1000,8000,strided,1,8,5,5,0.5,0.019539
100000,100,3,1000,8000,strided,1,8,5,5,0.5,0.020969
100000,100,4,1000,8000,strided,1,8,5,5,0.5,0.020165
100000,100,5,1000,8000,strided,1,8,5,5,0.5,0.020699
100000,100,6,1000,8000,strided,1,8,5,5,0.5,0.019621
100000,100,7,1000,8000,strided,1,8,5,5,0.5,0.020974
100000,100,8,1000,8000,strided,1,8,5,5,0.5,0.02006
100000,100,9,1000,8000,strided,1,8,5,5,0.5,0.019867
100000,100,10,1000,8000,strided,1,8,5,5,0.5,0.019317
100000,100,11,1000,8000,strided,1,8,5,5,0.5,0.01945
100000,100,12,1000,8000,strided,1,8,5,5,0.5,0.019824
100000,100,13,1000,8000,strided,1,8,5,5,0.5,0.019461
100000,100,14,1000,8000,strided,1,8,5,5,0.5,0.021383
100000,100,15,1000,8000,strided,1,8,5,5,0.5,0.019456
100000,100,16,1000,8000,strided,1,8,5,5,0.5,0.020597
100000,100,17,1000,8000,strided,1,8,5,5,0.5,0.02029
100000,100,18,1000,8000,strided,1,8,5,5,0.5,0.020612
100000,100,19,1000,8000,strided,1,8,5,5,0.5,0.020513
100000,100,20,1000,8000,strided,1,8,5,5,0.5,0.020436
100000,100,21,1000,8000,strided,1,8,5,5,0.5,0.019923
100000,100,22,1000,8000,strided,1,8,5,5,0.5,0.020379
100000,100,23,1000,8000,strided,1,8,5,5,0.5,0.020588
100000,100,24,1000,8000,strided,1,8,5,5,0.5,0.021123
100000,100,25,1000,8000,strided,1,8,5,5,0.5,0.019818
100000,100,26,1000,8000,strided,1,8,5,5,0.5,0.019515
100000,100,27,1000,8000,strided,1,8,5,5,0.5,0.019912
100000,100,28,1000,8000,strided,1,8,5,5,0.5,0.020171
100000,100,29,1000,8000,strided,1,8,5,5,0.5,0.019464
100000,100,30,1000,8000,strided,1,8,5,5,0.5,0.020234
100000,100,31,1000,8000,strided,1,8,5,5,0.5,0.020822
100000,100,32,1000,8000,strided,1,8,5,5,0.5,0.020084
100000,100,33,1000,8000,strided,1,8,5,5,0.5,0.031701
100000,100,34,1000,8000,strided,1,8,5,5,0.5,0.024427
100000,100,35,1000,8000,strided,1,8,5,5,0.5,0.022134
100000,100,36,1000,8000,strided,1,8,5,5,0.5,0.031848
100000,100,37,1000,8000,strided,1,8,5,5,0.5,0.020774
100000,100,38,1000,8000,strided,1,8,5,5,0.5,0.019757
100000,100,39,1000,8000,strided,1,8,5,5,0.5,0.020253
100000,100,40,1000,8000,strided,1,8,5,5,0.5,0.019696
100000,100,41,1000,8000,strided,1,8,5,5,0.5,0.019519
100000,100,42,1000,8000,strided,1,8,5,5,0.5,0.020664
100000,100,43,1000,8000,strided,1,8,5,5,0.5,0.019979
100000,100,44,1000,8000,strided,1,8,5,5,0.5,0.019445
100000,100,45,1000,8000,strided,1,8,5,5,0.5,0.020974
100000,100,46,1000,8000,strided,1,8,5,5,0.5,0.020075
100000,100,47,1000,8000,strided,1,8,5,5,0.5,0.019661
100000,100,48,1000,8000,strided,1,8,5,5,0.5,0.019375
100000,100,49,1000,8000,strided,1,8,5,5,0.5,0.020325
100000,100,50,1000,8000,strided,1,8,5,5,0.5,0.019791
100000,100,51,1000,8000,strided,1,8,5,5,0.5,0.020524
100000,100,52,1000,8000,strided,1,8,5,5,0.5,0.020105
100000,100,53,1000,8000,strided,1,8,5,5,0.5,0.019445
100000,100,54,1000,8000,strided,1,8,5,5,0.5,0.020437
100000,100,55,1000,8000,strided,1,8,5,5,0.5,0.020085
100000,100,56,1000,8000,strided,1,8,5,5,0.5,0.020191
100000,100,57,1000,8000,strided,1,8,5,5,0.5,0.019419
100000,100,58,1000,8000,strided,1,8,5,5,0.5,0.020016
100000,100,59,1000,8000,strided,1,8,5,5,0.5,0.020056
100000,100,60,1000,8000,strided,1,8,5,5,0.5,0.019622
100000,100,61,1000,8000,strided,1,8,5,5,0.5,0.020662
100000,100,62,1000,8000,strided,1,8,5,5,0.5,0.020798
100000,100,63,1000,8000,strided,1,8,5,5,0.5,0.020232
100000,100,64,1000,8000,strided,1,8,5,5,0.5,0.019329
100000,100,65,1000,8000,strided,1,8,5,5,0.5,0.020707
100000,100,66,1000,8000,strided,1,8,5,5,0.5,0.019731
100000,100,67,1000,8000,strided,1,8,5,5,0.5,0.019498
100000,100,68,1000,8000,strided,1,8,5,5,0.5,0.019427
100000,100,69,1000,8000,strided,1,8,5,5,0.5,0.021064
100000,100,70,1000,8000,strided,1,8,5,5,0.5,0.019455
100000,100,71,1000,8000,strided,1,8,5,5,0.5,0.020959
100000,100,72,1000,8000,strided,1,8,5,5,0.5,0.01952
100000,100,73,1000,8000,strided,1,8,5,5,0.5,0.019705
100000,100,74,1000,8000,strided,1,8,5,5,0.5,0.01965
100000,100,75,1000,8000,strided,1,8,5,5,0.5,0.019435
100000,100,76,1000,8000,strided,1,8,5,5,0.5,0.020124
100000,100,77,1000,8000,strided,1,8,5,5,0.5,0.019691
100000,100,78,1000,8000,strided,1,8,5,5,0.5,0.019908
100000,100,79,1000,8000,strided,1,8,5,5,0.5,0.019684
100000,100,80,1000,8000,strided,1,8,5,5,0.5,0.020038
100000,100,81,1000,8000,strided,1,8,5,5,0.5,0.019451
100000,100,82,1000,8000,strided,1,8,5,5,0.5,0.020204
100000,100,83,1000,8000,strided,1,8,5,5,0.5,0.020677
100000,100,84,1000,8000,strided,1,8,5,5,0.5,0.020156
100000,100,85,1000,8000,strided,1,8,5,5,0.5,0.019779
100000,100,86,1000,8000,strided,1,8,5,5,0.5,0.020203
100000,100,87,1000,8000,strided,1,8,5,5,0.5,0.020662
100000,100,88,1000,8000,strided,1,8,5,5,0.5,0.021096
100000,100,89,1000,8000,strided,1,8,5,5,0.5,0.020967
100000,100,90,1000,8000,strided,1,8,5,5,0.5,0.021057
100000,100,91,1000,8000,strided,1,8,5,5,0.5,0.020129
100000,100,92,1000,8000,strided,1,8,5,5,0.5,0.031605
100000,100,93,1000,8000,strided,1,8,5,5,0.5,0.031598
100000,100,94,1000,8000,strided,1,8,5,5,0.5,0.031772
100000,100,95,1000,8000,strided,1,8,5,5,0.5,0.03176
100000,100,96,1000,8000,strided,1,8,5,5,0.5,0.019962
100000,100,97,1000,8000,strided,1,8,5,5,0.5,0.020635
100000,100,98,1000,8000,strided,1,8,5,5,0.5,0.019401
100000,100,99,1000,8000,strided,1,8,5,5,0.5,0.019543
100000,100,0,1000,8000,random,2,1,1,1,0.1,0.05263
100000,100,1,1000,8000,random,2,1,1,1,0.1,0.047022
100000,100,2,1000,8000,random,2,1,1,1,0.1,0.047956
100000,100,3,1000,8000,random,2,1,1,1,0.1,0.046752
100000,100,4,1000,8000,random,2,1,1,1,0.1,0.057985
100000,100,5,1000,8000,random,2,1,1,1,0.1,0.047404
100000,100,6,1000,8000,random,2,1,1,1,0.1,0.046613
100000,100,7,1000,8000,random,2,1,1,1,0.1,0.046187
100000,100,8,1000,8000,random,2,1,1,1,0.1,0.046886
100000,100,9,1000,8000,random,2,1,1,1,0.1,0.046432
100000,100,10,1000,8000,random,2,1,1,1,0.1,0.047164
100000,100,11,1000,8000,random,2,1,1,1,0.1,0.047227
100000,100,12,1000,8000,random,2,1,1,1,0.1,0.047691
100000,100,13,1000,8000,random,2,1,1,1,0.1,0.046862
100000,100,14,1000,8000,random,2,1,1,1,0.1,0.046608
100000,100,15,1000,8000,random,2,1,1,1,0.1,0.045227
100000,100,16,1000,8000,random,2,1,1,1,0.1,0.047077
100000,100,17,1000,8000,random,2,1,1,1,0.1,0.047406
100000,100,18,1000,8000,random,2,1,1,1,0.1,0.046935
100000,100,19,1000,8000,random,2,1,1,1,0.1,0.046658
100000,100,20,1000,8000,random,2,1,1,1,0.1,0.046698
100000,100,21,1000,8000,random,2,1,1,1,0.1,0.046568
100000,100,22,1000,8000,random,2,1,1,1,0.1,0.047329
100000,100,23,1000,8000,random,2,1,1,1,0.1,0.046406
100000,100,24,1000,8000,random,2,1,1,1,0.1,0.04739
100000,100,25,1000,8000,random,2,1,1,1,0.1,0.047028
100000,100,26,1000,8000,random,2,1,1,1,0.1,0.047271
100000,100,27,1000,8000,random,2,1,1,1,0.1,0.046427
100000,100,28,1000,8000,random,2,1,1,1,0.1,0.046344
100000,100,29,1000,8000,random,2,1,1,1,0.1,0.046166
100000,100,30,1000,8000,random,2,1,1,1,0.1,0.046061
100000,100,31,1000,8000,random,2,1,1,1,0.1,0.047752
100000,100,32,1000,8000,random,2,1,1,1,0.1,0.047409
100000,100,33,1000,8000,random,2,1,1,1,0.1,0.047014
100000,100,34,1000,8000,random,2,1,1,1,0.1,0.046476
100000,100,35,1000,8000,random,2,1,1,1,0.1,0.046607
100000,100,36,1000,8000,random,2,1,1,1,0.1,0.046601
100000,100,37,1000,8000,random,2,1,1,1,0.1,0.047266
100000,100,38,1000,8000,random,2,1,1,1,0.1,0.046929
100000,100,39,1000,8000,random,2,1,1,1,0.1,0.046562
100000,100,40,1000,8000,random,2,1,1,1,0.1,0.046612
100000,100,41,1000,8000,random,2,1,1,1,0.1,0.046599
100000,100,42,1000,8000,random,2,1,1,1,0.1,0.046505
100000,100,43,1000,8000,random,2,1,1,1,0.1,0.047285
100000,100,44,1000,8000,random,2,1,1,1,0.1,0.046738
100000,100,45,1000,8000,random,2,1,1,1,0.1,0.048145
100000,100,46,1000,8000,random,2,1,1,1,0.1,0.048203
100000,100,47,1000,8000,random,2,1,1,1,0.1,0.046681
100000,100,48,1000,8000,random,2,1,1,1,0.1,0.046676
100000,100,49,1000,8000,random,2,1,1,1,0.1,0.047215
100000,100,50,1000,8000,random,2,1,1,1,0.1,0.046513
100000,100,51,1000,8000,random,2,1,1,1,0.1,0.046821
100000,100,52,1000,8000,random,2,1,1,1,0.1,0.046779
100000,100,53,1000,8000,random,2,1,1,1,0.1,0.04707
100000,100,54,1000,8000,random,2,1,1,1,0.1,0.045264
100000,100,55,1000,8000,random,2,1,1,1,0.1,0.046256
100000,100,56,1000,8000,random,2,1,1,1,0.1,0.047231
100000,100,57,1000,8000,random,2,1,1,1,0.1,0.046819
100000,100,58,1000,8000,random,2,1,1,1,0.1,0.054051
100000,100,59,1000,8000,random,2,1,1,1,0.1,0.05354
100000,100,60,1000,8000,random,2,1,1,1,0.1,0.04795
100000,100,61,1000,8000,random,2,1,1,1,0.1,0.047575
100000,100,62,1000,8000,random,2,1,1,1,0.1,0.047494
100000,100,63,1000,8000,random,2,1,1,1,0.1,0.04796
100000,100,64,1000,8000,random,2,1,1,1,0.1,0.048217
100000,100,65,1000,8000,random,2,1,1,1,0.1,0.052107
100000,100,66,1000,8000,random,2,1,1,1,0.1,0.052168
100000,100,67,1000,8000,random,2,1,1,1,0.1,0.048052
100000,100,68,1000,8000,random,2,1,1,1,0.1,0.046618
100000,100,69,1000,8000,random,2,1,1,1,0.1,0.048198
100000,100,70,1000,8000,random,2,1,1,1,0.1,0.047697
100000,100,71,1000,8000,random,2,1,1,1,0.1,0.052838
100000,100,72,1000,8000,random,2,1,1,1,0.1,0.052262
100000,100,73,1000,8000,random,2,1,1,1,0.1,0.05185
100000,100,74,1000,8000,random,2,1,1,1,0.1,0.047135
100000,100,75,1000,8000,random,2,1,1,1,0.1,0.046884
100000,100,76,1000,8000,random,2,1,1,1,0.1,0.047008
100000,100,77,1000,8000,random,2,1,1,1,0.1,0.047292
100000,100,78,1000,8000,random,2,1,1,1,0.1,0.047704
100000,100,79,1000,8000,random,2,1,1,1,0.1,0.045956
100000,100,80,1000,8000,random,2,1,1,1,0.1,0.046335
100000,100,81,1000,8000,random,2,1,1,1,0.1,0.047308
100000,100,82,1000,8000,random,2,1,1,1,0.1,0.047263
100000,100,83,1000,8000,random,2,1,1,1,0.1,0.046511
100000,100,84,1000,8000,random,2,1,1,1,0.1,0.046505
100000,100,85,1000,8000,random,2,1,1,1,0.1,0.04727
100000,100,86,1000,8000,random,2,1,1,1,0.1,0.04637
100000,100,87,1000,8000,random,2,1,1,1,0.1,0.048223
100000,100,88,1000,8000,random,2,1,1,1,0.1,0.046595
100000,100,89,1000,8000,random,2,1,1,1,0.1,0.04709
100000,100,90,1000,8000,random,2,1,1,1,0.1,0.046691
100000,100,91,1000,8000,random,2,1,1,1,0.1,0.047505
100000,100,92,1000,8000,random,2,1,1,1,0.1,0.047751
100000,100,93,1000,8000,random,2,1,1,1,0.1,0.047013
100000,100,94,1000,8000,random,2,1,1,1,0.1,0.046409
100000,100,95,1000,8000,random,2,1,1,1,0.1,0.046663
100000,100,96,1000,8000,random,2,1,1,1,0.1,0.048539
100000,100,97,1000,8000,random,2,1,1,1,0.1,0.048895
100000,100,98,1000,8000,random,2,1,1,1,0.1,0.046859
100000,100,99,1000,8000,random,2,1,1,1,0.1,0.047022
100000,100,0,1000,8000,random,2,1,5,5,0.1,0.058805
100000,100,1,1000,8000,random,2,1,5,5,0.1,0.058275
100000,100,2,1000,8000,random,2,1,5,5,0.1,0.057828
100000,100,3,1000,8000,random,2,1,5,5,0.1,0.058056
100000,100,4,1000,8000,random,2,1,5,5,0.1,0.058045
100000,100,5,1000,8000,random,2,1,5,5,0.1,0.05945
100000,100,6,1000,8000,random,2,1,5,5,0.1,0.058724
100000,100,7,1000,8000,random,2,1,5,5,0.1,0.058045
100000,100,8,1000,8000,random,2,1,5,5,0.1,0.057993
100000,100,9,1000,8000,random,2,1,5,5,0.1,0.057304
100000,100,10,1000,8000,random,2,1,5,5,0.1,0.057328
100000,100,11,1000,8000,random,2,1,5,5,0.1,0.058262
100000,100,12,1000,8000,random,2,1,5,5,0.1,0.057028
100000,100,13,1000,8000,random,2,1,5,5,0.1,0.057272
100000,100,14,1000,8000,random,2,1,5,5,0.1,0.057721
100000,100,15,1000,8000,random,2,1,5,5,0.1,0.059401
100000,100,16,1000,8000,random,2,1,5,5,0.1,0.058193
100000,100,17,1000,8000,random,2,1,5,5,0.1,0.058077
100000,100,18,1000,8000,random,2,1,5,5,0.1,0.057632
100000,100,19,1000,8000,random,2,1,5,5,0.1,0.057997
100000,100,20,1000,8000,random,2,1,5,5,0.1,0.058436
100000,100,21,1000,8000,random,2,1,5,5,0.1,0.05754
100000,100,22,1000,8000,random,2,1,5,5,0.1,0.059819
100000,100,23,1000,8000,random,2,1,5,5,0.1,0.057206
100000,100,24,1000,8000,random,2,1,5,5,0.1,0.058078
100000,100,25,1000,8000,random,2,1,5,5,0.1,0.057137
100000,100,26,1000,8000,random,2,1,5,5,0.1,0.057859
100000,100,27,1000,8000,random,2,1,5,5,0.1,0.060133
100000,100,28,1000,8000,random,2,1,5,5,0.1,0.058245
100000,100,29,1000,8000,random,2,1,5,5,0.1,0.057883
100000,100,30,1000,8000,random,2,1,5,5,0.1,0.058317
100000,100,31,1000,8000,random,2,1,5,5,0.1,0.057361
100000,100,32,1000,8000,random,2,1,5,5,0.1,0.057141
100000,100,33,1000,8000,random,2,1,5,5,0.1,0.057442
100000,100,34,1000,8000,random,2,1,5,5,0.1,0.05773
100000,100,35,1000,8000,random,2,1,5,5,0.1,0.057274
100000,100,36,1000,8000,random,2,1,5,5,0.1,0.057868
100000,100,37,1000,8000,random,2,1,5,5,0.1,0.058574
100000,100,38,1000,8000,random,2,1,5,5,0.1,0.059161
100000,100,39,1000,8000,random,2,1,5,5,0.1,0.059957
100000,100,40,1000,8000,random,2,1,5,5,0.1,0.060799
100000,100,41,1000,8000,random,2,1,5,5,0.1,0.058241
100000,100,42,1000,8000,random,2,1,5,5,0.1,0.058078
100000,100,43,1000,8000,random,2,1,5,5,0.1,0.058167
100000,100,44,1000,8000,random,2,1,5,5,0.1,0.059917
100000,100,45,1000,8000,random,2,1,5,5,0.1,0.057685
100000,100,46,1000,8000,random,2,1,5,5,0.1,0.057585
100000,100,47,1000,8000,random,2,1,5,5,0.1,0.05721
100000,100,48,1000,8000,random,2,1,5,5,0.1,0.059257
100000,100,49,1000,8000,random,2,1,5,5,0.1,0.058537
100000,100,50,1000,8000,random,2,1,5,5,0.1,0.059475
100000,100,51,1000,8000,random,2,1,5,5,0.1,0.059504
100000,100,52,1000,8000,random,2,1,5,5,0.1,0.057813
100000,100,53,1000,8000,random,2,1,5,5,0.1,0.058016
100000,100,54,1000,8000,random,2,1,5,5,0.1,0.057652
100000,100,55,1000,8000,random,2,1,5,5,0.1,0.057556
100000,100,56,1000,8000,random,2,1,5,5,0.1,0.05814
100000,100,57,1000,8000,random,2,1,5,5,0.1,0.057512
100000,100,58,1000,8000,random,2,1,5,5,0.1,0.057988
100000,100,59,1000,8000,random,2,1,5,5,0.1,0.058088
100000,100,60,1000,8000,random,2,1,5,5,0.1,0.057998
100000,100,61,1000,8000,random,2,1,5,5,0.1,0.057789
100000,100,62,1000,8000,random,2,1,5,5,0.1,0.05846
100000,100,63,1000,8000,random,2,1,5,5,0.1,0.057645
100000,100,64,1000,8000,random,2,1,5,5,0.1,0.057178
100000,100,65,1000,8000,random,2,1,5,5,0.1,0.057614
100000,100,66,1000,8000,random,2,1,5,5,0.1,0.058015
100000,100,67,1000,8000,random,2,1,5,5,0.1,0.05793
100000,100,68,1000,8000,random,2,1,5,5,0.1,0.058569
100000,100,69,1000,8000,random,2,1,5,5,0.1,0.090875
100000,100,70,1000,8000,random,2,1,5,5,0.1,0.087626
100000,100,71,1000,8000,random,2,1,5,5,0.1,0.056472
100000,100,72,1000,8000,random,2,1,5,5,0.1,0.05785
100000,100,73,1000,8000,random,2,1,5,5,0.1,0.058513
100000,100,74,1000,8000,random,2,1,5,5,0.1,0.05774
100000,100,75,1000,8000,random,2,1,5,5,0.1,0.057962
100000,100,76,1000,8000,random,2,1,5,5,0.1,0.060136
100000,100,77,1000,8000,random,2,1,5,5,0.1,0.058563
100000,100,78,1000,8000,random,2,1,5,5,0.1,0.059248
100000,100,79,1000,8000,random,2,1,5,5,0.1,0.058176
100000,100,80,1000,8000,random,2,1,5,5,0.1,0.058928
100000,100,81,1000,8000,random,2,1,5,5,0.1,0.05818
100000,100,82,1000,8000,random,2,1,5,5,0.1,0.059775
100000,100,83,1000,8000,random,2,1,5,5,0.1,0.058963
100000,100,84,1000,8000,random,2,1,5,5,0.1,0.057643
100000,100,85,1000,8000,random,2,1,5,5,0.1,0.057377
100000,100,86,1000,8000,random,2,1,5,5,0.1,0.058722
100000,100,87,1000,8000,random,2,1,5,5,0.1,0.057355
100000,100,88,1000,8000,random,2,1,5,5,0.1,0.05769
100000,100,89,1000,8000,random,2,1,5,5,0.1,0.057674
100000,100,90,1000,8000,random,2,1,5,5,0.1,0.057891
100000,100,91,1000,8000,random,2,1,5,5,0.1,0.057396
100000,100,92,1000,8000,random,2,1,5,5,0.1,0.057769
100000,100,93,1000,8000,random,2,1,5,5,0.1,0.057109
100000,100,94,1000,8000,random,2,1,5,5,0.1,0.057089
100000,100,95,1000,8000,random,2,1,5,5,0.1,0.057408
100000,100,96,1000,8000,random,2,1,5,5,0.1,0.058668
100000,100,97,1000,8000,random,2,1,5,5,0.1,0.058205
100000,100,98,1000,8000,random,2,1,5,5,0.1,0.057655
100000,100,99,1000,8000,random,2,1,5,5,0.1,0.056921
100000,500,0,200,1600,sequential,0,1,1,1,1,0.001135
100000,500,1,200,1600,sequential,0,1,1,1,1,0.001045
100000,500,2,200,1600,sequential,0,1,1,1,1,0.001169
100000,500,3,200,1600,sequential,0,1,1,1,1,0.001066
100000,500,4,200,1600,sequential,0,1,1,1,1,0.001073
100000,500,5,200,1600,sequential,0,1,1,1,1,0.001183
100000,500,6,200,1600,sequential,0,1,1,1,1,0.001135
100000,500,7,200,1600,sequential,0,1,1,1,1,0.00126
100000,500,8,200,1600,sequential,0,1,1,1,1,0.001132
100000,500,9,200,1600,sequential,0,1,1,1,1,0.001162
100000,500,10,200,1600,sequential,0,1,1,1,1,0.001316
100000,500,11,200,1600,sequential,0,1,1,1,1,0.001164
100000,500,12,200,1600,sequential,0,1,1,1,1,0.001177
100000,500,13,200,1600,sequential,0,1,1,1,1,0.001156
100000,500,14,200,1600,sequential,0,1,1,1,1,0.001122
100000,500,15,200,1600,sequential,0,1,1,1,1,0.001071
100000,500,16,200,1600,sequential,0,1,1,1,1,0.001092
100000,500,17,200,1600,sequential,0,1,1,1,1,0.00109
100000,500,18,200,1600,sequential,0,1,1,1,1,0.00104
100000,500,19,200,1600,sequential,0,1,1,1,1,0.001083
100000,500,20,200,1600,sequential,0,1,1,1,1,0.001072
100000,500,21,200,1600,sequential,0,1,1,1,1,0.001174
100000,500,22,200,1600,sequential,0,1,1,1,1,0.001169
100000,500,23,200,1600,sequential,0,1,1,1,1,0.00108
100000,500,24,200,1600,sequential,0,1,1,1,1,0.001181
100000,500,25,200,1600,sequential,0,1,1,1,1,0.001134
100000,500,26,200,1600,sequential,0,1,1,1,1,0.001069
100000,500,27,200,1600,sequential,0,1,1,1,1,0.001108
100000,500,28,200,1600,sequential,0,1,1,1,1,0.001269
100000,500,29,200,1600,sequential,0,1,1,1,1,0.001197
100000,500,30,200,1600,sequential,0,1,1,1,1,0.001234
100000,500,31,200,1600,sequential,0,1,1,1,1,0.001166
100000,500,32,200,1600,sequential,0,1,1,1,1,0.00118
100000,500,33,200,1600,sequential,0,1,1,1,1,0.001084
100000,500,34,200,1600,sequential,0,1,1,1,1,0.001041
100000,500,35,200,1600,sequential,0,1,1,1,1,0.001061
100000,500,36,200,1600,sequential,0,1,1,1,1,0.001054
100000,500,37,200,1600,sequential,0,1,1,1,1,0.00115
100000,500,38,200,1600,sequential,0,1,1,1,1,0.001175
100000,500,39,200,1600,sequential,0,1,1,1,1,0.0011
100000,500,40,200,1600,sequential,0,1,1,1,1,0.001034
100000,500,41,200,1600,sequential,0,1,1,1,1,0.00108
100000,500,42,200,1600,sequential,0,1,1,1,1,0.001079
100000,500,43,200,1600,sequential,0,1,1,1,1,0.001194
100000,500,44,200,1600,sequential,0,1,1,1,1,0.001081
100000,500,45,200,1600,sequential,0,1,1,1,1,0.001117
100000,500,46,200,1600,sequential,0,1,1,1,1,0.001107
100000,500,47,200,1600,sequential,0,1,1,1,1,0.001092
100000,500,48,200,1600,sequential,0,1,1,1,1,0.001154
100000,500,49,200,1600,sequential,0,1,1,1,1,0.00109
100000,500,50,200,1600,sequential,0,1,1,1,1,0.001276
100000,500,51,200,1600,sequential,0,1,1,1,1,0.001129
100000,500,52,200,1600,sequential,0,1,1,1,1,0.001138
100000,500,53,200,1600,sequential,0,1,1,1,1,0.00107
100000,500,54,200,1600,sequential,0,1,1,1,1,0.001075
100000,500,55,200,1600,sequential,0,1,1,1,1,0.001179
100000,500,56,200,1600,sequential,0,1,1,1,1,0.001126
100000,500,57,200,1600,sequential,0,1,1,1,1,0.001107
100000,500,58,200,1600,sequential,0,1,1,1,1,0.001107
100000,500,59,200,1600,sequential,0,1,1,1,1,0.00103
100000,500,60,200,1600,sequential,0,1,1,1,1,0.001022
100000,500,61,200,1600,sequential,0,1,1,1,1,0.001075
100000,500,62,200,1600,sequential,0,1,1,1,1,0.001083
100000,500,63,200,1600,sequential,0,1,1,1,1,0.001188
100000,500,64,200,1600,sequential,0,1,1,1,1,0.001012
100000,500,65,200,1600,sequential,0,1,1,1,1,0.001069
100000,500,66,200,1600,sequential,0,1,1,1,1,0.001007
100000,500,67,200,1600,sequential,0,1,1,1,1,0.001005
100000,500,68,200,1600,sequential,0,1,1,1,1,0.001015
100000,500,69,200,1600,sequential,0,1,1,1,1,0.001011
100000,500,70,200,1600,sequential,0,1,1,1,1,0.00101
100000,500,71,200,1600,sequential,0,1,1,1,1,0.001022
100000,500,72,200,1600,sequential,0,1,1,1,1,0.000986
100000,500,73,200,1600,sequential,0,1,1,1,1,0.000996
100000,500,74,200,1600,sequential,0,1,1,1,1,0.000996
100000,500,75,200,1600,sequential,0,1,1,1,1,0.001028
100000,500,76,200,1600,sequential,0,1,1,1,1,0.001193
100000,500,77,200,1600,sequential,0,1,1,1,1,0.000995
100000,500,78,200,1600,sequential,0,1,1,1,1,0.001021
100000,500,79,200,1600,sequential,0,1,1,1,1,0.001146
100000,500,80,200,1600,sequential,0,1,1,1,1,0.000968
100000,500,81,200,1600,sequential,0,1,1,1,1,0.001183
100000,500,82,200,1600,sequential,0,1,1,1,1,0.001002
100000,500,83,200,1600,sequential,0,1,1,1,1,0.001011
100000,500,84,200,1600,sequential,0,1,1,1,1,0.001052
100000,500,85,200,1600,sequential,0,1,1,1,1,0.001052
100000,500,86,200,1600,sequential,0,1,1,1,1,0.001007
100000,500,87,200,1600,sequential,0,1,1,1,1,0.001029
100000,500,88,200,1600,sequential,0,1,1,1,1,0.001093
100000,500,89,200,1600,sequential,0,1,1,1,1,0.001066
100000,500,90,200,1600,sequential,0,1,1,1,1,0.001102
100000,500,91,200,1600,sequential,0,1,1,1,1,0.001079
100000,500,92,200,1600,sequential,0,1,1,1,1,0.001098
100000,500,93,200,1600,sequential,0,1,1,1,1,0.001096
100000,500,94,200,1600,sequential,0,1,1,1,1,0.001065
100000,500,95,200,1600,sequential,0,1,1,1,1,0.00105
100000,500,96,200,1600,sequential,0,1,1,1,1,0.001116
100000,500,97,200,1600,sequential,0,1,1,1,1,0.001033
100000,500,98,200,1600,sequential,0,1,1,1,1,0.001013
100000,500,99,200,1600,sequential,0,1,1,1,1,0.001031
100000,500,100,200,1600,sequential,0,1,1,1,1,0.00106
100000,500,101,200,1600,sequential,0,1,1,1,1,0.001031
100000,500,102,200,1600,sequential,0,1,1,1,1,0.001071
100000,500,103,200,1600,sequential,0,1,1,1,1,0.001162
100000,500,104,200,1600,sequential,0,1,1,1,1,0.001052
100000,500,105,200,1600,sequential,0,1,1,1,1,0.001036
100000,500,106,200,1600,sequential,0,1,1,1,1,0.001105
100000,500,107,200,1600,sequential,0,1,1,1,1,0.001134
100000,500,108,200,1600,sequential,0,1,1,1,1,0.001161
100000,500,109,200,1600,sequential,0,1,1,1,1,0.001237
100000,500,110,200,1600,sequential,0,1,1,1,1,0.001108
100000,500,111,200,1600,sequential,0,1,1,1,1,0.001167
100000,500,112,200,1600,sequential,0,1,1,1,1,0.001162
100000,500,113,200,1600,sequential,0,1,1,1,1,0.001108
100000,500,114,200,1600,sequential,0,1,1,1,1,0.001145
100000,500,115,200,1600,sequential,0,1,1,1,1,0.00109
100000,500,116,200,1600,sequential,0,1,1,1,1,0.001126
100000,500,117,200,1600,sequential,0,1,1,1,1,0.001123
100000,500,118,200,1600,sequential,0,1,1,1,1,0.001111
100000,500,119,200,1600,sequential,0,1,1,1,1,0.001089
100000,500,120,200,1600,sequential,0,1,1,1,1,0.001084
100000,500,121,200,1600,sequential,0,1,1,1,1,0.001084
100000,500,122,200,1600,sequential,0,1,1,1,1,0.001074
100000,500,123,200,1600,sequential,0,1,1,1,1,0.001066
100000,500,124,200,1600,sequential,0,1,1,1,1,0.001022
100000,500,125,200,1600,sequential,0,1,1,1,1,0.001053
100000,500,126,200,1600,sequential,0,1,1,1,1,0.001234
100000,500,127,200,1600,sequential,0,1,1,1,1,0.00116
100000,500,128,200,1600,sequential,0,1,1,1,1,0.001134
100000,500,129,200,1600,sequential,0,1,1,1,1,0.00101
100000,500,130,200,1600,sequential,0,1,1,1,1,0.001058
100000,500,131,200,1600,sequential,0,1,1,1,1,0.001042
100000,500,132,200,1600,sequential,0,1,1,1,1,0.001182
100000,500,133,200,1600,sequential,0,1,1,1,1,0.001016
100000,500,134,200,1600,sequential,0,1,1,1,1,0.001029
100000,500,135,200,1600,sequential,0,1,1,1,1,0.001039
100000,500,136,200,1600,sequential,0,1,1,1,1,0.001018
100000,500,137,200,1600,sequential,0,1,1,1,1,0.001048
100000,500,138,200,1600,sequential,0,1,1,1,1,0.00104
100000,500,139,200,1600,sequential,0,1,1,1,1,0.001026
100000,500,140,200,1600,sequential,0,1,1,1,1,0.001028
100000,500,141,200,1600,sequential,0,1,1,1,1,0.001063
100000,500,142,200,1600,sequential,0,1,1,1,1,0.001052
100000,500,143,200,1600,sequential,0,1,1,1,1,0.001031
100000,500,144,200,1600,sequential,0,1,1,1,1,0.001049
100000,500,145,200,1600,sequential,0,1,1,1,1,0.001138
100000,500,146,200,1600,sequential,0,1,1,1,1,0.001113
100000,500,147,200,1600,sequential,0,1,1,1,1,0.001156
100000,500,148,200,1600,sequential,0,1,1,1,1,0.001112
100000,500,149,200,1600,sequential,0,1,1,1,1,0.001138
100000,500,150,200,1600,sequential,0,1,1,1,1,0.001156
100000,500,151,200,1600,sequential,0,1,1,1,1,0.001043
100000,500,152,200,1600,sequential,0,1,1,1,1,0.001088
100000,500,153,200,1600,sequential,0,1,1,1,1,0.001052
100000,500,154,200,1600,sequential,0,1,1,1,1,0.00104
100000,500,155,200,1600,sequential,0,1,1,1,1,0.001033
100000,500,156,200,1600,sequential,0,1,1,1,1,0.001025
100000,500,157,200,1600,sequential,0,1,1,1,1,0.001107
100000,500,158,200,1600,sequential,0,1,1,1,1,0.001053
100000,500,159,200,1600,sequential,0,1,1,1,1,0.001061
100000,500,160,200,1600,sequential,0,1,1,1,1,0.001074
100000,500,161,200,1600,sequential,0,1,1,1,1,0.000992
100000,500,162,200,1600,sequential,0,1,1,1,1,0.001052
100000,500,163,200,1600,sequential,0,1,1,1,1,0.00117
100000,500,164,200,1600,sequential,0,1,1,1,1,0.000986
100000,500,165,200,1600,sequential,0,1,1,1,1,0.000986
100000,500,166,200,1600,sequential,0,1,1,1,1,0.001219
100000,500,167,200,1600,sequential,0,1,1,1,1,0.001052
100000,500,168,200,1600,sequential,0,1,1,1,1,0.001007
100000,500,169,200,1600,sequential,0,1,1,1,1,0.001034
100000,500,170,200,1600,sequential,0,1,1,1,1,0.001007
100000,500,171,200,1600,sequential,0,1,1,1,1,0.001035
100000,500,172,200,1600,sequential,0,1,1,1,1,0.001012
100000,500,173,200,1600,sequential,0,1,1,1,1,0.001005
100000,500,174,200,1600,sequential,0,1,1,1,1,0.001017
100000,500,175,200,1600,sequential,0,1,1,1,1,0.001068
100000,500,176,200,1600,sequential,0,1,1,1,1,0.001066
100000,500,177,200,1600,sequential,0,1,1,1,1,0.001064
100000,500,178,200,1600,sequential,0,1,1,1,1,0.000981
100000,500,179,200,1600,sequential,0,1,1,1,1,0.000999
100000,500,180,200,1600,sequential,0,1,1,1,1,0.001345
100000,500,181,200,1600,sequential,0,1,1,1,1,0.001093
100000,500,182,200,1600,sequential,0,1,1,1,1,0.00111
100000,500,183,200,1600,sequential,0,1,1,1,1,0.001082
100000,500,184,200,1600,sequential,0,1,1,1,1,0.001089
100000,500,185,200,1600,sequential,0,1,1,1,1,0.001064
100000,500,186,200,1600,sequential,0,1,1,1,1,0.001073
100000,500,187,200,1600,sequential,0,1,1,1,1,0.001039
100000,500,188,200,1600,sequential,0,1,1,1,1,0.001048
100000,500,189,200,1600,sequential,0,1,1,1,1,0.001003
100000,500,190,200,1600,sequential,0,1,1,1,1,0.001031
100000,500,191,200,1600,sequential,0,1,1,1,1,0.001044
100000,500,192,200,1600,sequential,0,1,1,1,1,0.001032
100000,500,193,200,1600,sequential,0,1,1,1,1,0.001024
100000,500,194,200,1600,sequential,0,1,1,1,1,0.001213
100000,500,195,200,1600,sequential,0,1,1,1,1,0.001025
100000,500,196,200,1600,sequential,0,1,1,1,1,0.001028
100000,500,197,200,1600,sequential,0,1,1,1,1,0.001021
100000,500,198,200,1600,sequential,0,1,1,1,1,0.001015
100000,500,199,200,1600,sequential,0,1,1,1,1,0.001037
100000,500,200,200,1600,sequential,0,1,1,1,1,0.00102
100000,500,201,200,1600,sequential,0,1,1,1,1,0.001027
100000,500,202,200,1600,sequential,0,1,1,1,1,0.001048
100000,500,203,200,1600,sequential,0,1,1,1,1,0.001006
100000,500,204,200,1600,sequential,0,1,1,1,1,0.001014
100000,500,205,200,1600,sequential,0,1,1,1,1,0.001131
100000,500,206,200,1600,sequential,0,1,1,1,1,0.001058
100000,500,207,200,1600,sequential,0,1,1,1,1,0.001051
100000,500,208,200,1600,sequential,0,1,1,1,1,0.001052
100000,500,209,200,1600,sequential,0,1,1,1,1,0.001061
100000,500,210,200,1600,sequential,0,1,1,1,1,0.001055
100000,500,211,200,1600,sequential,0,1,1,1,1,0.001043
100000,500,212,200,1600,sequential,0,1,1,1,1,0.001092
100000,500,213,200,1600,sequential,0,1,1,1,1,0.001137
100000,500,214,200,1600,sequential,0,1,1,1,1,0.001122
100000,500,215,200,1600,sequential,0,1,1,1,1,0.001116
100000,500,216,200,1600,sequential,0,1,1,1,1,0.00111
100000,500,217,200,1600,sequential,0,1,1,1,1,0.001086
100000,500,218,200,1600,sequential,0,1,1,1,1,0.001117
100000,500,219,200,1600,sequential,0,1,1,1,1,0.001124
100000,500,220,200,1600,sequential,0,1,1,1,1,0.001021
100000,500,221,200,1600,sequential,0,1,1,1,1,0.001044
100000,500,222,200,1600,sequential,0,1,1,1,1,0.001058
100000,500,223,200,1600,sequential,0,1,1,1,1,0.001061
100000,500,224,200,1600,sequential,0,1,1,1,1,0.001026
100000,500,225,200,1600,sequential,0,1,1,1,1,0.001026
100000,500,226,200,1600,sequential,0,1,1,1,1,0.001094
100000,500,227,200,1600,sequential,0,1,1,1,1,0.001109
100000,500,228,200,1600,sequential,0,1,1,1,1,0.001018
100000,500,229,200,1600,sequential,0,1,1,1,1,0.001005
100000,500,230,200,1600,sequential,0,1,1,1,1,0.001117
100000,500,231,200,1600,sequential,0,1,1,1,1,0.001058
100000,500,232,200,1600,sequential,0,1,1,1,1,0.001062
100000,500,233,200,1600,sequential,0,1,1,1,1,0.001056
100000,500,234,200,1600,sequential,0,1,1,1,1,0.001106
100000,500,235,200,1600,sequential,0,1,1,1,1,0.001068
100000,500,236,200,1600,sequential,0,1,1,1,1,0.001061
100000,500,237,200,1600,sequential,0,1,1,1,1,0.001069
100000,500,238,200,1600,sequential,0,1,1,1,1,0.001117
100000,500,239,200,1600,sequential,0,1,1,1,1,0.001073
100000,500,240,200,1600,sequential,0,1,1,1,1,0.001123
100000,500,241,200,1600,sequential,0,1,1,1,1,0.00109
100000,500,242,200,1600,sequential,0,1,1,1,1,0.0011
100000,500,243,200,1600,sequential,0,1,1,1,1,0.001117
100000,500,244,200,1600,sequential,0,1,1,1,1,0.001055
100000,500,245,200,1600,sequential,0,1,1,1,1,0.001084
100000,500,246,200,1600,sequential,0,1,1,1,1,0.001045
100000,500,247,200,1600,sequential,0,1,1,1,1,0.001078
100000,500,248,200,1600,sequential,0,1,1,1,1,0.001063
100000,500,249,200,1600,sequential,0,1,1,1,1,0.001065
100000,500,250,200,1600,sequential,0,1,1,1,1,0.001034
100000,500,251,200,1600,sequential,0,1,1,1,1,0.00113
100000,500,252,200,1600,sequential,0,1,1,1,1,0.001123
100000,500,253,200,1600,sequential,0,1,1,1,1,0.001166
100000,500,254,200,1600,sequential,0,1,1,1,1,0.001173
100000,500,255,200,1600,sequential,0,1,1,1,1,0.001157
100000,500,256,200,1600,sequential,0,1,1,1,1,0.001089
100000,500,257,200,1600,sequential,0,1,1,1,1,0.001099
100000,500,258,200,1600,sequential,0,1,1,1,1,0.001115
100000,500,259,200,1600,sequential,0,1,1,1,1,0.001133
100000,500,260,200,1600,sequential,0,1,1,1,1,0.001126
100000,500,261,200,1600,sequential,0,1,1,1,1,0.001188
100000,500,262,200,1600,sequential,0,1,1,1,1,0.001089
100000,500,263,200,1600,sequential,0,1,1,1,1,0.001023
100000,500,264,200,1600,sequential,0,1,1,1,1,0.001016
100000,500,265,200,1600,sequential,0,1,1,1,1,0.001006
100000,500,266,200,1600,sequential,0,1,1,1,1,0.000997
100000,500,267,200,1600,sequential,0,1,1,1,1,0.000996
100000,500,268,200,1600,sequential,0,1,1,1,1,0.001053
100000,500,269,200,1600,sequential,0,1,1,1,1,0.001012
100000,500,270,200,1600,sequential,0,1,1,1,1,0.00098
100000,500,271,200,1600,sequential,0,1,1,1,1,0.000995
100000,500,272,200,1600,sequential,0,1,1,1,1,0.001022
100000,500,273,200,1600,sequential,0,1,1,1,1,0.001045
100000,500,274,200,1600,sequential,0,1,1,1,1,0.001084
100000,500,275,200,1600,sequential,0,1,1,1,1,0.001104
100000,500,276,200,1600,sequential,0,1,1,1,1,0.001079
100000,500,277,200,1600,sequential,0,1,1,1,1,0.001116
100000,500,278,200,1600,sequential,0,1,1,1,1,0.001108
100000,500,279,200,1600,sequential,0,1,1,1,1,0.001097
100000,500,280,200,1600,sequential,0,1,1,1,1,0.001111
100000,500,281,200,1600,sequential,0,1,1,1,1,0.001027
100000,500,282,200,1600,sequential,0,1,1,1,1,0.00102
100000,500,283,200,1600,sequential,0,1,1,1,1,0.001017
100000,500,284,200,1600,sequential,0,1,1,1,1,0.001036
100000,500,285,200,1600,sequential,0,1,1,1,1,0.001018
100000,500,286,200,1600,sequential,0,1,1,1,1,0.00105
100000,500,287,200,1600,sequential,0,1,1,1,1,0.001027
100000,500,288,200,1600,sequential,0,1,1,1,1,0.001045
100000,500,289,200,1600,sequential,0,1,1,1,1,0.001036
100000,500,290,200,1600,sequential,0,1,1,1,1,0.001019
100000,500,291,200,1600,sequential,0,1,1,1,1,0.00102
100000,500,292,200,1600,sequential,0,1,1,1,1,0.001054
100000,500,293,200,1600,sequential,0,1,1,1,1,0.001004
100000,500,294,200,1600,sequential,0,1,1,1,1,0.001044
100000,500,295,200,1600,sequential,0,1,1,1,1,0.001045
100000,500,296,200,1600,sequential,0,1,1,1,1,0.001191
100000,500,297,200,1600,sequential,0,1,1,1,1,0.001045
100000,500,298,200,1600,sequential,0,1,1,1,1,0.001083
100000,500,299,200,1600,sequential,0,1,1,1,1,0.001157
100000,500,300,200,1600,sequential,0,1,1,1,1,0.001008
100000,500,301,200,1600,sequential,0,1,1,1,1,0.001368
100000,500,302,200,1600,sequential,0,1,1,1,1,0.001367
100000,500,303,200,1600,sequential,0,1,1,1,1,0.001015
100000,500,304,200,1600,sequential,0,1,1,1,1,0.001047
100000,500,305,200,1600,sequential,0,1,1,1,1,0.001032
100000,500,306,200,1600,sequential,0,1,1,1,1,0.001021
100000,500,307,200,1600,sequential,0,1,1,1,1,0.001029
100000,500,308,200,1600,sequential,0,1,1,1,1,0.001011
100000,500,309,200,1600,sequential,0,1,1,1,1,0.001032
100000,500,310,200,1600,sequential,0,1,1,1,1,0.001019
100000,500,311,200,1600,sequential,0,1,1,1,1,0.001066
100000,500,312,200,1600,sequential,0,1,1,1,1,0.001054
100000,500,313,200,1600,sequential,0,1,1,1,1,0.001014
100000,500,314,200,1600,sequential,0,1,1,1,1,0.001034
100000,500,315,200,1600,sequential,0,1,1,1,1,0.001043
100000,500,316,200,1600,sequential,0,1,1,1,1,0.001032
100000,500,317,200,1600,sequential,0,1,1,1,1,0.001082
100000,500,318,200,1600,sequential,0,1,1,1,1,0.001071
100000,500,319,200,1600,sequential,0,1,1,1,1,0.001097
100000,500,320,200,1600,sequential,0,1,1,1,1,0.001071
100000,500,321,200,1600,sequential,0,1,1,1,1,0.0011
100000,500,322,200,1600,sequential,0,1,1,1,1,0.001097
100000,500,323,200,1600,sequential,0,1,1,1,1,0.001064
100000,500,324,200,1600,sequential,0,1,1,1,1,0.00103
100000,500,325,200,1600,sequential,0,1,1,1,1,0.000997
100000,500,326,200,1600,sequential,0,1,1,1,1,0.001018
100000,500,327,200,1600,sequential,0,1,1,1,1,0.001031
100000,500,328,200,1600,sequential,0,1,1,1,1,0.001005
100000,500,329,200,1600,sequential,0,1,1,1,1,0.001013
100000,500,330,200,1600,sequential,0,1,1,1,1,0.001115
100000,500,331,200,1600,sequential,0,1,1,1,1,0.001123
100000,500,332,200,1600,sequential,0,1,1,1,1,0.001119
100000,500,333,200,1600,sequential,0,1,1,1,1,0.001089
100000,500,334,200,1600,sequential,0,1,1,1,1,0.001078
100000,500,335,200,1600,sequential,0,1,1,1,1,0.001091
100000,500,336,200,1600,sequential,0,1,1,1,1,0.001082
100000,500,337,200,1600,sequential,0,1,1,1,1,0.00112
100000,500,338,200,1600,sequential,0,1,1,1,1,0.001107
100000,500,339,200,1600,sequential,0,1,1,1,1,0.001117
100000,500,340,200,1600,sequential,0,1,1,1,1,0.001036
100000,500,341,200,1600,sequential,0,1,1,1,1,0.001018
100000,500,342,200,1600,sequential,0,1,1,1,1,0.00106
100000,500,343,200,1600,sequential,0,1,1,1,1,0.001024
100000,500,344,200,1600,sequential,0,1,1,1,1,0.001034
100000,500,345,200,1600,sequential,0,1,1,1,1,0.001033
100000,500,346,200,1600,sequential,0,1,1,1,1,0.001012
100000,500,347,200,1600,sequential,0,1,1,1,1,0.00105
100000,500,348,200,1600,sequential,0,1,1,1,1,0.001039
100000,500,349,200,1600,sequential,0,1,1,1,1,0.001031
100000,500,350,200,1600,sequential,0,1,1,1,1,0.001065
100000,500,351,200,1600,sequential,0,1,1,1,1,0.001006
100000,500,352,200,1600,sequential,0,1,1,1,1,0.001031
100000,500,353,200,1600,sequential,0,1,1,1,1,0.001
100000,500,354,200,1600,sequential,0,1,1,1,1,0.001004
100000,500,355,200,1600,sequential,0,1,1,1,1,0.001068
100000,500,356,200,1600,sequential,0,1,1,1,1,0.001079
100000,500,357,200,1600,sequential,0,1,1,1,1,0.001065
100000,500,358,200,1600,sequential,0,1,1,1,1,0.001089
100000,500,359,200,1600,sequential,0,1,1,1,1,0.00108
100000,500,360,200,1600,sequential,0,1,1,1,1,0.001067
100000,500,361,200,1600,sequential,0,1,1,1,1,0.001003
100000,500,362,200,1600,sequential,0,1,1,1,1,0.001101
100000,500,363,200,1600,sequential,0,1,1,1,1,0.0011
100000,500,364,200,1600,sequential,0,1,1,1,1,0.001053
100000,500,365,200,1600,sequential,0,1,1,1,1,0.001028
100000,500,366,200,1600,sequential,0,1,1,1,1,0.001076
100000,500,367,200,1600,sequential,0,1,1,1,1,0.001081
100000,500,368,200,1600,sequential,0,1,1,1,1,0.000997
100000,500,369,200,1600,sequential,0,1,1,1,1,0.001006
100000,500,370,200,1600,sequential,0,1,1,1,1,0.001081
100000,500,371,200,1600,sequential,0,1,1,1,1,0.001047
100000,500,372,200,1600,sequential,0,1,1,1,1,0.001
100000,500,373,200,1600,sequential,0,1,1,1,1,0.001032
100000,500,374,200,1600,sequential,0,1,1,1,1,0.000973
100000,500,375,200,1600,sequential,0,1,1,1,1,0.001059
100000,500,376,200,1600,sequential,0,1,1,1,1,0.000995
100000,500,377,200,1600,sequential,0,1,1,1,1,0.000984
100000,500,378,200,1600,sequential,0,1,1,1,1,0.001126
100000,500,379,200,1600,sequential,0,1,1,1,1,0.001037
100000,500,380,200,1600,sequential,0,1,1,1,1,0.001125
100000,500,381,200,1600,sequential,0,1,1,1,1,0.001111
100000,500,382,200,1600,sequential,0,1,1,1,1,0.001114
100000,500,383,200,1600,sequential,0,1,1,1,1,0.001095
100000,500,384,200,1600,sequential,0,1,1,1,1,0.00111
100000,500,385,200,1600,sequential,0,1,1,1,1,0.001096
100000,500,386,200,1600,sequential,0,1,1,1,1,0.00107
100000,500,387,200,1600,sequential,0,1,1,1,1,0.001085
100000,500,388,200,1600,sequential,0,1,1,1,1,0.001092
100000,500,389,200,1600,sequential,0,1,1,1,1,0.001076
100000,500,390,200,1600,sequential,0,1,1,1,1,0.001096
100000,500,391,200,1600,sequential,0,1,1,1,1,0.00106
100000,500,392,200,1600,sequential,0,1,1,1,1,0.001075
100000,500,393,200,1600,sequential,0,1,1,1,1,0.001089
100000,500,394,200,1600,sequential,0,1,1,1,1,0.001041
100000,500,395,200,1600,sequential,0,1,1,1,1,0.001032
100000,500,396,200,1600,sequential,0,1,1,1,1,0.001062
100000,500,397,200,1600,sequential,0,1,1,1,1,0.001047
100000,500,398,200,1600,sequential,0,1,1,1,1,0.000997
100000,500,399,200,1600,sequential,0,1,1,1,1,0.001022
100000,500,400,200,1600,sequential,0,1,1,1,1,0.00102
100000,500,401,200,1600,sequential,0,1,1,1,1,0.00103
100000,500,402,200,1600,sequential,0,1,1,1,1,0.00101
100000,500,403,200,1600,sequential,0,1,1,1,1,0.001025
100000,500,404,200,1600,sequential,0,1,1,1,1,0.001107
100000,500,405,200,1600,sequential,0,1,1,1,1,0.001117
100000,500,406,200,1600,sequential,0,1,1,1,1,0.001227
100000,500,407,200,1600,sequential,0,1,1,1,1,0.001081
100000,500,408,200,1600,sequential,0,1,1,1,1,0.001123
100000,500,409,200,1600,sequential,0,1,1,1,1,0.001082
100000,500,410,200,1600,sequential,0,1,1,1,1,0.001082
100000,500,411,200,1600,sequential,0,1,1,1,1,0.001018
100000,500,412,200,1600,sequential,0,1,1,1,1,0.001046
100000,500,413,200,1600,sequential,0,1,1,1,1,0.00104
100000,500,414,200,1600,sequential,0,1,1,1,1,0.001054
100000,500,415,200,1600,sequential,0,1,1,1,1,0.00102
100000,500,416,200,1600,sequential,0,1,1,1,1,0.001028
100000,500,417,200,1600,sequential,0,1,1,1,1,0.001014
100000,500,418,200,1600,sequential,0,1,1,1,1,0.001033
100000,500,419,200,1600,sequential,0,1,1,1,1,0.001011
100000,500,420,200,1600,sequential,0,1,1,1,1,0.00103
100000,500,421,200,1600,sequential,0,1,1,1,1,0.001021
100000,500,422,200,1600,sequential,0,1,1,1,1,0.001033
100000,500,423,200,1600,sequential,0,1,1,1,1,0.001052
100000,500,424,200,1600,sequential,0,1,1,1,1,0.001028
100000,500,425,200,1600,sequential,0,1,1,1,1,0.001046
100000,500,426,200,1600,sequential,0,1,1,1,1,0.001023
100000,500,427,200,1600,sequential,0,1,1,1,1,0.001054
100000,500,428,200,1600,sequential,0,1,1,1,1,0.001056
100000,500,429,200,1600,sequential,0,1,1,1,1,0.001042
100000,500,430,200,1600,sequential,0,1,1,1,1,0.001416
100000,500,431,200,1600,sequential,0,1,1,1,1,0.001419
100000,500,432,200,1600,sequential,0,1,1,1,1,0.001408
100000,500,433,200,1600,sequential,0,1,1,1,1,0.001455
100000,500,434,200,1600,sequential,0,1,1,1,1,0.00143
100000,500,435,200,1600,sequential,0,1,1,1,1,0.001411
100000,500,436,200,1600,sequential,0,1,1,1,1,0.001014
100000,500,437,200,1600,sequential,0,1,1,1,1,0.001048
100000,500,438,200,1600,sequential,0,1,1,1,1,0.001029
100000,500,439,200,1600,sequential,0,1,1,1,1,0.001041
100000,500,440,200,1600,sequential,0,1,1,1,1,0.000999
100000,500,441,200,1600,sequential,0,1,1,1,1,0.001005
100000,500,442,200,1600,sequential,0,1,1,1,1,0.001118
100000,500,443,200,1600,sequential,0,1,1,1,1,0.001083
100000,500,444,200,1600,sequential,0,1,1,1,1,0.001078
100000,500,445,200,1600,sequential,0,1,1,1,1,0.001099
100000,500,446,200,1600,sequential,0,1,1,1,1,0.001101
100000,500,447,200,1600,sequential,0,1,1,1,1,0.001206
100000,500,448,200,1600,sequential,0,1,1,1,1,0.001075
100000,500,449,200,1600,sequential,0,1,1,1,1,0.001046
100000,500,450,200,1600,sequential,0,1,1,1,1,0.001063
100000,500,451,200,1600,sequential,0,1,1,1,1,0.001039
100000,500,452,200,1600,sequential,0,1,1,1,1,0.001051
100000,500,453,200,1600,sequential,0,1,1,1,1,0.00106
100000,500,454,200,1600,sequential,0,1,1,1,1,0.001067
100000,500,455,200,1600,sequential,0,1,1,1,1,0.001033
100000,500,456,200,1600,sequential,0,1,1,1,1,0.001045
100000,500,457,200,1600,sequential,0,1,1,1,1,0.001036
100000,500,458,200,1600,sequential,0,1,1,1,1,0.001021
100000,500,459,200,1600,sequential,0,1,1,1,1,0.00103
100000,500,460,200,1600,sequential,0,1,1,1,1,0.001051
100000,500,461,200,1600,sequential,0,1,1,1,1,0.001007
100000,500,462,200,1600,sequential,0,1,1,1,1,0.001026
100000,500,463,200,1600,sequential,0,1,1,1,1,0.001019
100000,500,464,200,1600,sequential,0,1,1,1,1,0.001033
100000,500,465,200,1600,sequential,0,1,1,1,1,0.00119
100000,500,466,200,1600,sequential,0,1,1,1,1,0.001012
100000,500,467,200,1600,sequential,0,1,1,1,1,0.001014
100000,500,468,200,1600,sequential,0,1,1,1,1,0.001007
100000,500,469,200,1600,sequential,0,1,1,1,1,0.001045
100000,500,470,200,1600,sequential,0,1,1,1,1,0.001024
100000,500,471,200,1600,sequential,0,1,1,1,1,0.001065
100000,500,472,200,1600,sequential,0,1,1,1,1,0.001069
100000,500,473,200,1600,sequential,0,1,1,1,1,0.001033
100000,500,474,200,1600,sequential,0,1,1,1,1,0.001019
100000,500,475,200,1600,sequential,0,1,1,1,1,0.001055
100000,500,476,200,1600,sequential,0,1,1,1,1,0.001023
100000,500,477,200,1600,sequential,0,1,1,1,1,0.001017
100000,500,478,200,1600,sequential,0,1,1,1,1,0.001037
100000,500,479,200,1600,sequential,0,1,1,1,1,0.001022
100000,500,480,200,1600,sequential,0,1,1,1,1,0.001027
100000,500,481,200,1600,sequential,0,1,1,1,1,0.001032
100000,500,482,200,1600,sequential,0,1,1,1,1,0.001022
100000,500,483,200,1600,sequential,0,1,1,1,1,0.001017
100000,500,484,200,1600,sequential,0,1,1,1,1,0.001054
100000,500,485,200,1600,sequential,0,1,1,1,1,0.001078
100000,500,486,200,1600,sequential,0,1,1,1,1,0.001075
100000,500,487,200,1600,sequential,0,1,1,1,1,0.001096
100000,500,488,200,1600,sequential,0,1,1,1,1,0.00108
100000,500,489,200,1600,sequential,0,1,1,1,1,0.001062
100000,500,490,200,1600,sequential,0,1,1,1,1,0.001084
100000,500,491,200,1600,sequential,0,1,1,1,1,0.001021
100000,500,492,200,1600,sequential,0,1,1,1,1,0.001067
100000,500,493,200,1600,sequential,0,1,1,1,1,0.001088
100000,500,494,200,1600,sequential,0,1,1,1,1,0.0011
100000,500,495,200,1600,sequential,0,1,1,1,1,0.00109
100000,500,496,200,1600,sequential,0,1,1,1,1,0.001074
100000,500,497,200,1600,sequential,0,1,1,1,1,0.001013
100000,500,498,200,1600,sequential,0,1,1,1,1,0.001011
100000,500,499,200,1600,sequential,0,1,1,1,1,0.001012
100000,500,0,200,1600,sequential,0,1,5,5,1,0.003548
100000,500,1,200,1600,sequential,0,1,5,5,1,0.00349
100000,500,2,200,1600,sequential,0,1,5,5,1,0.003595
100000,500,3,200,1600,sequential,0,1,5,5,1,0.0036
100000,500,4,200,1600,sequential,0,1,5,5,1,0.003538
100000,500,5,200,1600,sequential,0,1,5,5,1,0.003593
100000,500,6,200,1600,sequential,0,1,5,5,1,0.003579
100000,500,7,200,1600,sequential,0,1,5,5,1,0.003622
100000,500,8,200,1600,sequential,0,1,5,5,1,0.003586
100000,500,9,200,1600,sequential,0,1,5,5,1,0.003568
100000,500,10,200,1600,sequential,0,1,5,5,1,0.003566
100000,500,11,200,1600,sequential,0,1,5,5,1,0.003521
100000,500,12,200,1600,sequential,0,1,5,5,1,0.003554
100000,500,13,200,1600,sequential,0,1,5,5,1,0.003571
100000,500,14,200,1600,sequential,0,1,5,5,1,0.003581
100000,500,15,200,1600,sequential,0,1,5,5,1,0.003578
100000,500,16,200,1600,sequential,0,1,5,5,1,0.003611
100000,500,17,200,1600,sequential,0,1,5,5,1,0.003534
100000,500,18,200,1600,sequential,0,1,5,5,1,0.003565
100000,500,19,200,1600,sequential,0,1,5,5,1,0.003549
100000,500,20,200,1600,sequential,0,1,5,5,1,0.003558
100000,500,21,200,1600,sequential,0,1,5,5,1,0.003577
100000,500,22,200,1600,sequential,0,1,5,5,1,0.003511
100000,500,23,200,1600,sequential,0,1,5,5,1,0.003547
100000,500,24,200,1600,sequential,0,1,5,5,1,0.003576
100000,500,25,200,1600,sequential,0,1,5,5,1,0.003614
100000,500,26,200,1600,sequential,0,1,5,5,1,0.003542
100000,500,27,200,1600,sequential,0,1,5,5,1,0.003369
100000,500,28,200,1600,sequential,0,1,5,5,1,0.003545
100000,500,29,200,1600,sequential,0,1,5,5,1,0.003544
100000,500,30,200,1600,sequential,0,1,5,5,1,0.003537
100000,500,31,200,1600,sequential,0,1,5,5,1,0.003529
100000,500,32,200,1600,sequential,0,1,5,5,1,0.003599
100000,500,33,200,1600,sequential,0,1,5,5,1,0.003705
100000,500,34,200,1600,sequential,0,1,5,5,1,0.003768
100000,500,35,200,1600,sequential,0,1,5,5,1,0.003757
100000,500,36,200,1600,sequential,0,1,5,5,1,0.003878
100000,500,37,200,1600,sequential,0,1,5,5,1,0.003562
100000,500,38,200,1600,sequential,0,1,5,5,1,0.00362
100000,500,39,200,1600,sequential,0,1,5,5,1,0.003543
100000,500,40,200,1600,sequential,0,1,5,5,1,0.003545
100000,500,41,200,1600,sequential,0,1,5,5,1,0.003548
100000,500,42,200,1600,sequential,0,1,5,5,1,0.003498
100000,500,43,200,1600,sequential,0,1,5,5,1,0.003551
100000,500,44,200,1600,sequential,0,1,5,5,1,0.003495
100000,500,45,200,1600,sequential,0,1,5,5,1,0.003572
100000,500,46,200,1600,sequential,0,1,5,5,1,0.003549
100000,500,47,200,1600,sequential,0,1,5,5,1,0.003536
100000,500,48,200,1600,sequential,0,1,5,5,1,0.003542
100000,500,49,200,1600,sequential,0,1,5,5,1,0.00355
100000,500,50,200,1600,sequential,0,1,5,5,1,0.003539
100000,500,51,200,1600,sequential,0,1,5,5,1,0.00358
100000,500,52,200,1600,sequential,0,1,5,5,1,0.003574
100000,500,53,200,1600,sequential,0,1,5,5,1,0.003525
100000,500,54,200,1600,sequential,0,1,5,5,1,0.00354
100000,500,55,200,1600,sequential,0,1,5,5,1,0.003557
100000,500,56,200,1600,sequential,0,1,5,5,1,0.003533
100000,500,57,200,1600,sequential,0,1,5,5,1,0.003592
100000,500,58,200,1600,sequential,0,1,5,5,1,0.003586
100000,500,59,200,1600,sequential,0,1,5,5,1,0.003539
100000,500,60,200,1600,sequential,0,1,5,5,1,0.003544
100000,500,61,200,1600,sequential,0,1,5,5,1,0.00363
100000,500,62,200,1600,sequential,0,1,5,5,1,0.003766
100000,500,63,200,1600,sequential,0,1,5,5,1,0.003545
100000,500,64,200,1600,sequential,0,1,5,5,1,0.003557
100000,500,65,200,1600,sequential,0,1,5,5,1,0.003473
100000,500,66,200,1600,sequential,0,1,5,5,1,0.00353
100000,500,67,200,1600,sequential,0,1,5,5,1,0.003526
100000,500,68,200,1600,sequential,0,1,5,5,1,0.003586
100000,500,69,200,1600,sequential,0,1,5,5,1,0.003628
100000,500,70,200,1600,sequential,0,1,5,5,1,0.003653
100000,500,71,200,1600,sequential,0,1,5,5,1,0.003592
100000,500,72,200,1600,sequential,0,1,5,5,1,0.003783
100000,500,73,200,1600,sequential,0,1,5,5,1,0.003511
100000,500,74,200,1600,sequential,0,1,5,5,1,0.003557
100000,500,75,200,1600,sequential,0,1,5,5,1,0.003532
100000,500,76,200,1600,sequential,0,1,5,5,1,0.00363
100000,500,77,200,1600,sequential,0,1,5,5,1,0.003621
100000,500,78,200,1600,sequential,0,1,5,5,1,0.003693
100000,500,79,200,1600,sequential,0,1,5,5,1,0.00376
100000,500,80,200,1600,sequential,0,1,5,5,1,0.00353
100000,500,81,200,1600,sequential,0,1,5,5,1,0.003536
100000,500,82,200,1600,sequential,0,1,5,5,1,0.003528
100000,500,83,200,1600,sequential,0,1,5,5,1,0.003535
100000,500,84,200,1600,sequential,0,1,5,5,1,0.003556
100000,500,85,200,1600,sequential,0,1,5,5,1,0.003561
100000,500,86,200,1600,sequential,0,1,5,5,1,0.003536
100000,500,87,200,1600,sequential,0,1,5,5,1,0.003555
100000,500,88,200,1600,sequential,0,1,5,5,1,0.003579
100000,500,89,200,1600,sequential,0,1,5,5,1,0.003561
100000,500,90,200,1600,sequential,0,1,5,5,1,0.003538
100000,500,91,200,1600,sequential,0,1,5,5,1,0.003573
100000,500,92,200,1600,sequential,0,1,5,5,1,0.00352
100000,500,93,200,1600,sequential,0,1,5,5,1,0.003498
100000,500,94,200,1600,sequential,0,1,5,5,1,0.003482
100000,500,95,200,1600,sequential,0,1,5,5,1,0.003697
100000,500,96,200,1600,sequential,0,1,5,5,1,0.003551
100000,500,97,200,1600,sequential,0,1,5,5,1,0.003545
100000,500,98,200,1600,sequential,0,1,5,5,1,0.003552
100000,500,99,200,1600,sequential,0,1,5,5,1,0.003513
100000,500,100,200,1600,sequential,0,1,5,5,1,0.003591
100000,500,101,200,1600,sequential,0,1,5,5,1,0.003577
100000,500,102,200,1600,sequential,0,1,5,5,1,0.003539
100000,500,103,200,1600,sequential,0,1,5,5,1,0.003577
100000,500,104,200,1600,sequential,0,1,5,5,1,0.003563
100000,500,105,200,1600,sequential,0,1,5,5,1,0.003598
100000,500,106,200,1600,sequential,0,1,5,5,1,0.003564
100000,500,107,200,1600,sequential,0,1,5,5,1,0.003531
100000,500,108,200,1600,sequential,0,1,5,5,1,0.003518
100000,500,109,200,1600,sequential,0,1,5,5,1,0.003514
100000,500,110,200,1600,sequential,0,1,5,5,1,0.003533
100000,500,111,200,1600,sequential,0,1,5,5,1,0.003494
100000,500,112,200,1600,sequential,0,1,5,5,1,0.003519
100000,500,113,200,1600,sequential,0,1,5,5,1,0.003499
100000,500,114,200,1600,sequential,0,1,5,5,1,0.003535
100000,500,115,200,1600,sequential,0,1,5,5,1,0.003583
100000,500,116,200,1600,sequential,0,1,5,5,1,0.003537
100000,500,117,200,1600,sequential,0,1,5,5,1,0.003512
100000,500,118,200,1600,sequential,0,1,5,5,1,0.003472
100000,500,119,200,1600,sequential,0,1,5,5,1,0.003518
100000,500,120,200,1600,sequential,0,1,5,5,1,0.003557
100000,500,121,200,1600,sequential,0,1,5,5,1,0.003539
100000,500,122,200,1600,sequential,0,1,5,5,1,0.003587
100000,500,123,200,1600,sequential,0,1,5,5,1,0.003533
100000,500,124,200,1600,sequential,0,1,5,5,1,0.003554
100000,500,125,200,1600,sequential,0,1,5,5,1,0.003514
100000,500,126,200,1600,sequential,0,1,5,5,1,0.003587
100000,500,127,200,1600,sequential,0,1,5,5,1,0.003573
100000,500,128,200,1600,sequential,0,1,5,5,1,0.003559
100000,500,129,200,1600,sequential,0,1,5,5,1,0.003551
100000,500,130,200,1600,sequential,0,1,5,5,1,0.003506
100000,500,131,200,1600,sequential,0,1,5,5,1,0.00354
100000,500,132,200,1600,sequential,0,1,5,5,1,0.003551
100000,500,133,200,1600,sequential,0,1,5,5,1,0.003576
100000,500,134,200,1600,sequential,0,1,5,5,1,0.003566
100000,500,135,200,1600,sequential,0,1,5,5,1,0.003595
100000,500,136,200,1600,sequential,0,1,5,5,1,0.003554
100000,500,137,200,1600,sequential,0,1,5,5,1,0.003541
100000,500,138,200,1600,sequential,0,1,5,5,1,0.003556
100000,500,139,200,1600,sequential,0,1,5,5,1,0.003556
100000,500,140,200,1600,sequential,0,1,5,5,1,0.00359
100000,500,141,200,1600,sequential,0,1,5,5,1,0.003556
100000,500,142,200,1600,sequential,0,1,5,5,1,0.003572
100000,500,143,200,1600,sequential,0,1,5,5,1,0.003541
100000,500,144,200,1600,sequential,0,1,5,5,1,0.003537
100000,500,145,200,1600,sequential,0,1,5,5,1,0.003535
100000,500,146,200,1600,sequential,0,1,5,5,1,0.003551
100000,500,147,200,1600,sequential,0,1,5,5,1,0.003524
100000,500,148,200,1600,sequential,0,1,5,5,1,0.003511
100000,500,149,200,1600,sequential,0,1,5,5,1,0.003549
100000,500,150,200,1600,sequential,0,1,5,5,1,0.00352
100000,500,151,200,1600,sequential,0,1,5,5,1,0.003553
100000,500,152,200,1600,sequential,0,1,5,5,1,0.003503
100000,500,153,200,1600,sequential,0,1,5,5,1,0.003529
100000,500,154,200,1600,sequential,0,1,5,5,1,0.003526
100000,500,155,200,1600,sequential,0,1,5,5,1,0.003554
100000,500,156,200,1600,sequential,0,1,5,5,1,0.003443
100000,500,157,200,1600,sequential,0,1,5,5,1,0.003537
100000,500,158,200,1600,sequential,0,1,5,5,1,0.003504
100000,500,159,200,1600,sequential,0,1,5,5,1,0.00353
100000,500,160,200,1600,sequential,0,1,5,5,1,0.003541
100000,500,161,200,1600,sequential,0,1,5,5,1,0.003536
100000,500,162,200,1600,sequential,0,1,5,5,1,0.00356
100000,500,163,200,1600,sequential,0,1,5,5,1,0.003542
100000,500,164,200,1600,sequential,0,1,5,5,1,0.003551
100000,500,165,200,1600,sequential,0,1,5,5,1,0.003521
100000,500,166,200,1600,sequential,0,1,5,5,1,0.00351
100000,500,167,200,1600,sequential,0,1,5,5,1,0.003503
100000,500,168,200,1600,sequential,0,1,5,5,1,0.003534
100000,500,169,200,1600,sequential,0,1,5,5,1,0.003532
100000,500,170,200,1600,sequential,0,1,5,5,1,0.003524
100000,500,171,200,1600,sequential,0,1,5,5,1,0.003479
100000,500,172,200,1600,sequential,0,1,5,5,1,0.003522
100000,500,173,200,1600,sequential,0,1,5,5,1,0.003544
100000,500,174,200,1600,sequential,0,1,5,5,1,0.003532
100000,500,175,200,1600,sequential,0,1,5,5,1,0.003557
100000,500,176,200,1600,sequential,0,1,5,5,1,0.003514
100000,500,177,200,1600,sequential,0,1,5,5,1,0.003488
100000,500,178,200,1600,sequential,0,1,5,5,1,0.003495
100000,500,179,200,1600,sequential,0,1,5,5,1,0.003537
100000,500,180,200,1600,sequential,0,1,5,5,1,0.003497
100000,500,181,200,1600,sequential,0,1,5,5,1,0.003487
100000,500,182,200,1600,sequential,0,1,5,5,1,0.00382
100000,500,183,200,1600,sequential,0,1,5,5,1,0.003712
100000,500,184,200,1600,sequential,0,1,5,5,1,0.003853
100000,500,185,200,1600,sequential,0,1,5,5,1,0.003583
100000,500,186,200,1600,sequential,0,1,5,5,1,0.003679
100000,500,187,200,1600,sequential,0,1,5,5,1,0.003604
100000,500,188,200,1600,sequential,0,1,5,5,1,0.003586
100000,500,189,200,1600,sequential,0,1,5,5,1,0.003524
100000,500,190,200,1600,sequential,0,1,5,5,1,0.003516
100000,500,191,200,1600,sequential,0,1,5,5,1,0.00354
100000,500,192,200,1600,sequential,0,1,5,5,1,0.003537
100000,500,193,200,1600,sequential,0,1,5,5,1,0.003551
100000,500,194,200,1600,sequential,0,1,5,5,1,0.003514
100000,500,195,200,1600,sequential,0,1,5,5,1,0.003506
100000,500,196,200,1600,sequential,0,1,5,5,1,0.003497
100000,500,197,200,1600,sequential,0,1,5,5,1,0.003546
100000,500,198,200,1600,sequential,0,1,5,5,1,0.003583
100000,500,199,200,1600,sequential,0,1,5,5,1,0.003674
100000,500,200,200,1600,sequential,0,1,5,5,1,0.003747
100000,500,201,200,1600,sequential,0,1,5,5,1,0.003493
100000,500,202,200,1600,sequential,0,1,5,5,1,0.003526
100000,500,203,200,1600,sequential,0,1,5,5,1,0.003571
100000,500,204,200,1600,sequential,0,1,5,5,1,0.00345
100000,500,205,200,1600,sequential,0,1,5,5,1,0.003505
100000,500,206,200,1600,sequential,0,1,5,5,1,0.003552
100000,500,207,200,1600,sequential,0,1,5,5,1,0.003829
100000,500,208,200,1600,sequential,0,1,5,5,1,0.003532
100000,500,209,200,1600,sequential,0,1,5,5,1,0.00351
100000,500,210,200,1600,sequential,0,1,5,5,1,0.003504
100000,500,211,200,1600,sequential,0,1,5,5,1,0.003525
100000,500,212,200,1600,sequential,0,1,5,5,1,0.003513
100000,500,213,200,1600,sequential,0,1,5,5,1,0.003482
100000,500,214,200,1600,sequential,0,1,5,5,1,0.003484
100000,500,215,200,1600,sequential,0,1,5,5,1,0.003519
100000,500,216,200,1600,sequential,0,1,5,5,1,0.003516
100000,500,217,200,1600,sequential,0,1,5,5,1,0.003522
100000,500,218,200,1600,sequential,0,1,5,5,1,0.003515
100000,500,219,200,1600,sequential,0,1,5,5,1,0.003525
100000,500,220,200,1600,sequential,0,1,5,5,1,0.003512
100000,500,221,200,1600,sequential,0,1,5,5,1,0.003531
100000,500,222,200,1600,sequential,0,1,5,5,1,0.003538
100000,500,223,200,1600,sequential,0,1,5,5,1,0.003529
100000,500,224,200,1600,sequential,0,1,5,5,1,0.003554
100000,500,225,200,1600,sequential,0,1,5,5,1,0.003543
100000,500,226,200,1600,sequential,0,1,5,5,1,0.003517
100000,500,227,200,1600,sequential,0,1,5,5,1,0.003741
100000,500,228,200,1600,sequential,0,1,5,5,1,0.003766
100000,500,229,200,1600,sequential,0,1,5,5,1,0.003733
100000,500,230,200,1600,sequential,0,1,5,5,1,0.003757
100000,500,231,200,1600,sequential,0,1,5,5,1,0.003744
100000,500,232,200,1600,sequential,0,1,5,5,1,0.003748
100000,500,233,200,1600,sequential,0,1,5,5,1,0.003537
100000,500,234,200,1600,sequential,0,1,5,5,1,0.003518
100000,500,235,200,1600,sequential,0,1,5,5,1,0.003541
100000,500,236,200,1600,sequential,0,1,5,5,1,0.003539
100000,500,237,200,1600,sequential,0,1,5,5,1,0.003526
100000,500,238,200,1600,sequential,0,1,5,5,1,0.003555
100000,500,239,200,1600,sequential,0,1,5,5,1,0.00352
100000,500,240,200,1600,sequential,0,1,5,5,1,0.003501
100000,500,241,200,1600,sequential,0,1,5,5,1,0.003532
100000,500,242,200,1600,sequential,0,1,5,5,1,0.003545
100000,500,243,200,1600,sequential,0,1,5,5,1,0.003521
100000,500,244,200,1600,sequential,0,1,5,5,1,0.003501
100000,500,245,200,1600,sequential,0,1,5,5,1,0.00352
100000,500,246,200,1600,sequential,0,1,5,5,1,0.003485
100000,500,247,200,1600,sequential,0,1,5,5,1,0.003507
100000,500,248,200,1600,sequential,0,1,5,5,1,0.003511
100000,500,249,200,1600,sequential,0,1,5,5,1,0.003515
100000,500,250,200,1600,sequential,0,1,5,5,1,0.003541
100000,500,251,200,1600,sequential,0,1,5,5,1,0.003519
100000,500,252,200,1600,sequential,0,1,5,5,1,0.003563
100000,500,253,200,1600,sequential,0,1,5,5,1,0.003575
100000,500,254,200,1600,sequential,0,1,5,5,1,0.003582
100000,500,255,200,1600,sequential,0,1,5,5,1,0.003545
100000,500,256,200,1600,sequential,0,1,5,5,1,0.003597
100000,500,257,200,1600,sequential,0,1,5,5,1,0.003495
100000,500,258,200,1600,sequential,0,1,5,5,1,0.003445
100000,500,259,200,1600,sequential,0,1,5,5,1,0.003511
100000,500,260,200,1600,sequential,0,1,5,5,1,0.003499
100000,500,261,200,1600,sequential,0,1,5,5,1,0.003557
100000,500,262,200,1600,sequential,0,1,5,5,1,0.003776
100000,500,263,200,1600,sequential,0,1,5,5,1,0.00377
100000,500,264,200,1600,sequential,0,1,5,5,1,0.003774
100000,500,265,200,1600,sequential,0,1,5,5,1,0.003753
100000,500,266,200,1600,sequential,0,1,5,5,1,0.003769
100000,500,267,200,1600,sequential,0,1,5,5,1,0.00373
100000,500,268,200,1600,sequential,0,1,5,5,1,0.003514
100000,500,269,200,1600,sequential,0,1,5,5,1,0.003624
100000,500,270,200,1600,sequential,0,1,5,5,1,0.003516
100000,500,271,200,1600,sequential,0,1,5,5,1,0.003516
100000,500,272,200,1600,sequential,0,1,5,5,1,0.003519
100000,500,273,200,1600,sequential,0,1,5,5,1,0.003542
100000,500,274,200,1600,sequential,0,1,5,5,1,0.003523
100000,500,275,200,1600,sequential,0,1,5,5,1,0.003508
100000,500,276,200,1600,sequential,0,1,5,5,1,0.003552
100000,500,277,200,1600,sequential,0,1,5,5,1,0.003537
100000,500,278,200,1600,sequential,0,1,5,5,1,0.003533
100000,500,279,200,1600,sequential,0,1,5,5,1,0.003569
100000,500,280,200,1600,sequential,0,1,5,5,1,0.003503
100000,500,281,200,1600,sequential,0,1,5,5,1,0.003497
100000,500,282,200,1600,sequential,0,1,5,5,1,0.003525
100000,500,283,200,1600,sequential,0,1,5,5,1,0.003506
100000,500,284,200,1600,sequential,0,1,5,5,1,0.003546
100000,500,285,200,1600,sequential,0,1,5,5,1,0.003535
100000,500,286,200,1600,sequential,0,1,5,5,1,0.00352
100000,500,287,200,1600,sequential,0,1,5,5,1,0.003523
100000,500,288,200,1600,sequential,0,1,5,5,1,0.003532
100000,500,289,200,1600,sequential,0,1,5,5,1,0.003514
100000,500,290,200,1600,sequential,0,1,5,5,1,0.003547
100000,500,291,200,1600,sequential,0,1,5,5,1,0.003516
100000,500,292,200,1600,sequential,0,1,5,5,1,0.003556
100000,500,293,200,1600,sequential,0,1,5,5,1,0.003529
100000,500,294,200,1600,sequential,0,1,5,5,1,0.0035
100000,500,295,200,1600,sequential,0,1,5,5,1,0.003466
100000,500,296,200,1600,sequential,0,1,5,5,1,0.003838
100000,500,297,200,1600,sequential,0,1,5,5,1,0.003525
100000,500,298,200,1600,sequential,0,1,5,5,1,0.003508
100000,500,299,200,1600,sequential,0,1,5,5,1,0.003533
100000,500,300,200,1600,sequential,0,1,5,5,1,0.003521
100000,500,301,200,1600,sequential,0,1,5,5,1,0.003532
100000,500,302,200,1600,sequential,0,1,5,5,1,0.003521
100000,500,303,200,1600,sequential,0,1,5,5,1,0.003583
100000,500,304,200,1600,sequential,0,1,5,5,1,0.003544
100000,500,305,200,1600,sequential,0,1,5,5,1,0.003538
100000,500,306,200,1600,sequential,0,1,5,5,1,0.003525
100000,500,307,200,1600,sequential,0,1,5,5,1,0.003528
100000,500,308,200,1600,sequential,0,1,5,5,1,0.00352
100000,500,309,200,1600,sequential,0,1,5,5,1,0.003505
100000,500,310,200,1600,sequential,0,1,5,5,1,0.003507
100000,500,311,200,1600,sequential,0,1,5,5,1,0.003515
100000,500,312,200,1600,sequential,0,1,5,5,1,0.003531
100000,500,313,200,1600,sequential,0,1,5,5,1,0.00352
100000,500,314,200,1600,sequential,0,1,5,5,1,0.00353
100000,500,315,200,1600,sequential,0,1,5,5,1,0.003551
100000,500,316,200,1600,sequential,0,1,5,5,1,0.003513
100000,500,317,200,1600,sequential,0,1,5,5,1,0.003529
100000,500,318,200,1600,sequential,0,1,5,5,1,0.003515
100000,500,319,200,1600,sequential,0,1,5,5,1,0.003507
100000,500,320,200,1600,sequential,0,1,5,5,1,0.003519
100000,500,321,200,1600,sequential,0,1,5,5,1,0.003522
100000,500,322,200,1600,sequential,0,1,5,5,1,0.003505
100000,500,323,200,1600,sequential,0,1,5,5,1,0.00351
100000,500,324,200,1600,sequential,0,1,5,5,1,0.003523
100000,500,325,200,1600,sequential,0,1,5,5,1,0.003543
100000,500,326,200,1600,sequential,0,1,5,5,1,0.003512
100000,500,327,200,1600,sequential,0,1,5,5,1,0.003517
100000,500,328,200,1600,sequential,0,1,5,5,1,0.003523
100000,500,329,200,1600,sequential,0,1,5,5,1,0.003548
100000,500,330,200,1600,sequential,0,1,5,5,1,0.003526
100000,500,331,200,1600,sequential,0,1,5,5,1,0.003538
100000,500,332,200,1600,sequential,0,1,5,5,1,0.003531
100000,500,333,200,1600,sequential,0,1,5,5,1,0.003544
100000,500,334,200,1600,sequential,0,1,5,5,1,0.003536
100000,500,335,200,1600,sequential,0,1,5,5,1,0.003511
100000,500,336,200,1600,sequential,0,1,5,5,1,0.003538
100000,500,337,200,1600,sequential,0,1,5,5,1,0.003508
100000,500,338,200,1600,sequential,0,1,5,5,1,0.003523
100000,500,339,200,1600,sequential,0,1,5,5,1,0.003458
100000,500,340,200,1600,sequential,0,1,5,5,1,0.003438
100000,500,341,200,1600,sequential,0,1,5,5,1,0.003495
100000,500,342,200,1600,sequential,0,1,5,5,1,0.003534
100000,500,343,200,1600,sequential,0,1,5,5,1,0.003518
100000,500,344,200,1600,sequential,0,1,5,5,1,0.003517
100000,500,345,200,1600,sequential,0,1,5,5,1,0.003504
100000,500,346,200,1600,sequential,0,1,5,5,1,0.003566
100000,500,347,200,1600,sequential,0,1,5,5,1,0.003511
100000,500,348,200,1600,sequential,0,1,5,5,1,0.003395
100000,500,349,200,1600,sequential,0,1,5,5,1,0.003391
100000,500,350,200,1600,sequential,0,1,5,5,1,0.003386
100000,500,351,200,1600,sequential,0,1,5,5,1,0.003392
100000,500,352,200,1600,sequential,0,1,5,5,1,0.003385
100000,500,353,200,1600,sequential,0,1,5,5,1,0.003486
100000,500,354,200,1600,sequential,0,1,5,5,1,0.003507
100000,500,355,200,1600,sequential,0,1,5,5,1,0.003532
100000,500,356,200,1600,sequential,0,1,5,5,1,0.003515
100000,500,357,200,1600,sequential,0,1,5,5,1,0.003498
100000,500,358,200,1600,sequential,0,1,5,5,1,0.003516
100000,500,359,200,1600,sequential,0,1,5,5,1,0.00356
100000,500,360,200,1600,sequential,0,1,5,5,1,0.003542
100000,500,361,200,1600,sequential,0,1,5,5,1,0.003518
100000,500,362,200,1600,sequential,0,1,5,5,1,0.00352
100000,500,363,200,1600,sequential,0,1,5,5,1,0.003546
100000,500,364,200,1600,sequential,0,1,5,5,1,0.003536
100000,500,365,200,1600,sequential,0,1,5,5,1,0.003547
100000,500,366,200,1600,sequential,0,1,5,5,1,0.003573
100000,500,367,200,1600,sequential,0,1,5,5,1,0.003661
100000,500,368,200,1600,sequential,0,1,5,5,1,0.003721
100000,500,369,200,1600,sequential,0,1,5,5,1,0.003632
100000,500,370,200,1600,sequential,0,1,5,5,1,0.003531
100000,500,371,200,1600,sequential,0,1,5,5,1,0.003527
100000,500,372,200,1600,sequential,0,1,5,5,1,0.003532
100000,500,373,200,1600,sequential,0,1,5,5,1,0.003533
100000,500,374,200,1600,sequential,0,1,5,5,1,0.003498
100000,500,375,200,1600,sequential,0,1,5,5,1,0.003542
100000,500,376,200,1600,sequential,0,1,5,5,1,0.003634
100000,500,377,200,1600,sequential,0,1,5,5,1,0.003567
100000,500,378,200,1600,sequential,0,1,5,5,1,0.003551
100000,500,379,200,1600,sequential,0,1,5,5,1,0.003786
100000,500,380,200,1600,sequential,0,1,5,5,1,0.003772
100000,500,381,200,1600,sequential,0,1,5,5,1,0.004184
100000,500,382,200,1600,sequential,0,1,5,5,1,0.003551
100000,500,383,200,1600,sequential,0,1,5,5,1,0.003529
100000,500,384,200,1600,sequential,0,1,5,5,1,0.003549
100000,500,385,200,1600,sequential,0,1,5,5,1,0.003472
100000,500,386,200,1600,sequential,0,1,5,5,1,0.003528
100000,500,387,200,1600,sequential,0,1,5,5,1,0.00358
100000,500,388,200,1600,sequential,0,1,5,5,1,0.003513
100000,500,389,200,1600,sequential,0,1,5,5,1,0.00355
100000,500,390,200,1600,sequential,0,1,5,5,1,0.003569
100000,500,391,200,1600,sequential,0,1,5,5,1,0.003532
100000,500,392,200,1600,sequential,0,1,5,5,1,0.003538
100000,500,393,200,1600,sequential,0,1,5,5,1,0.003535
100000,500,394,200,1600,sequential,0,1,5,5,1,0.003553
100000,500,395,200,1600,sequential,0,1,5,5,1,0.003536
100000,500,396,200,1600,sequential,0,1,5,5,1,0.003529
100000,500,397,200,1600,sequential,0,1,5,5,1,0.003602
100000,500,398,200,1600,sequential,0,1,5,5,1,0.003833
100000,500,399,200,1600,sequential,0,1,5,5,1,0.003543
100000,500,400,200,1600,sequential,0,1,5,5,1,0.003535
100000,500,401,200,1600,sequential,0,1,5,5,1,0.003524
100000,500,402,200,1600,sequential,0,1,5,5,1,0.003539
100000,500,403,200,1600,sequential,0,1,5,5,1,0.003529
100000,500,404,200,1600,sequential,0,1,5,5,1,0.003574
100000,500,405,200,1600,sequential,0,1,5,5,1,0.003493
100000,500,406,200,1600,sequential,0,1,5,5,1,0.003543
100000,500,407,200,1600,sequential,0,1,5,5,1,0.003645
100000,500,408,200,1600,sequential,0,1,5,5,1,0.003542
100000,500,409,200,1600,sequential,0,1,5,5,1,0.003579
100000,500,410,200,1600,sequential,0,1,5,5,1,0.00351
100000,500,411,200,1600,sequential,0,1,5,5,1,0.003531
100000,500,412,200,1600,sequential,0,1,5,5,1,0.003532
100000,500,413,200,1600,sequential,0,1,5,5,1,0.003529
100000,500,414,200,1600,sequential,0,1,5,5,1,0.003566
100000,500,415,200,1600,sequential,0,1,5,5,1,0.003516
100000,500,416,200,1600,sequential,0,1,5,5,1,0.003586
100000,500,417,200,1600,sequential,0,1,5,5,1,0.003543
100000,500,418,200,1600,sequential,0,1,5,5,1,0.003537
100000,500,419,200,1600,sequential,0,1,5,5,1,0.003575
100000,500,420,200,1600,sequential,0,1,5,5,1,0.003555
100000,500,421,200,1600,sequential,0,1,5,5,1,0.003535
100000,500,422,200,1600,sequential,0,1,5,5,1,0.003538
100000,500,423,200,1600,sequential,0,1,5,5,1,0.003584
100000,500,424,200,1600,sequential,0,1,5,5,1,0.003527
100000,500,425,200,1600,sequential,0,1,5,5,1,0.003527
100000,500,426,200,1600,sequential,0,1,5,5,1,0.003512
100000,500,427,200,1600,sequential,0,1,5,5,1,0.003533
100000,500,428,200,1600,sequential,0,1,5,5,1,0.003523
100000,500,429,200,1600,sequential,0,1,5,5,1,0.003528
100000,500,430,200,1600,sequential,0,1,5,5,1,0.003521
100000,500,431,200,1600,sequential,0,1,5,5,1,0.003516
100000,500,432,200,1600,sequential,0,1,5,5,1,0.003662
100000,500,433,200,1600,sequential,0,1,5,5,1,0.003519
100000,500,434,200,1600,sequential,0,1,5,5,1,0.003553
100000,500,435,200,1600,sequential,0,1,5,5,1,0.003506
100000,500,436,200,1600,sequential,0,1,5,5,1,0.003539
100000,500,437,200,1600,sequential,0,1,5,5,1,0.003465
100000,500,438,200,1600,sequential,0,1,5,5,1,0.003552
100000,500,439,200,1600,sequential,0,1,5,5,1,0.003539
100000,500,440,200,1600,sequential,0,1,5,5,1,0.003571
100000,500,441,200,1600,sequential,0,1,5,5,1,0.003469
100000,500,442,200,1600,sequential,0,1,5,5,1,0.00342
100000,500,443,200,1600,sequential,0,1,5,5,1,0.003483
100000,500,444,200,1600,sequential,0,1,5,5,1,0.003476
100000,500,445,200,1600,sequential,0,1,5,5,1,0.003506
100000,500,446,200,1600,sequential,0,1,5,5,1,0.003536
100000,500,447,200,1600,sequential,0,1,5,5,1,0.003532
100000,500,448,200,1600,sequential,0,1,5,5,1,0.0035
100000,500,449,200,1600,sequential,0,1,5,5,1,0.00349
100000,500,450,200,1600,sequential,0,1,5,5,1,0.003908
100000,500,451,200,1600,sequential,0,1,5,5,1,0.003507
100000,500,452,200,1600,sequential,0,1,5,5,1,0.003563
100000,500,453,200,1600,sequential,0,1,5,5,1,0.003542
100000,500,454,200,1600,sequential,0,1,5,5,1,0.003554
100000,500,455,200,1600,sequential,0,1,5,5,1,0.003508
100000,500,456,200,1600,sequential,0,1,5,5,1,0.003546
100000,500,457,200,1600,sequential,0,1,5,5,1,0.003581
100000,500,458,200,1600,sequential,0,1,5,5,1,0.003538
100000,500,459,200,1600,sequential,0,1,5,5,1,0.003531
100000,500,460,200,1600,sequential,0,1,5,5,1,0.003531
100000,500,461,200,1600,sequential,0,1,5,5,1,0.003515
100000,500,462,200,1600,sequential,0,1,5,5,1,0.003565
100000,500,463,200,1600,sequential,0,1,5,5,1,0.003511
100000,500,464,200,1600,sequential,0,1,5,5,1,0.003471
100000,500,465,200,1600,sequential,0,1,5,5,1,0.003521
100000,500,466,200,1600,sequential,0,1,5,5,1,0.003485
100000,500,467,200,1600,sequential,0,1,5,5,1,0.00346
100000,500,468,200,1600,sequential,0,1,5,5,1,0.003552
100000,500,469,200,1600,sequential,0,1,5,5,1,0.003745
100000,500,470,200,1600,sequential,0,1,5,5,1,0.003639
100000,500,471,200,1600,sequential,0,1,5,5,1,0.003758
100000,500,472,200,1600,sequential,0,1,5,5,1,0.00376
100000,500,473,200,1600,sequential,0,1,5,5,1,0.003758
100000,500,474,200,1600,sequential,0,1,5,5,1,0.003569
100000,500,475,200,1600,sequential,0,1,5,5,1,0.003508
100000,500,476,200,1600,sequential,0,1,5,5,1,0.003556
100000,500,477,200,1600,sequential,0,1,5,5,1,0.00354
100000,500,478,200,1600,sequential,0,1,5,5,1,0.003511
100000,500,479,200,1600,sequential,0,1,5,5,1,0.003521
100000,500,480,200,1600,sequential,0,1,5,5,1,0.003463
100000,500,481,200,1600,sequential,0,1,5,5,1,0.003529
100000,500,482,200,1600,sequential,0,1,5,5,1,0.003385
100000,500,483,200,1600,sequential,0,1,5,5,1,0.003452
100000,500,484,200,1600,sequential,0,1,5,5,1,0.003535
100000,500,485,200,1600,sequential,0,1,5,5,1,0.003437
100000,500,486,200,1600,sequential,0,1,5,5,1,0.003562
100000,500,487,200,1600,sequential,0,1,5,5,1,0.003465
100000,500,488,200,1600,sequential,0,1,5,5,1,0.003452
100000,500,489,200,1600,sequential,0,1,5,5,1,0.003509
100000,500,490,200,1600,sequential,0,1,5,5,1,0.003442
100000,500,491,200,1600,sequential,0,1,5,5,1,0.003462
100000,500,492,200,1600,sequential,0,1,5,5,1,0.003516
100000,500,493,200,1600,sequential,0,1,5,5,1,0.003498
100000,500,494,200,1600,sequential,0,1,5,5,1,0.003533
100000,500,495,200,1600,sequential,0,1,5,5,1,0.003501
100000,500,496,200,1600,sequential,0,1,5,5,1,0.003506
100000,500,497,200,1600,sequential,0,1,5,5,1,0.003507
100000,500,498,200,1600,sequential,0,1,5,5,1,0.003526
100000,500,499,200,1600,sequential,0,1,5,5,1,0.003498
100000,500,0,200,1600,strided,1,8,1,1,0.5,0.002052
100000,500,1,200,1600,strided,1,8,1,1,0.5,0.001816
100000,500,2,200,1600,strided,1,8,1,1,0.5,0.001778
100000,500,3,200,1600,strided,1,8,1,1,0.5,0.001745
100000,500,4,200,1600,strided,1,8,1,1,0.5,0.001711
100000,500,5,200,1600,strided,1,8,1,1,0.5,0.001744
100000,500,6,200,1600,strided,1,8,1,1,0.5,0.001696
100000,500,7,200,1600,strided,1,8,1,1,0.5,0.001698
100000,500,8,200,1600,strided,1,8,1,1,0.5,0.001962
100000,500,9,200,1600,strided,1,8,1,1,0.5,0.001914
100000,500,10,200,1600,strided,1,8,1,1,0.5,0.002977
100000,500,11,200,1600,strided,1,8,1,1,0.5,0.003123
100000,500,12,200,1600,strided,1,8,1,1,0.5,0.002943
100000,500,13,200,1600,strided,1,8,1,1,0.5,0.002977
100000,500,14,200,1600,strided,1,8,1,1,0.5,0.002988
100000,500,15,200,1600,strided,1,8,1,1,0.5,0.002925
100000,500,16,200,1600,strided,1,8,1,1,0.5,0.002921
100000,500,17,200,1600,strided,1,8,1,1,0.5,0.003042
100000,500,18,200,1600,strided,1,8,1,1,0.5,0.00299
100000,500,19,200,1600,strided,1,8,1,1,0.5,0.001987
100000,500,20,200,1600,strided,1,8,1,1,0.5,0.001727
100000,500,21,200,1600,strided,1,8,1,1,0.5,0.001708
100000,500,22,200,1600,strided,1,8,1,1,0.5,0.001714
100000,500,23,200,1600,strided,1,8,1,1,0.5,0.001707
100000,500,24,200,1600,strided,1,8,1,1,0.5,0.001868
100000,500,25,200,1600,strided,1,8,1,1,0.5,0.001716
100000,500,26,200,1600,strided,1,8,1,1,0.5,0.001709
100000,500,27,200,1600,strided,1,8,1,1,0.5,0.001681
100000,500,28,200,1600,strided,1,8,1,1,0.5,0.001654
100000,500,29,200,1600,strided,1,8,1,1,0.5,0.00171
100000,500,30,200,1600,strided,1,8,1,1,0.5,0.001804
100000,500,31,200,1600,strided,1,8,1,1,0.5,0.001737
100000,500,32,200,1600,strided,1,8,1,1,0.5,0.001722
100000,500,33,200,1600,strided,1,8,1,1,0.5,0.002984
100000,500,34,200,1600,strided,1,8,1,1,0.5,0.003082
100000,500,35,200,1600,strided,1,8,1,1,0.5,0.003121
100000,500,36,200,1600,strided,1,8,1,1,0.5,0.003062
100000,500,37,200,1600,strided,1,8,1,1,0.5,0.002967
100000,500,38,200,1600,strided,1,8,1,1,0.5,0.002938
100000,500,39,200,1600,strided,1,8,1,1,0.5,0.002966
100000,500,40,200,1600,strided,1,8,1,1,0.5,0.00252
100000,500,41,200,1600,strided,1,8,1,1,0.5,0.002952
100000,500,42,200,1600,strided,1,8,1,1,0.5,0.003104
100000,500,43,200,1600,strided,1,8,1,1,0.5,0.003025
100000,500,44,200,1600,strided,1,8,1,1,0.5,0.002595
100000,500,45,200,1600,strided,1,8,1,1,0.5,0.001882
100000,500,46,200,1600,strided,1,8,1,1,0.5,0.001703
100000,500,47,200,1600,strided,1,8,1,1,0.5,0.001891
100000,500,48,200,1600,strided,1,8,1,1,0.5,0.001715
100000,500,49,200,1600,strided,1,8,1,1,0.5,0.001685
100000,500,50,200,1600,strided,1,8,1,1,0.5,0.001698
100000,500,51,200,1600,strided,1,8,1,1,0.5,0.001906
100000,500,52,200,1600,strided,1,8,1,1,0.5,0.002112
100000,500,53,200,1600,strided,1,8,1,1,0.5,0.00168
100000,500,54,200,1600,strided,1,8,1,1,0.5,0.0017
100000,500,55,200,1600,strided,1,8,1,1,0.5,0.00174
100000,500,56,200,1600,strided,1,8,1,1,0.5,0.001694
100000,500,57,200,1600,strided,1,8,1,1,0.5,0.001778
100000,500,58,200,1600,strided,1,8,1,1,0.5,0.001753
100000,500,59,200,1600,strided,1,8,1,1,0.5,0.00192
100000,500,60,200,1600,strided,1,8,1,1,0.5,0.002546
100000,500,61,200,1600,strided,1,8,1,1,0.5,0.001709
100000,500,62,200,1600,strided,1,8,1,1,0.5,0.001886
100000,500,63,200,1600,strided,1,8,1,1,0.5,0.001914
100000,500,64,200,1600,strided,1,8,1,1,0.5,0.00176
100000,500,65,200,1600,strided,1,8,1,1,0.5,0.001757
100000,500,66,200,1600,strided,1,8,1,1,0.5,0.00174
100000,500,67,200,1600,strided,1,8,1,1,0.5,0.001717
100000,500,68,200,1600,strided,1,8,1,1,0.5,0.001787
100000,500,69,200,1600,strided,1,8,1,1,0.5,0.001921
100000,500,70,200,1600,strided,1,8,1,1,0.5,0.001983
100000,500,71,200,1600,strided,1,8,1,1,0.5,0.001743
100000,500,72,200,1600,strided,1,8,1,1,0.5,0.001703
100000,500,73,200,1600,strided,1,8,1,1,0.5,0.001743
100000,500,74,200,1600,strided,1,8,1,1,0.5,0.001725
100000,500,75,200,1600,strided,1,8,1,1,0.5,0.001899
100000,500,76,200,1600,strided,1,8,1,1,0.5,0.001796
100000,500,77,200,1600,strided,1,8,1,1,0.5,0.001741
100000,500,78,200,1600,strided,1,8,1,1,0.5,0.002477
100000,500,79,200,1600,strided,1,8,1,1,0.5,0.001937
100000,500,80,200,1600,strided,1,8,1,1,0.5,0.001761
100000,500,81,200,1600,strided,1,8,1,1,0.5,0.001756
100000,500,82,200,1600,strided,1,8,1,1,0.5,0.001802
100000,500,83,200,1600,strided,1,8,1,1,0.5,0.001774
100000,500,84,200,1600,strided,1,8,1,1,0.5,0.001699
100000,500,85,200,1600,strided,1,8,1,1,0.5,0.001689
100000,500,86,200,1600,strided,1,8,1,1,0.5,0.001692
100000,500,87,200,1600,strided,1,8,1,1,0.5,0.001671
100000,500,88,200,1600,strided,1,8,1,1,0.5,0.00178
100000,500,89,200,1600,strided,1,8,1,1,0.5,0.001774
100000,500,90,200,1600,strided,1,8,1,1,0.5,0.0017
100000,500,91,200,1600,strided,1,8,1,1,0.5,0.001764
100000,500,92,200,1600,strided,1,8,1,1,0.5,0.001993
100000,500,93,200,1600,strided,1,8,1,1,0.5,0.001697
100000,500,94,200,1600,strided,1,8,1,1,0.5,0.001776
100000,500,95,200,1600,strided,1,8,1,1,0.5,0.001729
100000,500,96,200,1600,strided,1,8,1,1,0.5,0.001713
100000,500,97,200,1600,strided,1,8,1,1,0.5,0.001675
100000,500,98,200,1600,strided,1,8,1,1,0.5,0.001704
100000,500,99,200,1600,strided,1,8,1,1,0.5,0.001692
100000,500,100,200,1600,strided,1,8,1,1,0.5,0.001702
100000,500,101,200,1600,strided,1,8,1,1,0.5,0.001809
100000,500,102,200,1600,strided,1,8,1,1,0.5,0.00177
100000,500,103,200,1600,strided,1,8,1,1,0.5,0.001702
100000,500,104,200,1600,strided,1,8,1,1,0.5,0.002675
100000,500,105,200,1600,strided,1,8,1,1,0.5,0.001799
100000,500,106,200,1600,strided,1,8,1,1,0.5,0.001941
100000,500,107,200,1600,strided,1,8,1,1,0.5,0.001806
100000,500,108,200,1600,strided,1,8,1,1,0.5,0.001714
100000,500,109,200,1600,strided,1,8,1,1,0.5,0.001702
100000,500,110,200,1600,strided,1,8,1,1,0.5,0.001694
100000,500,111,200,1600,strided,1,8,1,1,0.5,0.001693
100000,500,112,200,1600,strided,1,8,1,1,0.5,0.001685
100000,500,113,200,1600,strided,1,8,1,1,0.5,0.001995
100000,500,114,200,1600,strided,1,8,1,1,0.5,0.001747
100000,500,115,200,1600,strided,1,8,1,1,0.5,0.001678
100000,500,116,200,1600,strided,1,8,1,1,0.5,0.002074
100000,500,117,200,1600,strided,1,8,1,1,0.5,0.001728
100000,500,118,200,1600,strided,1,8,1,1,0.5,0.001702
100000,500,119,200,1600,strided,1,8,1,1,0.5,0.001807
100000,500,120,200,1600,strided,1,8,1,1,0.5,0.001869
100000,500,121,200,1600,strided,1,8,1,1,0.5,0.001755
100000,500,122,200,1600,strided,1,8,1,1,0.5,0.001732
100000,500,123,200,1600,strided,1,8,1,1,0.5,0.00173
100000,500,124,200,1600,strided,1,8,1,1,0.5,0.001787
100000,500,125,200,1600,strided,1,8,1,1,0.5,0.001834
100000,500,126,200,1600,strided,1,8,1,1,0.5,0.002528
100000,500,127,200,1600,strided,1,8,1,1,0.5,0.002057
100000,500,128,200,1600,strided,1,8,1,1,0.5,0.001738
100000,500,129,200,1600,strided,1,8,1,1,0.5,0.001862
100000,500,130,200,1600,strided,1,8,1,1,0.5,0.002906
100000,500,131,200,1600,strided,1,8,1,1,0.5,0.002874
100000,500,132,200,1600,strided,1,8,1,1,0.5,0.001939
100000,500,133,200,1600,strided,1,8,1,1,0.5,0.002965
100000,500,134,200,1600,strided,1,8,1,1,0.5,0.00292
100000,500,135,200,1600,strided,1,8,1,1,0.5,0.002979
100000,500,136,200,1600,strided,1,8,1,1,0.5,0.003014
100000,500,137,200,1600,strided,1,8,1,1,0.5,0.003062
100000,500,138,200,1600,strided,1,8,1,1,0.5,0.001892
100000,500,139,200,1600,strided,1,8,1,1,0.5,0.001785
100000,500,140,200,1600,strided,1,8,1,1,0.5,0.001698
100000,500,141,200,1600,strided,1,8,1,1,0.5,0.001719
100000,500,142,200,1600,strided,1,8,1,1,0.5,0.001959
100000,500,143,200,1600,strided,1,8,1,1,0.5,0.00177
100000,500,144,200,1600,strided,1,8,1,1,0.5,0.001684
100000,500,145,200,1600,strided,1,8,1,1,0.5,0.001715
100000,500,146,200,1600,strided,1,8,1,1,0.5,0.001693
100000,500,147,200,1600,strided,1,8,1,1,0.5,0.001706
100000,500,148,200,1600,strided,1,8,1,1,0.5,0.001967
100000,500,149,200,1600,strided,1,8,1,1,0.5,0.001828
100000,500,150,200,1600,strided,1,8,1,1,0.5,0.001715
100000,500,151,200,1600,strided,1,8,1,1,0.5,0.001706
100000,500,152,200,1600,strided,1,8,1,1,0.5,0.001872
100000,500,153,200,1600,strided,1,8,1,1,0.5,0.001726
100000,500,154,200,1600,strided,1,8,1,1,0.5,0.001925
100000,500,155,200,1600,strided,1,8,1,1,0.5,0.001782
100000,500,156,200,1600,strided,1,8,1,1,0.5,0.001807
100000,500,157,200,1600,strided,1,8,1,1,0.5,0.00173
100000,500,158,200,1600,strided,1,8,1,1,0.5,0.001691
100000,500,159,200,1600,strided,1,8,1,1,0.5,0.001726
100000,500,160,200,1600,strided,1,8,1,1,0.5,0.001707
100000,500,161,200,1600,strided,1,8,1,1,0.5,0.001953
100000,500,162,200,1600,strided,1,8,1,1,0.5,0.001758
100000,500,163,200,1600,strided,1,8,1,1,0.5,0.001744
100000,500,164,200,1600,strided,1,8,1,1,0.5,0.001794
100000,500,165,200,1600,strided,1,8,1,1,0.5,0.001707
100000,500,166,200,1600,strided,1,8,1,1,0.5,0.001747
100000,500,167,200,1600,strided,1,8,1,1,0.5,0.001941
100000,500,168,200,1600,strided,1,8,1,1,0.5,0.00178
100000,500,169,200,1600,strided,1,8,1,1,0.5,0.001685
100000,500,170,200,1600,strided,1,8,1,1,0.5,0.001699
100000,500,171,200,1600,strided,1,8,1,1,0.5,0.00167
100000,500,172,200,1600,strided,1,8,1,1,0.5,0.001793
100000,500,173,200,1600,strided,1,8,1,1,0.5,0.001984
100000,500,174,200,1600,strided,1,8,1,1,0.5,0.001782
100000,500,175,200,1600,strided,1,8,1,1,0.5,0.001742
100000,500,176,200,1600,strided,1,8,1,1,0.5,0.001716
100000,500,177,200,1600,strided,1,8,1,1,0.5,0.001901
100000,500,178,200,1600,strided,1,8,1,1,0.5,0.001688
100000,500,179,200,1600,strided,1,8,1,1,0.5,0.001717
100000,500,180,200,1600,strided,1,8,1,1,0.5,0.001788
100000,500,181,200,1600,strided,1,8,1,1,0.5,0.001821
100000,500,182,200,1600,strided,1,8,1,1,0.5,0.001761
100000,500,183,200,1600,strided,1,8,1,1,0.5,0.001812
100000,500,184,200,1600,strided,1,8,1,1,0.5,0.001707
100000,500,185,200,1600,strided,1,8,1,1,0.5,0.001721
100000,500,186,200,1600,strided,1,8,1,1,0.5,0.001971
100000,500,187,200,1600,strided,1,8,1,1,0.5,0.001865
100000,500,188,200,1600,strided,1,8,1,1,0.5,0.001701
100000,500,189,200,1600,strided,1,8,1,1,0.5,0.001672
100000,500,190,200,1600,strided,1,8,1,1,0.5,0.001691
100000,500,191,200,1600,strided,1,8,1,1,0.5,0.001662
100000,500,192,200,1600,strided,1,8,1,1,0.5,0.001677
100000,500,193,200,1600,strided,1,8,1,1,0.5,0.001987
100000,500,194,200,1600,strided,1,8,1,1,0.5,0.001771
100000,500,195,200,1600,strided,1,8,1,1,0.5,0.001738
100000,500,196,200,1600,strided,1,8,1,1,0.5,0.001674
100000,500,197,200,1600,strided,1,8,1,1,0.5,0.001671
100000,500,198,200,1600,strided,1,8,1,1,0.5,0.001685
100000,500,199,200,1600,strided,1,8,1,1,0.5,0.001939
100000,500,200,200,1600,strided,1,8,1,1,0.5,0.001781
100000,500,201,200,1600,strided,1,8,1,1,0.5,0.001741
100000,500,202,200,1600,strided,1,8,1,1,0.5,0.001695
100000,500,203,200,1600,strided,1,8,1,1,0.5,0.002012
100000,500,204,200,1600,strided,1,8,1,1,0.5,0.001707
100000,500,205,200,1600,strided,1,8,1,1,0.5,0.001743
100000,500,206,200,1600,strided,1,8,1,1,0.5,0.001766
100000,500,207,200,1600,strided,1,8,1,1,0.5,0.001908
100000,500,208,200,1600,strided,1,8,1,1,0.5,0.001805
100000,500,209,200,1600,strided,1,8,1,1,0.5,0.001764
100000,500,210,200,1600,strided,1,8,1,1,0.5,0.001679
100000,500,211,200,1600,strided,1,8,1,1,0.5,0.001679
100000,500,212,200,1600,strided,1,8,1,1,0.5,0.001762
100000,500,213,200,1600,strided,1,8,1,1,0.5,0.001709
100000,500,214,200,1600,strided,1,8,1,1,0.5,0.001769
100000,500,215,200,1600,strided,1,8,1,1,0.5,0.001715
100000,500,216,200,1600,strided,1,8,1,1,0.5,0.001697
100000,500,217,200,1600,strided,1,8,1,1,0.5,0.001683
100000,500,218,200,1600,strided,1,8,1,1,0.5,0.001714
100000,500,219,200,1600,strided,1,8,1,1,0.5,0.001944
100000,500,220,200,1600,strided,1,8,1,1,0.5,0.00194
100000,500,221,200,1600,strided,1,8,1,1,0.5,0.001816
100000,500,222,200,1600,strided,1,8,1,1,0.5,0.001709
100000,500,223,200,1600,strided,1,8,1,1,0.5,0.001684
100000,500,224,200,1600,strided,1,8,1,1,0.5,0.001683
100000,500,225,200,1600,strided,1,8,1,1,0.5,0.0019
100000,500,226,200,1600,strided,1,8,1,1,0.5,0.001762
100000,500,227,200,1600,strided,1,8,1,1,0.5,0.001695
100000,500,228,200,1600,strided,1,8,1,1,0.5,0.001873
100000,500,229,200,1600,strided,1,8,1,1,0.5,0.001778
100000,500,230,200,1600,strided,1,8,1,1,0.5,0.001778
100000,500,231,200,1600,strided,1,8,1,1,0.5,0.002118
100000,500,232,200,1600,strided,1,8,1,1,0.5,0.001815
100000,500,233,200,1600,strided,1,8,1,1,0.5,0.002921
100000,500,234,200,1600,strided,1,8,1,1,0.5,0.002859
100000,500,235,200,1600,strided,1,8,1,1,0.5,0.002936
100000,500,236,200,1600,strided,1,8,1,1,0.5,0.002977
100000,500,237,200,1600,strided,1,8,1,1,0.5,0.002209
100000,500,238,200,1600,strided,1,8,1,1,0.5,0.001704
100000,500,239,200,1600,strided,1,8,1,1,0.5,0.001737
100000,500,240,200,1600,strided,1,8,1,1,0.5,0.001712
100000,500,241,200,1600,strided,1,8,1,1,0.5,0.001697
100000,500,242,200,1600,strided,1,8,1,1,0.5,0.001885
100000,500,243,200,1600,strided,1,8,1,1,0.5,0.001695
100000,500,244,200,1600,strided,1,8,1,1,0.5,0.001699
100000,500,245,200,1600,strided,1,8,1,1,0.5,0.001683
100000,500,246,200,1600,strided,1,8,1,1,0.5,0.001862
100000,500,247,200,1600,strided,1,8,1,1,0.5,0.001823
100000,500,248,200,1600,strided,1,8,1,1,0.5,0.001781
100000,500,249,200,1600,strided,1,8,1,1,0.5,0.001744
100000,500,250,200,1600,strided,1,8,1,1,0.5,0.001695
100000,500,251,200,1600,strided,1,8,1,1,0.5,0.001673
100000,500,252,200,1600,strided,1,8,1,1,0.5,0.001699
100000,500,253,200,1600,strided,1,8,1,1,0.5,0.0017
100000,500,254,200,1600,strided,1,8,1,1,0.5,0.001778
100000,500,255,200,1600,strided,1,8,1,1,0.5,0.00172
100000,500,256,200,1600,strided,1,8,1,1,0.5,0.001708
100000,500,257,200,1600,strided,1,8,1,1,0.5,0.001685
100000,500,258,200,1600,strided,1,8,1,1,0.5,0.001733
100000,500,259,200,1600,strided,1,8,1,1,0.5,0.001785
100000,500,260,200,1600,strided,1,8,1,1,0.5,0.001786
100000,500,261,200,1600,strided,1,8,1,1,0.5,0.001761
100000,500,262,200,1600,strided,1,8,1,1,0.5,0.001763
100000,500,263,200,1600,strided,1,8,1,1,0.5,0.001713
100000,500,264,200,1600,strided,1,8,1,1,0.5,0.001726
100000,500,265,200,1600,strided,1,8,1,1,0.5,0.001712
100000,500,266,200,1600,strided,1,8,1,1,0.5,0.001989
100000,500,267,200,1600,strided,1,8,1,1,0.5,0.00196
100000,500,268,200,1600,strided,1,8,1,1,0.5,0.001762
100000,500,269,200,1600,strided,1,8,1,1,0.5,0.001729
100000,500,270,200,1600,strided,1,8,1,1,0.5,0.001922
100000,500,271,200,1600,strided,1,8,1,1,0.5,0.001686
100000,500,272,200,1600,strided,1,8,1,1,0.5,0.001851
100000,500,273,200,1600,strided,1,8,1,1,0.5,0.001729
100000,500,274,200,1600,strided,1,8,1,1,0.5,0.001743
100000,500,275,200,1600,strided,1,8,1,1,0.5,0.00172
100000,500,276,200,1600,strided,1,8,1,1,0.5,0.001695
100000,500,277,200,1600,strided,1,8,1,1,0.5,0.001951
100000,500,278,200,1600,strided,1,8,1,1,0.5,0.001721
100000,500,279,200,1600,strided,1,8,1,1,0.5,0.001732
100000,500,280,200,1600,strided,1,8,1,1,0.5,0.001944
100000,500,281,200,1600,strided,1,8,1,1,0.5,0.001694
100000,500,282,200,1600,strided,1,8,1,1,0.5,0.001718
100000,500,283,200,1600,strided,1,8,1,1,0.5,0.001685
100000,500,284,200,1600,strided,1,8,1,1,0.5,0.001672
100000,500,285,200,1600,strided,1,8,1,1,0.5,0.001686
100000,500,286,200,1600,strided,1,8,1,1,0.5,0.001753
100000,500,287,200,1600,strided,1,8,1,1,0.5,0.001746
100000,500,288,200,1600,strided,1,8,1,1,0.5,0.001757
100000,500,289,200,1600,strided,1,8,1,1,0.5,0.001705
100000,500,290,200,1600,strided,1,8,1,1,0.5,0.001709
100000,500,291,200,1600,strided,1,8,1,1,0.5,0.001674
100000,500,292,200,1600,strided,1,8,1,1,0.5,0.001935
100000,500,293,200,1600,strided,1,8,1,1,0.5,0.001755
100000,500,294,200,1600,strided,1,8,1,1,0.5,0.001796
100000,500,295,200,1600,strided,1,8,1,1,0.5,0.001731
100000,500,296,200,1600,strided,1,8,1,1,0.5,0.001737
100000,500,297,200,1600,strided,1,8,1,1,0.5,0.001932
100000,500,298,200,1600,strided,1,8,1,1,0.5,0.001701
100000,500,299,200,1600,strided,1,8,1,1,0.5,0.001786
100000,500,300,200,1600,strided,1,8,1,1,0.5,0.001744
100000,500,301,200,1600,strided,1,8,1,1,0.5,0.001701
100000,500,302,200,1600,strided,1,8,1,1,0.5,0.001709
100000,500,303,200,1600,strided,1,8,1,1,0.5,0.001749
100000,500,304,200,1600,strided,1,8,1,1,0.5,0.001695
100000,500,305,200,1600,strided,1,8,1,1,0.5,0.001745
100000,500,306,200,1600,strided,1,8,1,1,0.5,0.001766
100000,500,307,200,1600,strided,1,8,1,1,0.5,0.001748
100000,500,308,200,1600,strided,1,8,1,1,0.5,0.001747
100000,500,309,200,1600,strided,1,8,1,1,0.5,0.00177
100000,500,310,200,1600,strided,1,8,1,1,0.5,0.001725
100000,500,311,200,1600,strided,1,8,1,1,0.5,0.001696
100000,500,312,200,1600,strided,1,8,1,1,0.5,0.001752
100000,500,313,200,1600,strided,1,8,1,1,0.5,0.001814
100000,500,314,200,1600,strided,1,8,1,1,0.5,0.001692
100000,500,315,200,1600,strided,1,8,1,1,0.5,0.001698
100000,500,316,200,1600,strided,1,8,1,1,0.5,0.001697
100000,500,317,200,1600,strided,1,8,1,1,0.5,0.001721
100000,500,318,200,1600,strided,1,8,1,1,0.5,0.001914
100000,500,319,200,1600,strided,1,8,1,1,0.5,0.001809
100000,500,320,200,1600,strided,1,8,1,1,0.5,0.001793
100000,500,321,200,1600,strided,1,8,1,1,0.5,0.001773
100000,500,322,200,1600,strided,1,8,1,1,0.5,0.001743
100000,500,323,200,1600,strided,1,8,1,1,0.5,0.001717
100000,500,324,200,1600,strided,1,8,1,1,0.5,0.001749
100000,500,325,200,1600,strided,1,8,1,1,0.5,0.001838
100000,500,326,200,1600,strided,1,8,1,1,0.5,0.00174
100000,500,327,200,1600,strided,1,8,1,1,0.5,0.001714
100000,500,328,200,1600,strided,1,8,1,1,0.5,0.002952
100000,500,329,200,1600,strided,1,8,1,1,0.5,0.00176
100000,500,330,200,1600,strided,1,8,1,1,0.5,0.002003
100000,500,331,200,1600,strided,1,8,1,1,0.5,0.001936
100000,500,332,200,1600,strided,1,8,1,1,0.5,0.002912
100000,500,333,200,1600,strided,1,8,1,1,0.5,0.00285
100000,500,334,200,1600,strided,1,8,1,1,0.5,0.001941
100000,500,335,200,1600,strided,1,8,1,1,0.5,0.001935
100000,500,336,200,1600,strided,1,8,1,1,0.5,0.001876
100000,500,337,200,1600,strided,1,8,1,1,0.5,0.001726
100000,500,338,200,1600,strided,1,8,1,1,0.5,0.001683
100000,500,339,200,1600,strided,1,8,1,1,0.5,0.001718
100000,500,340,200,1600,strided,1,8,1,1,0.5,0.001703
100000,500,341,200,1600,strided,1,8,1,1,0.5,0.001744
100000,500,342,200,1600,strided,1,8,1,1,0.5,0.001783
100000,500,343,200,1600,strided,1,8,1,1,0.5,0.001724
100000,500,344,200,1600,strided,1,8,1,1,0.5,0.001729
100000,500,345,200,1600,strided,1,8,1,1,0.5,0.001825
100000,500,346,200,1600,strided,1,8,1,1,0.5,0.001755
100000,500,347,200,1600,strided,1,8,1,1,0.5,0.001756
100000,500,348,200,1600,strided,1,8,1,1,0.5,0.001895
100000,500,349,200,1600,strided,1,8,1,1,0.5,0.001716
100000,500,350,200,1600,strided,1,8,1,1,0.5,0.001697
100000,500,351,200,1600,strided,1,8,1,1,0.5,0.00171
100000,500,352,200,1600,strided,1,8,1,1,0.5,0.001677
100000,500,353,200,1600,strided,1,8,1,1,0.5,0.001705
100000,500,354,200,1600,strided,1,8,1,1,0.5,0.002112
100000,500,355,200,1600,strided,1,8,1,1,0.5,0.001706
100000,500,356,200,1600,strided,1,8,1,1,0.5,0.001666
100000,500,357,200,1600,strided,1,8,1,1,0.5,0.00194
100000,500,358,200,1600,strided,1,8,1,1,0.5,0.002194
100000,500,359,200,1600,strided,1,8,1,1,0.5,0.001779
100000,500,360,200,1600,strided,1,8,1,1,0.5,0.001743
100000,500,361,200,1600,strided,1,8,1,1,0.5,0.00175
100000,500,362,200,1600,strided,1,8,1,1,0.5,0.001703
100000,500,363,200,1600,strided,1,8,1,1,0.5,0.001699
100000,500,364,200,1600,strided,1,8,1,1,0.5,0.001675
100000,500,365,200,1600,strided,1,8,1,1,0.5,0.001682
100000,500,366,200,1600,strided,1,8,1,1,0.5,0.001725
100000,500,367,200,1600,strided,1,8,1,1,0.5,0.001719
100000,500,368,200,1600,strided,1,8,1,1,0.5,0.00176
100000,500,369,200,1600,strided,1,8,1,1,0.5,0.001708
100000,500,370,200,1600,strided,1,8,1,1,0.5,0.00167
100000,500,371,200,1600,strided,1,8,1,1,0.5,0.001675
100000,500,372,200,1600,strided,1,8,1,1,0.5,0.001774
100000,500,373,200,1600,strided,1,8,1,1,0.5,0.001745
100000,500,374,200,1600,strided,1,8,1,1,0.5,0.001709
100000,500,375,200,1600,strided,1,8,1,1,0.5,0.001712
100000,500,376,200,1600,strided,1,8,1,1,0.5,0.001838
100000,500,377,200,1600,strided,1,8,1,1,0.5,0.001719
100000,500,378,200,1600,strided,1,8,1,1,0.5,0.001746
100000,500,379,200,1600,strided,1,8,1,1,0.5,0.001914
100000,500,380,200,1600,strided,1,8,1,1,0.5,0.001691
100000,500,381,200,1600,strided,1,8,1,1,0.5,0.001692
100000,500,382,200,1600,strided,1,8,1,1,0.5,0.001734
100000,500,383,200,1600,strided,1,8,1,1,0.5,0.001691
100000,500,384,200,1600,strided,1,8,1,1,0.5,0.001674
100000,500,385,200,1600,strided,1,8,1,1,0.5,0.001962
100000,500,386,200,1600,strided,1,8,1,1,0.5,0.001723
100000,500,387,200,1600,strided,1,8,1,1,0.5,0.001809
100000,500,388,200,1600,strided,1,8,1,1,0.5,0.001771
100000,500,389,200,1600,strided,1,8,1,1,0.5,0.001883
100000,500,390,200,1600,strided,1,8,1,1,0.5,0.001946
100000,500,391,200,1600,strided,1,8,1,1,0.5,0.001942
100000,500,392,200,1600,strided,1,8,1,1,0.5,0.001771
100000,500,393,200,1600,strided,1,8,1,1,0.5,0.001701
100000,500,394,200,1600,strided,1,8,1,1,0.5,0.001739
100000,500,395,200,1600,strided,1,8,1,1,0.5,0.001712
100000,500,396,200,1600,strided,1,8,1,1,0.5,0.001712
100000,500,397,200,1600,strided,1,8,1,1,0.5,0.001816
100000,500,398,200,1600,strided,1,8,1,1,0.5,0.001908
100000,500,399,200,1600,strided,1,8,1,1,0.5,0.001777
100000,500,400,200,1600,strided,1,8,1,1,0.5,0.001802
100000,500,401,200,1600,strided,1,8,1,1,0.5,0.001728
100000,500,402,200,1600,strided,1,8,1,1,0.5,0.001711
100000,500,403,200,1600,strided,1,8,1,1,0.5,0.001693
100000,500,404,200,1600,strided,1,8,1,1,0.5,0.001727
100000,500,405,200,1600,strided,1,8,1,1,0.5,0.001794
100000,500,406,200,1600,strided,1,8,1,1,0.5,0.001687
100000,500,407,200,1600,strided,1,8,1,1,0.5,0.00173
100000,500,408,200,1600,strided,1,8,1,1,0.5,0.001683
100000,500,409,200,1600,strided,1,8,1,1,0.5,0.001666
100000,500,410,200,1600,strided,1,8,1,1,0.5,0.001691
100000,500,411,200,1600,strided,1,8,1,1,0.5,0.001731
100000,500,412,200,1600,strided,1,8,1,1,0.5,0.001709
100000,500,413,200,1600,strided,1,8,1,1,0.5,0.001689
100000,500,414,200,1600,strided,1,8,1,1,0.5,0.001687
100000,500,415,200,1600,strided,1,8,1,1,0.5,0.001688
100000,500,416,200,1600,strided,1,8,1,1,0.5,0.001674
100000,500,417,200,1600,strided,1,8,1,1,0.5,0.001691
100000,500,418,200,1600,strided,1,8,1,1,0.5,0.001724
100000,500,419,200,1600,strided,1,8,1,1,0.5,0.001722
100000,500,420,200,1600,strided,1,8,1,1,0.5,0.001678
100000,500,421,200,1600,strided,1,8,1,1,0.5,0.001695
100000,500,422,200,1600,strided,1,8,1,1,0.5,0.001697
100000,500,423,200,1600,strided,1,8,1,1,0.5,0.001743
100000,500,424,200,1600,strided,1,8,1,1,0.5,0.002008
100000,500,425,200,1600,strided,1,8,1,1,0.5,0.001703
100000,500,426,200,1600,strided,1,8,1,1,0.5,0.001694
100000,500,427,200,1600,strided,1,8,1,1,0.5,0.001689
100000,500,428,200,1600,strided,1,8,1,1,0.5,0.001678
100000,500,429,200,1600,strided,1,8,1,1,0.5,0.001758
100000,500,430,200,1600,strided,1,8,1,1,0.5,0.001735
100000,500,431,200,1600,strided,1,8,1,1,0.5,0.001898
100000,500,432,200,1600,strided,1,8,1,1,0.5,0.00177
100000,500,433,200,1600,strided,1,8,1,1,0.5,0.001743
100000,500,434,200,1600,strided,1,8,1,1,0.5,0.001718
100000,500,435,200,1600,strided,1,8,1,1,0.5,0.001704
100000,500,436,200,1600,strided,1,8,1,1,0.5,0.001701
100000,500,437,200,1600,strided,1,8,1,1,0.5,0.001957
100000,500,438,200,1600,strided,1,8,1,1,0.5,0.001751
100000,500,439,200,1600,strided,1,8,1,1,0.5,0.001804
100000,500,440,200,1600,strided,1,8,1,1,0.5,0.001691
100000,500,441,200,1600,strided,1,8,1,1,0.5,0.00171
100000,500,442,200,1600,strided,1,8,1,1,0.5,0.001728
100000,500,443,200,1600,strided,1,8,1,1,0.5,0.001909
100000,500,444,200,1600,strided,1,8,1,1,0.5,0.001736
100000,500,445,200,1600,strided,1,8,1,1,0.5,0.001689
100000,500,446,200,1600,strided,1,8,1,1,0.5,0.0017
100000,500,447,200,1600,strided,1,8,1,1,0.5,0.001683
100000,500,448,200,1600,strided,1,8,1,1,0.5,0.001725
100000,500,449,200,1600,strided,1,8,1,1,0.5,0.001697
100000,500,450,200,1600,strided,1,8,1,1,0.5,0.001931
100000,500,451,200,1600,strided,1,8,1,1,0.5,0.001874
100000,500,452,200,1600,strided,1,8,1,1,0.5,0.001721
100000,500,453,200,1600,strided,1,8,1,1,0.5,0.001747
100000,500,454,200,1600,strided,1,8,1,1,0.5,0.001695
100000,500,455,200,1600,strided,1,8,1,1,0.5,0.001698
100000,500,456,200,1600,strided,1,8,1,1,0.5,0.001754
100000,500,457,200,1600,strided,1,8,1,1,0.5,0.001933
100000,500,458,200,1600,strided,1,8,1,1,0.5,0.00211
100000,500,459,200,1600,strided,1,8,1,1,0.5,0.001938
100000,500,460,200,1600,strided,1,8,1,1,0.5,0.001948
100000,500,461,200,1600,strided,1,8,1,1,0.5,0.002064
100000,500,462,200,1600,strided,1,8,1,1,0.5,0.00291
100000,500,463,200,1600,strided,1,8,1,1,0.5,0.00178
100000,500,464,200,1600,strided,1,8,1,1,0.5,0.00208
100000,500,465,200,1600,strided,1,8,1,1,0.5,0.002046
100000,500,466,200,1600,strided,1,8,1,1,0.5,0.00182
100000,500,467,200,1600,strided,1,8,1,1,0.5,0.002037
100000,500,468,200,1600,strided,1,8,1,1,0.5,0.001768
100000,500,469,200,1600,strided,1,8,1,1,0.5,0.001674
100000,500,470,200,1600,strided,1,8,1,1,0.5,0.001743
100000,500,471,200,1600,strided,1,8,1,1,0.5,0.001781
100000,500,472,200,1600,strided,1,8,1,1,0.5,0.002097
100000,500,473,200,1600,strided,1,8,1,1,0.5,0.001755
100000,500,474,200,1600,strided,1,8,1,1,0.5,0.001852
100000,500,475,200,1600,strided,1,8,1,1,0.5,0.001916
100000,500,476,200,1600,strided,1,8,1,1,0.5,0.001764
100000,500,477,200,1600,strided,1,8,1,1,0.5,0.001924
100000,500,478,200,1600,strided,1,8,1,1,0.5,0.001723
100000,500,479,200,1600,strided,1,8,1,1,0.5,0.001907
100000,500,480,200,1600,strided,1,8,1,1,0.5,0.001739
100000,500,481,200,1600,strided,1,8,1,1,0.5,0.001816
100000,500,482,200,1600,strided,1,8,1,1,0.5,0.001743
100000,500,483,200,1600,strided,1,8,1,1,0.5,0.00171
100000,500,484,200,1600,strided,1,8,1,1,0.5,0.001652
100000,500,485,200,1600,strided,1,8,1,1,0.5,0.001899
100000,500,486,200,1600,strided,1,8,1,1,0.5,0.001789
100000,500,487,200,1600,strided,1,8,1,1,0.5,0.00197
100000,500,488,200,1600,strided,1,8,1,1,0.5,0.00168
100000,500,489,200,1600,strided,1,8,1,1,0.5,0.001746
100000,500,490,200,1600,strided,1,8,1,1,0.5,0.001847
100000,500,491,200,1600,strided,1,8,1,1,0.5,0.001761
100000,500,492,200,1600,strided,1,8,1,1,0.5,0.001768
100000,500,493,200,1600,strided,1,8,1,1,0.5,0.001782
100000,500,494,200,1600,strided,1,8,1,1,0.5,0.001785
100000,500,495,200,1600,strided,1,8,1,1,0.5,0.001701
100000,500,496,200,1600,strided,1,8,1,1,0.5,0.001764
100000,500,497,200,1600,strided,1,8,1,1,0.5,0.001774
100000,500,498,200,1600,strided,1,8,1,1,0.5,0.001799
100000,500,499,200,1600,strided,1,8,1,1,0.5,0.001729
100000,500,0,200,1600,strided,1,8,5,5,0.5,0.005194
100000,500,1,200,1600,strided,1,8,5,5,0.5,0.004386
100000,500,2,200,1600,strided,1,8,5,5,0.5,0.004342
100000,500,3,200,1600,strided,1,8,5,5,0.5,0.004361
100000,500,4,200,1600,strided,1,8,5,5,0.5,0.004435
100000,500,5,200,1600,strided,1,8,5,5,0.5,0.004373
100000,500,6,200,1600,strided,1,8,5,5,0.5,0.004339
100000,500,7,200,1600,strided,1,8,5,5,0.5,0.004329
100000,500,8,200,1600,strided,1,8,5,5,0.5,0.004206
100000,500,9,200,1600,strided,1,8,5,5,0.5,0.004214
100000,500,10,200,1600,strided,1,8,5,5,0.5,0.004324
100000,500,11,200,1600,strided,1,8,5,5,0.5,0.0043
100000,500,12,200,1600,strided,1,8,5,5,0.5,0.008449
100000,500,13,200,1600,strided,1,8,5,5,0.5,0.009169
100000,500,14,200,1600,strided,1,8,5,5,0.5,0.004291
100000,500,15,200,1600,strided,1,8,5,5,0.5,0.004293
100000,500,16,200,1600,strided,1,8,5,5,0.5,0.004373
100000,500,17,200,1600,strided,1,8,5,5,0.5,0.004175
100000,500,18,200,1600,strided,1,8,5,5,0.5,0.004333
100000,500,19,200,1600,strided,1,8,5,5,0.5,0.004283
100000,500,20,200,1600,strided,1,8,5,5,0.5,0.004241
100000,500,21,200,1600,strided,1,8,5,5,0.5,0.004283
100000,500,22,200,1600,strided,1,8,5,5,0.5,0.004273
100000,500,23,200,1600,strided,1,8,5,5,0.5,0.004173
100000,500,24,200,1600,strided,1,8,5,5,0.5,0.004539
100000,500,25,200,1600,strided,1,8,5,5,0.5,0.004305
100000,500,26,200,1600,strided,1,8,5,5,0.5,0.004291
100000,500,27,200,1600,strided,1,8,5,5,0.5,0.004368
100000,500,28,200,1600,strided,1,8,5,5,0.5,0.004426
100000,500,29,200,1600,strided,1,8,5,5,0.5,0.004335
100000,500,30,200,1600,strided,1,8,5,5,0.5,0.004451
100000,500,31,200,1600,strided,1,8,5,5,0.5,0.004394
100000,500,32,200,1600,strided,1,8,5,5,0.5,0.004173
100000,500,33,200,1600,strided,1,8,5,5,0.5,0.004326
100000,500,34,200,1600,strided,1,8,5,5,0.5,0.004312
100000,500,35,200,1600,strided,1,8,5,5,0.5,0.004302
100000,500,36,200,1600,strided,1,8,5,5,0.5,0.00428
100000,500,37,200,1600,strided,1,8,5,5,0.5,0.004213
100000,500,38,200,1600,strided,1,8,5,5,0.5,0.004599
100000,500,39,200,1600,strided,1,8,5,5,0.5,0.004419
100000,500,40,200,1600,strided,1,8,5,5,0.5,0.004215
100000,500,41,200,1600,strided,1,8,5,5,0.5,0.004346
100000,500,42,200,1600,strided,1,8,5,5,0.5,0.004401
100000,500,43,200,1600,strided,1,8,5,5,0.5,0.004238
100000,500,44,200,1600,strided,1,8,5,5,0.5,0.004282
100000,500,45,200,1600,strided,1,8,5,5,0.5,0.004475
100000,500,46,200,1600,strided,1,8,5,5,0.5,0.004319
100000,500,47,200,1600,strided,1,8,5,5,0.5,0.004352
100000,500,48,200,1600,strided,1,8,5,5,0.5,0.004264
100000,500,49,200,1600,strided,1,8,5,5,0.5,0.004753
100000,500,50,200,1600,strided,1,8,5,5,0.5,0.004312
100000,500,51,200,1600,strided,1,8,5,5,0.5,0.004384
100000,500,52,200,1600,strided,1,8,5,5,0.5,0.004252
100000,500,53,200,1600,strided,1,8,5,5,0.5,0.004407
100000,500,54,200,1600,strided,1,8,5,5,0.5,0.004435
100000,500,55,200,1600,strided,1,8,5,5,0.5,0.004488
100000,500,56,200,1600,strided,1,8,5,5,0.5,0.004254
100000,500,57,200,1600,strided,1,8,5,5,0.5,0.00423
100000,500,58,200,1600,strided,1,8,5,5,0.5,0.004253
100000,500,59,200,1600,strided,1,8,5,5,0.5,0.004282
100000,500,60,200,1600,strided,1,8,5,5,0.5,0.004326
100000,500,61,200,1600,strided,1,8,5,5,0.5,0.004363
100000,500,62,200,1600,strided,1,8,5,5,0.5,0.004562
100000,500,63,200,1600,strided,1,8,5,5,0.5,0.004368
100000,500,64,200,1600,strided,1,8,5,5,0.5,0.004346
100000,500,65,200,1600,strided,1,8,5,5,0.5,0.004285
100000,500,66,200,1600,strided,1,8,5,5,0.5,0.004135
100000,500,67,200,1600,strided,1,8,5,5,0.5,0.00442
100000,500,68,200,1600,strided,1,8,5,5,0.5,0.004256
100000,500,69,200,1600,strided,1,8,5,5,0.5,0.006858
100000,500,70,200,1600,strided,1,8,5,5,0.5,0.004878
100000,500,71,200,1600,strided,1,8,5,5,0.5,0.005335
100000,500,72,200,1600,strided,1,8,5,5,0.5,0.004332
100000,500,73,200,1600,strided,1,8,5,5,0.5,0.006695
100000,500,74,200,1600,strided,1,8,5,5,0.5,0.007209
100000,500,75,200,1600,strided,1,8,5,5,0.5,0.006625
100000,500,76,200,1600,strided,1,8,5,5,0.5,0.006629
100000,500,77,200,1600,strided,1,8,5,5,0.5,0.004448
100000,500,78,200,1600,strided,1,8,5,5,0.5,0.004214
100000,500,79,200,1600,strided,1,8,5,5,0.5,0.004388
100000,500,80,200,1600,strided,1,8,5,5,0.5,0.004346
100000,500,81,200,1600,strided,1,8,5,5,0.5,0.004305
100000,500,82,200,1600,strided,1,8,5,5,0.5,0.004358
100000,500,83,200,1600,strided,1,8,5,5,0.5,0.004309
100000,500,84,200,1600,strided,1,8,5,5,0.5,0.004364
100000,500,85,200,1600,strided,1,8,5,5,0.5,0.004295
100000,500,86,200,1600,strided,1,8,5,5,0.5,0.004358
100000,500,87,200,1600,strided,1,8,5,5,0.5,0.004415
100000,500,88,200,1600,strided,1,8,5,5,0.5,0.004457
100000,500,89,200,1600,strided,1,8,5,5,0.5,0.004391
100000,500,90,200,1600,strided,1,8,5,5,0.5,0.00451
100000,500,91,200,1600,strided,1,8,5,5,0.5,0.004417
100000,500,92,200,1600,strided,1,8,5,5,0.5,0.004327
100000,500,93,200,1600,strided,1,8,5,5,0.5,0.004248
100000,500,94,200,1600,strided,1,8,5,5,0.5,0.004248
100000,500,95,200,1600,strided,1,8,5,5,0.5,0.004286
100000,500,96,200,1600,strided,1,8,5,5,0.5,0.004351
100000,500,97,200,1600,strided,1,8,5,5,0.5,0.004379
100000,500,98,200,1600,strided,1,8,5,5,0.5,0.004502
100000,500,99,200,1600,strided,1,8,5,5,0.5,0.004228
100000,500,100,200,1600,strided,1,8,5,5,0.5,0.00428
100000,500,101,200,1600,strided,1,8,5,5,0.5,0.004201
100000,500,102,200,1600,strided,1,8,5,5,0.5,0.004546
100000,500,103,200,1600,strided,1,8,5,5,0.5,0.004385
100000,500,104,200,1600,strided,1,8,5,5,0.5,0.004406
100000,500,105,200,1600,strided,1,8,5,5,0.5,0.004193
100000,500,106,200,1600,strided,1,8,5,5,0.5,0.004258
100000,500,107,200,1600,strided,1,8,5,5,0.5,0.004347
100000,500,108,200,1600,strided,1,8,5,5,0.5,0.0043
100000,500,109,200,1600,strided,1,8,5,5,0.5,0.004336
100000,500,110,200,1600,strided,1,8,5,5,0.5,0.004381
100000,500,111,200,1600,strided,1,8,5,5,0.5,0.004217
100000,500,112,200,1600,strided,1,8,5,5,0.5,0.004305
100000,500,113,200,1600,strided,1,8,5,5,0.5,0.004229
100000,500,114,200,1600,strided,1,8,5,5,0.5,0.004287
100000,500,115,200,1600,strided,1,8,5,5,0.5,0.004408
100000,500,116,200,1600,strided,1,8,5,5,0.5,0.004182
100000,500,117,200,1600,strided,1,8,5,5,0.5,0.004358
100000,500,118,200,1600,strided,1,8,5,5,0.5,0.00413
100000,500,119,200,1600,strided,1,8,5,5,0.5,0.00443
100000,500,120,200,1600,strided,1,8,5,5,0.5,0.004387
100000,500,121,200,1600,strided,1,8,5,5,0.5,0.004292
100000,500,122,200,1600,strided,1,8,5,5,0.5,0.004384
100000,500,123,200,1600,strided,1,8,5,5,0.5,0.004302
100000,500,124,200,1600,strided,1,8,5,5,0.5,0.00427
100000,500,125,200,1600,strided,1,8,5,5,0.5,0.004319
100000,500,126,200,1600,strided,1,8,5,5,0.5,0.00429
100000,500,127,200,1600,strided,1,8,5,5,0.5,0.004157
100000,500,128,200,1600,strided,1,8,5,5,0.5,0.004342
100000,500,129,200,1600,strided,1,8,5,5,0.5,0.004181
100000,500,130,200,1600,strided,1,8,5,5,0.5,0.00415
100000,500,131,200,1600,strided,1,8,5,5,0.5,0.004368
100000,500,132,200,1600,strided,1,8,5,5,0.5,0.004301
100000,500,133,200,1600,strided,1,8,5,5,0.5,0.004396
100000,500,134,200,1600,strided,1,8,5,5,0.5,0.004262
100000,500,135,200,1600,strided,1,8,5,5,0.5,0.004324
100000,500,136,200,1600,strided,1,8,5,5,0.5,0.004324
100000,500,137,200,1600,strided,1,8,5,5,0.5,0.004263
100000,500,138,200,1600,strided,1,8,5,5,0.5,0.004316
100000,500,139,200,1600,strided,1,8,5,5,0.5,0.004251
100000,500,140,200,1600,strided,1,8,5,5,0.5,0.004237
100000,500,141,200,1600,strided,1,8,5,5,0.5,0.004369
100000,500,142,200,1600,strided,1,8,5,5,0.5,0.004353
100000,500,143,200,1600,strided,1,8,5,5,0.5,0.00428
100000,500,144,200,1600,strided,1,8,5,5,0.5,0.004432
100000,500,145,200,1600,strided,1,8,5,5,0.5,0.004195
100000,500,146,200,1600,strided,1,8,5,5,0.5,0.004571
100000,500,147,200,1600,strided,1,8,5,5,0.5,0.004231
100000,500,148,200,1600,strided,1,8,5,5,0.5,0.004197
100000,500,149,200,1600,strided,1,8,5,5,0.5,0.004309
100000,500,150,200,1600,strided,1,8,5,5,0.5,0.004238
100000,500,151,200,1600,strided,1,8,5,5,0.5,0.004354
100000,500,152,200,1600,strided,1,8,5,5,0.5,0.004339
100000,500,153,200,1600,strided,1,8,5,5,0.5,0.004157
100000,500,154,200,1600,strided,1,8,5,5,0.5,0.004318
100000,500,155,200,1600,strided,1,8,5,5,0.5,0.004295
100000,500,156,200,1600,strided,1,8,5,5,0.5,0.005587
100000,500,157,200,1600,strided,1,8,5,5,0.5,0.004595
100000,500,158,200,1600,strided,1,8,5,5,0.5,0.004403
100000,500,159,200,1600,strided,1,8,5,5,0.5,0.004937
100000,500,160,200,1600,strided,1,8,5,5,0.5,0.00659
100000,500,161,200,1600,strided,1,8,5,5,0.5,0.004407
100000,500,162,200,1600,strided,1,8,5,5,0.5,0.004427
100000,500,163,200,1600,strided,1,8,5,5,0.5,0.004409
100000,500,164,200,1600,strided,1,8,5,5,0.5,0.004416
100000,500,165,200,1600,strided,1,8,5,5,0.5,0.004367
100000,500,166,200,1600,strided,1,8,5,5,0.5,0.004183
100000,500,167,200,1600,strided,1,8,5,5,0.5,0.004237
100000,500,168,200,1600,strided,1,8,5,5,0.5,0.00427
100000,500,169,200,1600,strided,1,8,5,5,0.5,0.004178
100000,500,170,200,1600,strided,1,8,5,5,0.5,0.004137
100000,500,171,200,1600,strided,1,8,5,5,0.5,0.004217
100000,500,172,200,1600,strided,1,8,5,5,0.5,0.004411
100000,500,173,200,1600,strided,1,8,5,5,0.5,0.004306
100000,500,174,200,1600,strided,1,8,5,5,0.5,0.004251
100000,500,175,200,1600,strided,1,8,5,5,0.5,0.004341
100000,500,176,200,1600,strided,1,8,5,5,0.5,0.004374
100000,500,177,200,1600,strided,1,8,5,5,0.5,0.004401
100000,500,178,200,1600,strided,1,8,5,5,0.5,0.004163
100000,500,179,200,1600,strided,1,8,5,5,0.5,0.004375
100000,500,180,200,1600,strided,1,8,5,5,0.5,0.004265
100000,500,181,200,1600,strided,1,8,5,5,0.5,0.004441
100000,500,182,200,1600,strided,1,8,5,5,0.5,0.004237
100000,500,183,200,1600,strided,1,8,5,5,0.5,0.004444
100000,500,184,200,1600,strided,1,8,5,5,0.5,0.004468
100000,500,185,200,1600,strided,1,8,5,5,0.5,0.004428
100000,500,186,200,1600,strided,1,8,5,5,0.5,0.004311
100000,500,187,200,1600,strided,1,8,5,5,0.5,0.004231
100000,500,188,200,1600,strided,1,8,5,5,0.5,0.004388
100000,500,189,200,1600,strided,1,8,5,5,0.5,0.004204
100000,500,190,200,1600,strided,1,8,5,5,0.5,0.004322
100000,500,191,200,1600,strided,1,8,5,5,0.5,0.004317
100000,500,192,200,1600,strided,1,8,5,5,0.5,0.004307
100000,500,193,200,1600,strided,1,8,5,5,0.5,0.004198
100000,500,194,200,1600,strided,1,8,5,5,0.5,0.00433
100000,500,195,200,1600,strided,1,8,5,5,0.5,0.004238
100000,500,196,200,1600,strided,1,8,5,5,0.5,0.004239
100000,500,197,200,1600,strided,1,8,5,5,0.5,0.004288
100000,500,198,200,1600,strided,1,8,5,5,0.5,0.004448
100000,500,199,200,1600,strided,1,8,5,5,0.5,0.004194
100000,500,200,200,1600,strided,1,8,5,5,0.5,0.004238
100000,500,201,200,1600,strided,1,8,5,5,0.5,0.004176
100000,500,202,200,1600,strided,1,8,5,5,0.5,0.004331
100000,500,203,200,1600,strided,1,8,5,5,0.5,0.004237
100000,500,204,200,1600,strided,1,8,5,5,0.5,0.004428
100000,500,205,200,1600,strided,1,8,5,5,0.5,0.004366
100000,500,206,200,1600,strided,1,8,5,5,0.5,0.004929
100000,500,207,200,1600,strided,1,8,5,5,0.5,0.004272
100000,500,208,200,1600,strided,1,8,5,5,0.5,0.004169
100000,500,209,200,1600,strided,1,8,5,5,0.5,0.004392
100000,500,210,200,1600,strided,1,8,5,5,0.5,0.004082
100000,500,211,200,1600,strided,1,8,5,5,0.5,0.004049
100000,500,212,200,1600,strided,1,8,5,5,0.5,0.004081
100000,500,213,200,1600,strided,1,8,5,5,0.5,0.00409
100000,500,214,200,1600,strided,1,8,5,5,0.5,0.004061
100000,500,215,200,1600,strided,1,8,5,5,0.5,0.004259
100000,500,216,200,1600,strided,1,8,5,5,0.5,0.004321
100000,500,217,200,1600,strided,1,8,5,5,0.5,0.004297
100000,500,218,200,1600,strided,1,8,5,5,0.5,0.004128
100000,500,219,200,1600,strided,1,8,5,5,0.5,0.004293
100000,500,220,200,1600,strided,1,8,5,5,0.5,0.004264
100000,500,221,200,1600,strided,1,8,5,5,0.5,0.004358
100000,500,222,200,1600,strided,1,8,5,5,0.5,0.004283
100000,500,223,200,1600,strided,1,8,5,5,0.5,0.004384
100000,500,224,200,1600,strided,1,8,5,5,0.5,0.004304
100000,500,225,200,1600,strided,1,8,5,5,0.5,0.004318
100000,500,226,200,1600,strided,1,8,5,5,0.5,0.00427
100000,500,227,200,1600,strided,1,8,5,5,0.5,0.004279
100000,500,228,200,1600,strided,1,8,5,5,0.5,0.004134
100000,500,229,200,1600,strided,1,8,5,5,0.5,0.004351
100000,500,230,200,1600,strided,1,8,5,5,0.5,0.004255
100000,500,231,200,1600,strided,1,8,5,5,0.5,0.00441
100000,500,232,200,1600,strided,1,8,5,5,0.5,0.004322
100000,500,233,200,1600,strided,1,8,5,5,0.5,0.004253
100000,500,234,200,1600,strided,1,8,5,5,0.5,0.004213
100000,500,235,200,1600,strided,1,8,5,5,0.5,0.004382
100000,500,236,200,1600,strided,1,8,5,5,0.5,0.004388
100000,500,237,200,1600,strided,1,8,5,5,0.5,0.004218
100000,500,238,200,1600,strided,1,8,5,5,0.5,0.004213
100000,500,239,200,1600,strided,1,8,5,5,0.5,0.004173
100000,500,240,200,1600,strided,1,8,5,5,0.5,0.004223
100000,500,241,200,1600,strided,1,8,5,5,0.5,0.004159
100000,500,242,200,1600,strided,1,8,5,5,0.5,0.004317
100000,500,243,200,1600,strided,1,8,5,5,0.5,0.004192
100000,500,244,200,1600,strided,1,8,5,5,0.5,0.004272
100000,500,245,200,1600,strided,1,8,5,5,0.5,0.005047
100000,500,246,200,1600,strided,1,8,5,5,0.5,0.006642
100000,500,247,200,1600,strided,1,8,5,5,0.5,0.006618
100000,500,248,200,1600,strided,1,8,5,5,0.5,0.00665
100000,500,249,200,1600,strided,1,8,5,5,0.5,0.006522
100000,500,250,200,1600,strided,1,8,5,5,0.5,0.004486
100000,500,251,200,1600,strided,1,8,5,5,0.5,0.004389
100000,500,252,200,1600,strided,1,8,5,5,0.5,0.004931
100000,500,253,200,1600,strided,1,8,5,5,0.5,0.004248
100000,500,254,200,1600,strided,1,8,5,5,0.5,0.004278
100000,500,255,200,1600,strided,1,8,5,5,0.5,0.00425
100000,500,256,200,1600,strided,1,8,5,5,0.5,0.004225
100000,500,257,200,1600,strided,1,8,5,5,0.5,0.0041
100000,500,258,200,1600,strided,1,8,5,5,0.5,0.004232
100000,500,259,200,1600,strided,1,8,5,5,0.5,0.004303
100000,500,260,200,1600,strided,1,8,5,5,0.5,0.004286
100000,500,261,200,1600,strided,1,8,5,5,0.5,0.004327
100000,500,262,200,1600,strided,1,8,5,5,0.5,0.004233
100000,500,263,200,1600,strided,1,8,5,5,0.5,0.004291
100000,500,264,200,1600,strided,1,8,5,5,0.5,0.004292
100000,500,265,200,1600,strided,1,8,5,5,0.5,0.00442
100000,500,266,200,1600,strided,1,8,5,5,0.5,0.004294
100000,500,267,200,1600,strided,1,8,5,5,0.5,0.004191
100000,500,268,200,1600,strided,1,8,5,5,0.5,0.004226
100000,500,269,200,1600,strided,1,8,5,5,0.5,0.004347
100000,500,270,200,1600,strided,1,8,5,5,0.5,0.004401
100000,500,271,200,1600,strided,1,8,5,5,0.5,0.004397
100000,500,272,200,1600,strided,1,8,5,5,0.5,0.004313
100000,500,273,200,1600,strided,1,8,5,5,0.5,0.004438
100000,500,274,200,1600,strided,1,8,5,5,0.5,0.004241
100000,500,275,200,1600,strided,1,8,5,5,0.5,0.004283
100000,500,276,200,1600,strided,1,8,5,5,0.5,0.004342
100000,500,277,200,1600,strided,1,8,5,5,0.5,0.004258
100000,500,278,200,1600,strided,1,8,5,5,0.5,0.00418
100000,500,279,200,1600,strided,1,8,5,5,0.5,0.004281
100000,500,280,200,1600,strided,1,8,5,5,0.5,0.00431
100000,500,281,200,1600,strided,1,8,5,5,0.5,0.004399
100000,500,282,200,1600,strided,1,8,5,5,0.5,0.004262
100000,500,283,200,1600,strided,1,8,5,5,0.5,0.004169
100000,500,284,200,1600,strided,1,8,5,5,0.5,0.004373
100000,500,285,200,1600,strided,1,8,5,5,0.5,0.004318
100000,500,286,200,1600,strided,1,8,5,5,0.5,0.004364
100000,500,287,200,1600,strided,1,8,5,5,0.5,0.004275
100000,500,288,200,1600,strided,1,8,5,5,0.5,0.004335
100000,500,289,200,1600,strided,1,8,5,5,0.5,0.004258
100000,500,290,200,1600,strided,1,8,5,5,0.5,0.004272
100000,500,291,200,1600,strided,1,8,5,5,0.5,0.004137
100000,500,292,200,1600,strided,1,8,5,5,0.5,0.004388
100000,500,293,200,1600,strided,1,8,5,5,0.5,0.0042
100000,500,294,200,1600,strided,1,8,5,5,0.5,0.004299
100000,500,295,200,1600,strided,1,8,5,5,0.5,0.004175
100000,500,296,200,1600,strided,1,8,5,5,0.5,0.004266
100000,500,297,200,1600,strided,1,8,5,5,0.5,0.004306
100000,500,298,200,1600,strided,1,8,5,5,0.5,0.004455
100000,500,299,200,1600,strided,1,8,5,5,0.5,0.004147
100000,500,300,200,1600,strided,1,8,5,5,0.5,0.004338
100000,500,301,200,1600,strided,1,8,5,5,0.5,0.004248
100000,500,302,200,1600,strided,1,8,5,5,0.5,0.004161
100000,500,303,200,1600,strided,1,8,5,5,0.5,0.004374
100000,500,304,200,1600,strided,1,8,5,5,0.5,0.004274
100000,500,305,200,1600,strided,1,8,5,5,0.5,0.004294
100000,500,306,200,1600,strided,1,8,5,5,0.5,0.004319
100000,500,307,200,1600,strided,1,8,5,5,0.5,0.004477
100000,500,308,200,1600,strided,1,8,5,5,0.5,0.004294
100000,500,309,200,1600,strided,1,8,5,5,0.5,0.004297
100000,500,310,200,1600,strided,1,8,5,5,0.5,0.004318
100000,500,311,200,1600,strided,1,8,5,5,0.5,0.004424
100000,500,312,200,1600,strided,1,8,5,5,0.5,0.004426
100000,500,313,200,1600,strided,1,8,5,5,0.5,0.004285
100000,500,314,200,1600,strided,1,8,5,5,0.5,0.004428
100000,500,315,200,1600,strided,1,8,5,5,0.5,0.004457
100000,500,316,200,1600,strided,1,8,5,5,0.5,0.004346
100000,500,317,200,1600,strided,1,8,5,5,0.5,0.004181
100000,500,318,200,1600,strided,1,8,5,5,0.5,0.004272
100000,500,319,200,1600,strided,1,8,5,5,0.5,0.004135
100000,500,320,200,1600,strided,1,8,5,5,0.5,0.00427
100000,500,321,200,1600,strided,1,8,5,5,0.5,0.004398
100000,500,322,200,1600,strided,1,8,5,5,0.5,0.004437
100000,500,323,200,1600,strided,1,8,5,5,0.5,0.004358
100000,500,324,200,1600,strided,1,8,5,5,0.5,0.004378
100000,500,325,200,1600,strided,1,8,5,5,0.5,0.004396
100000,500,326,200,1600,strided,1,8,5,5,0.5,0.004364
100000,500,327,200,1600,strided,1,8,5,5,0.5,0.004421
100000,500,328,200,1600,strided,1,8,5,5,0.5,0.004227
100000,500,329,200,1600,strided,1,8,5,5,0.5,0.004339
100000,500,330,200,1600,strided,1,8,5,5,0.5,0.004266
100000,500,331,200,1600,strided,1,8,5,5,0.5,0.004274
100000,500,332,200,1600,strided,1,8,5,5,0.5,0.00429
100000,500,333,200,1600,strided,1,8,5,5,0.5,0.004243
100000,500,334,200,1600,strided,1,8,5,5,0.5,0.004272
100000,500,335,200,1600,strided,1,8,5,5,0.5,0.004418
100000,500,336,200,1600,strided,1,8,5,5,0.5,0.004195
100000,500,337,200,1600,strided,1,8,5,5,0.5,0.004325
100000,500,338,200,1600,strided,1,8,5,5,0.5,0.004354
100000,500,339,200,1600,strided,1,8,5,5,0.5,0.004293
100000,500,340,200,1600,strided,1,8,5,5,0.5,0.004203
100000,500,341,200,1600,strided,1,8,5,5,0.5,0.004424
100000,500,342,200,1600,strided,1,8,5,5,0.5,0.004341
100000,500,343,200,1600,strided,1,8,5,5,0.5,0.004194
100000,500,344,200,1600,strided,1,8,5,5,0.5,0.004269
100000,500,345,200,1600,strided,1,8,5,5,0.5,0.004342
100000,500,346,200,1600,strided,1,8,5,5,0.5,0.00438
100000,500,347,200,1600,strided,1,8,5,5,0.5,0.004439
100000,500,348,200,1600,strided,1,8,5,5,0.5,0.004312
100000,500,349,200,1600,strided,1,8,5,5,0.5,0.004278
100000,500,350,200,1600,strided,1,8,5,5,0.5,0.004471
100000,500,351,200,1600,strided,1,8,5,5,0.5,0.00421
100000,500,352,200,1600,strided,1,8,5,5,0.5,0.004166
100000,500,353,200,1600,strided,1,8,5,5,0.5,0.004224
100000,500,354,200,1600,strided,1,8,5,5,0.5,0.004283
100000,500,355,200,1600,strided,1,8,5,5,0.5,0.004446
100000,500,356,200,1600,strided,1,8,5,5,0.5,0.004477
100000,500,357,200,1600,strided,1,8,5,5,0.5,0.004428
100000,500,358,200,1600,strided,1,8,5,5,0.5,0.004469
100000,500,359,200,1600,strided,1,8,5,5,0.5,0.004466
100000,500,360,200,1600,strided,1,8,5,5,0.5,0.0044
100000,500,361,200,1600,strided,1,8,5,5,0.5,0.004386
100000,500,362,200,1600,strided,1,8,5,5,0.5,0.004316
100000,500,363,200,1600,strided,1,8,5,5,0.5,0.004232
100000,500,364,200,1600,strided,1,8,5,5,0.5,0.004255
100000,500,365,200,1600,strided,1,8,5,5,0.5,0.004272
100000,500,366,200,1600,strided,1,8,5,5,0.5,0.004201
100000,500,367,200,1600,strided,1,8,5,5,0.5,0.004367
100000,500,368,200,1600,strided,1,8,5,5,0.5,0.004308
100000,500,369,200,1600,strided,1,8,5,5,0.5,0.006746
100000,500,370,200,1600,strided,1,8,5,5,0.5,0.006611
100000,500,371,200,1600,strided,1,8,5,5,0.5,0.006626
100000,500,372,200,1600,strided,1,8,5,5,0.5,0.006683
100000,500,373,200,1600,strided,1,8,5,5,0.5,0.006543
100000,500,374,200,1600,strided,1,8,5,5,0.5,0.007192
100000,500,375,200,1600,strided,1,8,5,5,0.5,0.006611
100000,500,376,200,1600,strided,1,8,5,5,0.5,0.006605
100000,500,377,200,1600,strided,1,8,5,5,0.5,0.006795
100000,500,378,200,1600,strided,1,8,5,5,0.5,0.004409
100000,500,379,200,1600,strided,1,8,5,5,0.5,0.004385
100000,500,380,200,1600,strided,1,8,5,5,0.5,0.004351
100000,500,381,200,1600,strided,1,8,5,5,0.5,0.004286
100000,500,382,200,1600,strided,1,8,5,5,0.5,0.004276
100000,500,383,200,1600,strided,1,8,5,5,0.5,0.004195
100000,500,384,200,1600,strided,1,8,5,5,0.5,0.004294
100000,500,385,200,1600,strided,1,8,5,5,0.5,0.004314
100000,500,386,200,1600,strided,1,8,5,5,0.5,0.004245
100000,500,387,200,1600,strided,1,8,5,5,0.5,0.004271
100000,500,388,200,1600,strided,1,8,5,5,0.5,0.004428
100000,500,389,200,1600,strided,1,8,5,5,0.5,0.004406
100000,500,390,200,1600,strided,1,8,5,5,0.5,0.004234
100000,500,391,200,1600,strided,1,8,5,5,0.5,0.004386
100000,500,392,200,1600,strided,1,8,5,5,0.5,0.004226
100000,500,393,200,1600,strided,1,8,5,5,0.5,0.004279
100000,500,394,200,1600,strided,1,8,5,5,0.5,0.004616
100000,500,395,200,1600,strided,1,8,5,5,0.5,0.004248
100000,500,396,200,1600,strided,1,8,5,5,0.5,0.004455
100000,500,397,200,1600,strided,1,8,5,5,0.5,0.004345
100000,500,398,200,1600,strided,1,8,5,5,0.5,0.004168
100000,500,399,200,1600,strided,1,8,5,5,0.5,0.004235
100000,500,400,200,1600,strided,1,8,5,5,0.5,0.004341
100000,500,401,200,1600,strided,1,8,5,5,0.5,0.004368
100000,500,402,200,1600,strided,1,8,5,5,0.5,0.004236
100000,500,403,200,1600,strided,1,8,5,5,0.5,0.004342
100000,500,404,200,1600,strided,1,8,5,5,0.5,0.004299
100000,500,405,200,1600,strided,1,8,5,5,0.5,0.004715
100000,500,406,200,1600,strided,1,8,5,5,0.5,0.004364
100000,500,407,200,1600,strided,1,8,5,5,0.5,0.004225
100000,500,408,200,1600,strided,1,8,5,5,0.5,0.004293
100000,500,409,200,1600,strided,1,8,5,5,0.5,0.004296
100000,500,410,200,1600,strided,1,8,5,5,0.5,0.00434
100000,500,411,200,1600,strided,1,8,5,5,0.5,0.004305
100000,500,412,200,1600,strided,1,8,5,5,0.5,0.004359
100000,500,413,200,1600,strided,1,8,5,5,0.5,0.005169
100000,500,414,200,1600,strided,1,8,5,5,0.5,0.004414
100000,500,415,200,1600,strided,1,8,5,5,0.5,0.004551
100000,500,416,200,1600,strided,1,8,5,5,0.5,0.004371
100000,500,417,200,1600,strided,1,8,5,5,0.5,0.004406
100000,500,418,200,1600,strided,1,8,5,5,0.5,0.004434
100000,500,419,200,1600,strided,1,8,5,5,0.5,0.004381
100000,500,420,200,1600,strided,1,8,5,5,0.5,0.004119
100000,500,421,200,1600,strided,1,8,5,5,0.5,0.004084
100000,500,422,200,1600,strided,1,8,5,5,0.5,0.004058
100000,500,423,200,1600,strided,1,8,5,5,0.5,0.00406
100000,500,424,200,1600,strided,1,8,5,5,0.5,0.004087
100000,500,425,200,1600,strided,1,8,5,5,0.5,0.004217
100000,500,426,200,1600,strided,1,8,5,5,0.5,0.004342
100000,500,427,200,1600,strided,1,8,5,5,0.5,0.004346
100000,500,428,200,1600,strided,1,8,5,5,0.5,0.004217
100000,500,429,200,1600,strided,1,8,5,5,0.5,0.004214
100000,500,430,200,1600,strided,1,8,5,5,0.5,0.004252
100000,500,431,200,1600,strided,1,8,5,5,0.5,0.004268
100000,500,432,200,1600,strided,1,8,5,5,0.5,0.004291
100000,500,433,200,1600,strided,1,8,5,5,0.5,0.004383
100000,500,434,200,1600,strided,1,8,5,5,0.5,0.004155
100000,500,435,200,1600,strided,1,8,5,5,0.5,0.004301
100000,500,436,200,1600,strided,1,8,5,5,0.5,0.00438
100000,500,437,200,1600,strided,1,8,5,5,0.5,0.004389
100000,500,438,200,1600,strided,1,8,5,5,0.5,0.004449
100000,500,439,200,1600,strided,1,8,5,5,0.5,0.004367
100000,500,440,200,1600,strided,1,8,5,5,0.5,0.004209
100000,500,441,200,1600,strided,1,8,5,5,0.5,0.004258
100000,500,442,200,1600,strided,1,8,5,5,0.5,0.004365
100000,500,443,200,1600,strided,1,8,5,5,0.5,0.004479
100000,500,444,200,1600,strided,1,8,5,5,0.5,0.004285
100000,500,445,200,1600,strided,1,8,5,5,0.5,0.004388
100000,500,446,200,1600,strided,1,8,5,5,0.5,0.004359
100000,500,447,200,1600,strided,1,8,5,5,0.5,0.004562
100000,500,448,200,1600,strided,1,8,5,5,0.5,0.004438
100000,500,449,200,1600,strided,1,8,5,5,0.5,0.004285
100000,500,450,200,1600,strided,1,8,5,5,0.5,0.004267
100000,500,451,200,1600,strided,1,8,5,5,0.5,0.004189
100000,500,452,200,1600,strided,1,8,5,5,0.5,0.00437
100000,500,453,200,1600,strided,1,8,5,5,0.5,0.004329
100000,500,454,200,1600,strided,1,8,5,5,0.5,0.004406
100000,500,455,200,1600,strided,1,8,5,5,0.5,0.004286
100000,500,456,200,1600,strided,1,8,5,5,0.5,0.006892
100000,500,457,200,1600,strided,1,8,5,5,0.5,0.007173
100000,500,458,200,1600,strided,1,8,5,5,0.5,0.004782
100000,500,459,200,1600,strided,1,8,5,5,0.5,0.004378
100000,500,460,200,1600,strided,1,8,5,5,0.5,0.004568
100000,500,461,200,1600,strided,1,8,5,5,0.5,0.004281
100000,500,462,200,1600,strided,1,8,5,5,0.5,0.004503
100000,500,463,200,1600,strided,1,8,5,5,0.5,0.004127
100000,500,464,200,1600,strided,1,8,5,5,0.5,0.004417
100000,500,465,200,1600,strided,1,8,5,5,0.5,0.004283
100000,500,466,200,1600,strided,1,8,5,5,0.5,0.004304
100000,500,467,200,1600,strided,1,8,5,5,0.5,0.004257
100000,500,468,200,1600,strided,1,8,5,5,0.5,0.004431
100000,500,469,200,1600,strided,1,8,5,5,0.5,0.00452
100000,500,470,200,1600,strided,1,8,5,5,0.5,0.00427
100000,500,471,200,1600,strided,1,8,5,5,0.5,0.004225
100000,500,472,200,1600,strided,1,8,5,5,0.5,0.00432
100000,500,473,200,1600,strided,1,8,5,5,0.5,0.004367
100000,500,474,200,1600,strided,1,8,5,5,0.5,0.004338
100000,500,475,200,1600,strided,1,8,5,5,0.5,0.004432
100000,500,476,200,1600,strided,1,8,5,5,0.5,0.004214
100000,500,477,200,1600,strided,1,8,5,5,0.5,0.004252
100000,500,478,200,1600,strided,1,8,5,5,0.5,0.004219
100000,500,479,200,1600,strided,1,8,5,5,0.5,0.004233
100000,500,480,200,1600,strided,1,8,5,5,0.5,0.004262
100000,500,481,200,1600,strided,1,8,5,5,0.5,0.005026
100000,500,482,200,1600,strided,1,8,5,5,0.5,0.004437
100000,500,483,200,1600,strided,1,8,5,5,0.5,0.004332
100000,500,484,200,1600,strided,1,8,5,5,0.5,0.004263
100000,500,485,200,1600,strided,1,8,5,5,0.5,0.004423
100000,500,486,200,1600,strided,1,8,5,5,0.5,0.00436
100000,500,487,200,1600,strided,1,8,5,5,0.5,0.004264
100000,500,488,200,1600,strided,1,8,5,5,0.5,0.004331
100000,500,489,200,1600,strided,1,8,5,5,0.5,0.004249
100000,500,490,200,1600,strided,1,8,5,5,0.5,0.00429
100000,500,491,200,1600,strided,1,8,5,5,0.5,0.004527
100000,500,492,200,1600,strided,1,8,5,5,0.5,0.004571
100000,500,493,200,1600,strided,1,8,5,5,0.5,0.00418
100000,500,494,200,1600,strided,1,8,5,5,0.5,0.004391
100000,500,495,200,1600,strided,1,8,5,5,0.5,0.006001
100000,500,496,200,1600,strided,1,8,5,5,0.5,0.004448
100000,500,497,200,1600,strided,1,8,5,5,0.5,0.004317
100000,500,498,200,1600,strided,1,8,5,5,0.5,0.004333
100000,500,499,200,1600,strided,1,8,5,5,0.5,0.004637
100000,500,0,200,1600,random,2,1,1,1,0.1,0.014674
100000,500,1,200,1600,random,2,1,1,1,0.1,0.014635
100000,500,2,200,1600,random,2,1,1,1,0.1,0.015181
100000,500,3,200,1600,random,2,1,1,1,0.1,0.014854
100000,500,4,200,1600,random,2,1,1,1,0.1,0.014843
100000,500,5,200,1600,random,2,1,1,1,0.1,0.014636
100000,500,6,200,1600,random,2,1,1,1,0.1,0.014772
100000,500,7,200,1600,random,2,1,1,1,0.1,0.014794
100000,500,8,200,1600,random,2,1,1,1,0.1,0.014748
100000,500,9,200,1600,random,2,1,1,1,0.1,0.014559
100000,500,10,200,1600,random,2,1,1,1,0.1,0.014407
100000,500,11,200,1600,random,2,1,1,1,0.1,0.014573
100000,500,12,200,1600,random,2,1,1,1,0.1,0.01436
100000,500,13,200,1600,random,2,1,1,1,0.1,0.014575
100000,500,14,200,1600,random,2,1,1,1,0.1,0.014596
100000,500,15,200,1600,random,2,1,1,1,0.1,0.014913
100000,500,16,200,1600,random,2,1,1,1,0.1,0.014767
100000,500,17,200,1600,random,2,1,1,1,0.1,0.014631
100000,500,18,200,1600,random,2,1,1,1,0.1,0.014605
100000,500,19,200,1600,random,2,1,1,1,0.1,0.014955
100000,500,20,200,1600,random,2,1,1,1,0.1,0.014473
100000,500,21,200,1600,random,2,1,1,1,0.1,0.014551
100000,500,22,200,1600,random,2,1,1,1,0.1,0.014546
100000,500,23,200,1600,random,2,1,1,1,0.1,0.014479
100000,500,24,200,1600,random,2,1,1,1,0.1,0.014589
100000,500,25,200,1600,random,2,1,1,1,0.1,0.0148
100000,500,26,200,1600,random,2,1,1,1,0.1,0.014603
100000,500,27,200,1600,random,2,1,1,1,0.1,0.014839
100000,500,28,200,1600,random,2,1,1,1,0.1,0.01499
100000,500,29,200,1600,random,2,1,1,1,0.1,0.014884
100000,500,30,200,1600,random,2,1,1,1,0.1,0.014606
100000,500,31,200,1600,random,2,1,1,1,0.1,0.014648
100000,500,32,200,1600,random,2,1,1,1,0.1,0.014964
100000,500,33,200,1600,random,2,1,1,1,0.1,0.014463
100000,500,34,200,1600,random,2,1,1,1,0.1,0.014656
100000,500,35,200,1600,random,2,1,1,1,0.1,0.014408
100000,500,36,200,1600,random,2,1,1,1,0.1,0.014803
100000,500,37,200,1600,random,2,1,1,1,0.1,0.014888
100000,500,38,200,1600,random,2,1,1,1,0.1,0.014661
100000,500,39,200,1600,random,2,1,1,1,0.1,0.014745
100000,500,40,200,1600,random,2,1,1,1,0.1,0.014721
100000,500,41,200,1600,random,2,1,1,1,0.1,0.014639
100000,500,42,200,1600,random,2,1,1,1,0.1,0.014594
100000,500,43,200,1600,random,2,1,1,1,0.1,0.014594
100000,500,44,200,1600,random,2,1,1,1,0.1,0.014456
100000,500,45,200,1600,random,2,1,1,1,0.1,0.014693
100000,500,46,200,1600,random,2,1,1,1,0.1,0.023002
100000,500,47,200,1600,random,2,1,1,1,0.1,0.020896
100000,500,48,200,1600,random,2,1,1,1,0.1,0.021151
100000,500,49,200,1600,random,2,1,1,1,0.1,0.020795
100000,500,50,200,1600,random,2,1,1,1,0.1,0.021031
100000,500,51,200,1600,random,2,1,1,1,0.1,0.01486
100000,500,52,200,1600,random,2,1,1,1,0.1,0.014738
100000,500,53,200,1600,random,2,1,1,1,0.1,0.014727
100000,500,54,200,1600,random,2,1,1,1,0.1,0.014738
100000,500,55,200,1600,random,2,1,1,1,0.1,0.015347
100000,500,56,200,1600,random,2,1,1,1,0.1,0.014573
100000,500,57,200,1600,random,2,1,1,1,0.1,0.014552
100000,500,58,200,1600,random,2,1,1,1,0.1,0.014797
100000,500,59,200,1600,random,2,1,1,1,0.1,0.015058
100000,500,60,200,1600,random,2,1,1,1,0.1,0.01463
100000,500,61,200,1600,random,2,1,1,1,0.1,0.014727
100000,500,62,200,1600,random,2,1,1,1,0.1,0.014948
100000,500,63,200,1600,random,2,1,1,1,0.1,0.014549
100000,500,64,200,1600,random,2,1,1,1,0.1,0.014835
100000,500,65,200,1600,random,2,1,1,1,0.1,0.015064
100000,500,66,200,1600,random,2,1,1,1,0.1,0.014736
100000,500,67,200,1600,random,2,1,1,1,0.1,0.014811
100000,500,68,200,1600,random,2,1,1,1,0.1,0.015354
100000,500,69,200,1600,random,2,1,1,1,0.1,0.014838
100000,500,70,200,1600,random,2,1,1,1,0.1,0.014588
100000,500,71,200,1600,random,2,1,1,1,0.1,0.014634
100000,500,72,200,1600,random,2,1,1,1,0.1,0.014915
100000,500,73,200,1600,random,2,1,1,1,0.1,0.014661
100000,500,74,200,1600,random,2,1,1,1,0.1,0.014567
100000,500,75,200,1600,random,2,1,1,1,0.1,0.014598
100000,500,76,200,1600,random,2,1,1,1,0.1,0.014995
100000,500,77,200,1600,random,2,1,1,1,0.1,0.014588
100000,500,78,200,1600,random,2,1,1,1,0.1,0.014957
100000,500,79,200,1600,random,2,1,1,1,0.1,0.014615
100000,500,80,200,1600,random,2,1,1,1,0.1,0.014666
100000,500,81,200,1600,random,2,1,1,1,0.1,0.015027
100000,500,82,200,1600,random,2,1,1,1,0.1,0.014642
100000,500,83,200,1600,random,2,1,1,1,0.1,0.014864
100000,500,84,200,1600,random,2,1,1,1,0.1,0.014719
100000,500,85,200,1600,random,2,1,1,1,0.1,0.015034
100000,500,86,200,1600,random,2,1,1,1,0.1,0.014774
100000,500,87,200,1600,random,2,1,1,1,0.1,0.014804
100000,500,88,200,1600,random,2,1,1,1,0.1,0.01482
100000,500,89,200,1600,random,2,1,1,1,0.1,0.014884
100000,500,90,200,1600,random,2,1,1,1,0.1,0.014675
100000,500,91,200,1600,random,2,1,1,1,0.1,0.015165
100000,500,92,200,1600,random,2,1,1,1,0.1,0.014658
100000,500,93,200,1600,random,2,1,1,1,0.1,0.014775
100000,500,94,200,1600,random,2,1,1,1,0.1,0.01477
100000,500,95,200,1600,random,2,1,1,1,0.1,0.014718
100000,500,96,200,1600,random,2,1,1,1,0.1,0.014495
100000,500,97,200,1600,random,2,1,1,1,0.1,0.014739
100000,500,98,200,1600,random,2,1,1,1,0.1,0.014704
100000,500,99,200,1600,random,2,1,1,1,0.1,0.014627
100000,500,100,200,1600,random,2,1,1,1,0.1,0.014805
100000,500,101,200,1600,random,2,1,1,1,0.1,0.014762
100000,500,102,200,1600,random,2,1,1,1,0.1,0.014872
100000,500,103,200,1600,random,2,1,1,1,0.1,0.014583
100000,500,104,200,1600,random,2,1,1,1,0.1,0.01454
100000,500,105,200,1600,random,2,1,1,1,0.1,0.014643
100000,500,106,200,1600,random,2,1,1,1,0.1,0.014849
100000,500,107,200,1600,random,2,1,1,1,0.1,0.014751
100000,500,108,200,1600,random,2,1,1,1,0.1,0.014913
100000,500,109,200,1600,random,2,1,1,1,0.1,0.014744
100000,500,110,200,1600,random,2,1,1,1,0.1,0.014888
100000,500,111,200,1600,random,2,1,1,1,0.1,0.014687
100000,500,112,200,1600,random,2,1,1,1,0.1,0.021506
100000,500,113,200,1600,random,2,1,1,1,0.1,0.020759
100000,500,114,200,1600,random,2,1,1,1,0.1,0.015245
100000,500,115,200,1600,random,2,1,1,1,0.1,0.015428
100000,500,116,200,1600,random,2,1,1,1,0.1,0.015208
100000,500,117,200,1600,random,2,1,1,1,0.1,0.014731
100000,500,118,200,1600,random,2,1,1,1,0.1,0.015001
100000,500,119,200,1600,random,2,1,1,1,0.1,0.014796
100000,500,120,200,1600,random,2,1,1,1,0.1,0.014925
100000,500,121,200,1600,random,2,1,1,1,0.1,0.014737
100000,500,122,200,1600,random,2,1,1,1,0.1,0.014456
100000,500,123,200,1600,random,2,1,1,1,0.1,0.014748
100000,500,124,200,1600,random,2,1,1,1,0.1,0.014523
100000,500,125,200,1600,random,2,1,1,1,0.1,0.014653
100000,500,126,200,1600,random,2,1,1,1,0.1,0.01467
100000,500,127,200,1600,random,2,1,1,1,0.1,0.01473
100000,500,128,200,1600,random,2,1,1,1,0.1,0.014717
100000,500,129,200,1600,random,2,1,1,1,0.1,0.014825
100000,500,130,200,1600,random,2,1,1,1,0.1,0.015208
100000,500,131,200,1600,random,2,1,1,1,0.1,0.014813
100000,500,132,200,1600,random,2,1,1,1,0.1,0.014802
100000,500,133,200,1600,random,2,1,1,1,0.1,0.014704
100000,500,134,200,1600,random,2,1,1,1,0.1,0.015212
100000,500,135,200,1600,random,2,1,1,1,0.1,0.014578
100000,500,136,200,1600,random,2,1,1,1,0.1,0.014872
100000,500,137,200,1600,random,2,1,1,1,0.1,0.015096
100000,500,138,200,1600,random,2,1,1,1,0.1,0.014976
100000,500,139,200,1600,random,2,1,1,1,0.1,0.014726
100000,500,140,200,1600,random,2,1,1,1,0.1,0.014845
100000,500,141,200,1600,random,2,1,1,1,0.1,0.014648
100000,500,142,200,1600,random,2,1,1,1,0.1,0.015114
100000,500,143,200,1600,random,2,1,1,1,0.1,0.014575
100000,500,144,200,1600,random,2,1,1,1,0.1,0.014754
100000,500,145,200,1600,random,2,1,1,1,0.1,0.01479
100000,500,146,200,1600,random,2,1,1,1,0.1,0.015152
100000,500,147,200,1600,random,2,1,1,1,0.1,0.014552
100000,500,148,200,1600,random,2,1,1,1,0.1,0.014493
100000,500,149,200,1600,random,2,1,1,1,0.1,0.014602
100000,500,150,200,1600,random,2,1,1,1,0.1,0.014605
100000,500,151,200,1600,random,2,1,1,1,0.1,0.014749
100000,500,152,200,1600,random,2,1,1,1,0.1,0.014666
100000,500,153,200,1600,random,2,1,1,1,0.1,0.014783
100000,500,154,200,1600,random,2,1,1,1,0.1,0.014589
100000,500,155,200,1600,random,2,1,1,1,0.1,0.015029
100000,500,156,200,1600,random,2,1,1,1,0.1,0.01483
100000,500,157,200,1600,random,2,1,1,1,0.1,0.014664
100000,500,158,200,1600,random,2,1,1,1,0.1,0.014933
100000,500,159,200,1600,random,2,1,1,1,0.1,0.014813
100000,500,160,200,1600,random,2,1,1,1,0.1,0.014717
100000,500,161,200,1600,random,2,1,1,1,0.1,0.014717
100000,500,162,200,1600,random,2,1,1,1,0.1,0.014721
100000,500,163,200,1600,random,2,1,1,1,0.1,0.015142
100000,500,164,200,1600,random,2,1,1,1,0.1,0.014806
100000,500,165,200,1600,random,2,1,1,1,0.1,0.014707
100000,500,166,200,1600,random,2,1,1,1,0.1,0.014773
100000,500,167,200,1600,random,2,1,1,1,0.1,0.014879
100000,500,168,200,1600,random,2,1,1,1,0.1,0.014604
100000,500,169,200,1600,random,2,1,1,1,0.1,0.014535
100000,500,170,200,1600,random,2,1,1,1,0.1,0.014338
100000,500,171,200,1600,random,2,1,1,1,0.1,0.014471
100000,500,172,200,1600,random,2,1,1,1,0.1,0.014693
100000,500,173,200,1600,random,2,1,1,1,0.1,0.014671
100000,500,174,200,1600,random,2,1,1,1,0.1,0.014539
100000,500,175,200,1600,random,2,1,1,1,0.1,0.01475
100000,500,176,200,1600,random,2,1,1,1,0.1,0.014916
100000,500,177,200,1600,random,2,1,1,1,0.1,0.014466
100000,500,178,200,1600,random,2,1,1,1,0.1,0.014589
100000,500,179,200,1600,random,2,1,1,1,0.1,0.014489
100000,500,180,200,1600,random,2,1,1,1,0.1,0.015129
100000,500,181,200,1600,random,2,1,1,1,0.1,0.01495
100000,500,182,200,1600,random,2,1,1,1,0.1,0.014712
100000,500,183,200,1600,random,2,1,1,1,0.1,0.014775
100000,500,184,200,1600,random,2,1,1,1,0.1,0.015111
100000,500,185,200,1600,random,2,1,1,1,0.1,0.014601
100000,500,186,200,1600,random,2,1,1,1,0.1,0.014646
100000,500,187,200,1600,random,2,1,1,1,0.1,0.014566
100000,500,188,200,1600,random,2,1,1,1,0.1,0.014709
100000,500,189,200,1600,random,2,1,1,1,0.1,0.014765
100000,500,190,200,1600,random,2,1,1,1,0.1,0.014732
100000,500,191,200,1600,random,2,1,1,1,0.1,0.014727
100000,500,192,200,1600,random,2,1,1,1,0.1,0.014527
100000,500,193,200,1600,random,2,1,1,1,0.1,0.014771
100000,500,194,200,1600,random,2,1,1,1,0.1,0.014534
100000,500,195,200,1600,random,2,1,1,1,0.1,0.0144
100000,500,196,200,1600,random,2,1,1,1,0.1,0.014484
100000,500,197,200,1600,random,2,1,1,1,0.1,0.01472
100000,500,198,200,1600,random,2,1,1,1,0.1,0.014807
100000,500,199,200,1600,random,2,1,1,1,0.1,0.014651
100000,500,200,200,1600,random,2,1,1,1,0.1,0.015607
100000,500,201,200,1600,random,2,1,1,1,0.1,0.024151
100000,500,202,200,1600,random,2,1,1,1,0.1,0.01542
100000,500,203,200,1600,random,2,1,1,1,0.1,0.020584
100000,500,204,200,1600,random,2,1,1,1,0.1,0.015312
100000,500,205,200,1600,random,2,1,1,1,0.1,0.014854
100000,500,206,200,1600,random,2,1,1,1,0.1,0.014501
100000,500,207,200,1600,random,2,1,1,1,0.1,0.014544
100000,500,208,200,1600,random,2,1,1,1,0.1,0.01515
100000,500,209,200,1600,random,2,1,1,1,0.1,0.014776
100000,500,210,200,1600,random,2,1,1,1,0.1,0.01506
100000,500,211,200,1600,random,2,1,1,1,0.1,0.014701
100000,500,212,200,1600,random,2,1,1,1,0.1,0.015083
100000,500,213,200,1600,random,2,1,1,1,0.1,0.0151
100000,500,214,200,1600,random,2,1,1,1,0.1,0.014814
100000,500,215,200,1600,random,2,1,1,1,0.1,0.014761
100000,500,216,200,1600,random,2,1,1,1,0.1,0.015019
100000,500,217,200,1600,random,2,1,1,1,0.1,0.014926
100000,500,218,200,1600,random,2,1,1,1,0.1,0.01496
100000,500,219,200,1600,random,2,1,1,1,0.1,0.015373
100000,500,220,200,1600,random,2,1,1,1,0.1,0.015834
100000,500,221,200,1600,random,2,1,1,1,0.1,0.014534
100000,500,222,200,1600,random,2,1,1,1,0.1,0.014694
100000,500,223,200,1600,random,2,1,1,1,0.1,0.01463
100000,500,224,200,1600,random,2,1,1,1,0.1,0.014924
100000,500,225,200,1600,random,2,1,1,1,0.1,0.0149
100000,500,226,200,1600,random,2,1,1,1,0.1,0.014915
100000,500,227,200,1600,random,2,1,1,1,0.1,0.014796
100000,500,228,200,1600,random,2,1,1,1,0.1,0.014773
100000,500,229,200,1600,random,2,1,1,1,0.1,0.015108
100000,500,230,200,1600,random,2,1,1,1,0.1,0.014845
100000,500,231,200,1600,random,2,1,1,1,0.1,0.014675
100000,500,232,200,1600,random,2,1,1,1,0.1,0.014725
100000,500,233,200,1600,random,2,1,1,1,0.1,0.01487
100000,500,234,200,1600,random,2,1,1,1,0.1,0.014956
100000,500,235,200,1600,random,2,1,1,1,0.1,0.01461
100000,500,236,200,1600,random,2,1,1,1,0.1,0.015081
100000,500,237,200,1600,random,2,1,1,1,0.1,0.014845
100000,500,238,200,1600,random,2,1,1,1,0.1,0.014587
100000,500,239,200,1600,random,2,1,1,1,0.1,0.014639
100000,500,240,200,1600,random,2,1,1,1,0.1,0.01467
100000,500,241,200,1600,random,2,1,1,1,0.1,0.014518
100000,500,242,200,1600,random,2,1,1,1,0.1,0.01518
100000,500,243,200,1600,random,2,1,1,1,0.1,0.014876
100000,500,244,200,1600,random,2,1,1,1,0.1,0.014635
100000,500,245,200,1600,random,2,1,1,1,0.1,0.01479
100000,500,246,200,1600,random,2,1,1,1,0.1,0.015086
100000,500,247,200,1600,random,2,1,1,1,0.1,0.014701
100000,500,248,200,1600,random,2,1,1,1,0.1,0.014654
100000,500,249,200,1600,random,2,1,1,1,0.1,0.014689
100000,500,250,200,1600,random,2,1,1,1,0.1,0.014613
100000,500,251,200,1600,random,2,1,1,1,0.1,0.014856
100000,500,252,200,1600,random,2,1,1,1,0.1,0.014766
100000,500,253,200,1600,random,2,1,1,1,0.1,0.014981
100000,500,254,200,1600,random,2,1,1,1,0.1,0.014782
100000,500,255,200,1600,random,2,1,1,1,0.1,0.014619
100000,500,256,200,1600,random,2,1,1,1,0.1,0.014602
100000,500,257,200,1600,random,2,1,1,1,0.1,0.015028
100000,500,258,200,1600,random,2,1,1,1,0.1,0.014897
100000,500,259,200,1600,random,2,1,1,1,0.1,0.015041
100000,500,260,200,1600,random,2,1,1,1,0.1,0.014867
100000,500,261,200,1600,random,2,1,1,1,0.1,0.014902
100000,500,262,200,1600,random,2,1,1,1,0.1,0.0149
100000,500,263,200,1600,random,2,1,1,1,0.1,0.014863
100000,500,264,200,1600,random,2,1,1,1,0.1,0.015048
100000,500,265,200,1600,random,2,1,1,1,0.1,0.0192
100000,500,266,200,1600,random,2,1,1,1,0.1,0.021374
100000,500,267,200,1600,random,2,1,1,1,0.1,0.021086
100000,500,268,200,1600,random,2,1,1,1,0.1,0.020735
100000,500,269,200,1600,random,2,1,1,1,0.1,0.020838
100000,500,270,200,1600,random,2,1,1,1,0.1,0.014755
100000,500,271,200,1600,random,2,1,1,1,0.1,0.01472
100000,500,272,200,1600,random,2,1,1,1,0.1,0.014567
100000,500,273,200,1600,random,2,1,1,1,0.1,0.014937
100000,500,274,200,1600,random,2,1,1,1,0.1,0.014641
100000,500,275,200,1600,random,2,1,1,1,0.1,0.014501
100000,500,276,200,1600,random,2,1,1,1,0.1,0.014906
100000,500,277,200,1600,random,2,1,1,1,0.1,0.015331
100000,500,278,200,1600,random,2,1,1,1,0.1,0.014874
100000,500,279,200,1600,random,2,1,1,1,0.1,0.014756
100000,500,280,200,1600,random,2,1,1,1,0.1,0.015006
100000,500,281,200,1600,random,2,1,1,1,0.1,0.01453
100000,500,282,200,1600,random,2,1,1,1,0.1,0.014762
100000,500,283,200,1600,random,2,1,1,1,0.1,0.014666
100000,500,284,200,1600,random,2,1,1,1,0.1,0.014684
100000,500,285,200,1600,random,2,1,1,1,0.1,0.014588
100000,500,286,200,1600,random,2,1,1,1,0.1,0.014886
100000,500,287,200,1600,random,2,1,1,1,0.1,0.014913
100000,500,288,200,1600,random,2,1,1,1,0.1,0.014707
100000,500,289,200,1600,random,2,1,1,1,0.1,0.0146
100000,500,290,200,1600,random,2,1,1,1,0.1,0.014861
100000,500,291,200,1600,random,2,1,1,1,0.1,0.014624
100000,500,292,200,1600,random,2,1,1,1,0.1,0.014579
100000,500,293,200,1600,random,2,1,1,1,0.1,0.014643
100000,500,294,200,1600,random,2,1,1,1,0.1,0.0146
100000,500,295,200,1600,random,2,1,1,1,0.1,0.014706
100000,500,296,200,1600,random,2,1,1,1,0.1,0.01466
100000,500,297,200,1600,random,2,1,1,1,0.1,0.014894
100000,500,298,200,1600,random,2,1,1,1,0.1,0.014875
100000,500,299,200,1600,random,2,1,1,1,0.1,0.014776
100000,500,300,200,1600,random,2,1,1,1,0.1,0.014595
100000,500,301,200,1600,random,2,1,1,1,0.1,0.014901
100000,500,302,200,1600,random,2,1,1,1,0.1,0.015031
100000,500,303,200,1600,random,2,1,1,1,0.1,0.014576
100000,500,304,200,1600,random,2,1,1,1,0.1,0.014606
100000,500,305,200,1600,random,2,1,1,1,0.1,0.014779
100000,500,306,200,1600,random,2,1,1,1,0.1,0.014728
100000,500,307,200,1600,random,2,1,1,1,0.1,0.014749
100000,500,308,200,1600,random,2,1,1,1,0.1,0.015059
100000,500,309,200,1600,random,2,1,1,1,0.1,0.014814
100000,500,310,200,1600,random,2,1,1,1,0.1,0.015295
100000,500,311,200,1600,random,2,1,1,1,0.1,0.014825
100000,500,312,200,1600,random,2,1,1,1,0.1,0.014577
100000,500,313,200,1600,random,2,1,1,1,0.1,0.014759
100000,500,314,200,1600,random,2,1,1,1,0.1,0.014725
100000,500,315,200,1600,random,2,1,1,1,0.1,0.015018
100000,500,316,200,1600,random,2,1,1,1,0.1,0.014528
100000,500,317,200,1600,random,2,1,1,1,0.1,0.014619
100000,500,318,200,1600,random,2,1,1,1,0.1,0.014825
100000,500,319,200,1600,random,2,1,1,1,0.1,0.014785
100000,500,320,200,1600,random,2,1,1,1,0.1,0.014598
100000,500,321,200,1600,random,2,1,1,1,0.1,0.014569
100000,500,322,200,1600,random,2,1,1,1,0.1,0.014568
100000,500,323,200,1600,random,2,1,1,1,0.1,0.014818
100000,500,324,200,1600,random,2,1,1,1,0.1,0.015066
100000,500,325,200,1600,random,2,1,1,1,0.1,0.015002
100000,500,326,200,1600,random,2,1,1,1,0.1,0.01478
100000,500,327,200,1600,random,2,1,1,1,0.1,0.014681
100000,500,328,200,1600,random,2,1,1,1,0.1,0.014812
100000,500,329,200,1600,random,2,1,1,1,0.1,0.014692
100000,500,330,200,1600,random,2,1,1,1,0.1,0.018965
100000,500,331,200,1600,random,2,1,1,1,0.1,0.021266
100000,500,332,200,1600,random,2,1,1,1,0.1,0.016363
100000,500,333,200,1600,random,2,1,1,1,0.1,0.020794
100000,500,334,200,1600,random,2,1,1,1,0.1,0.021074
100000,500,335,200,1600,random,2,1,1,1,0.1,0.014436
100000,500,336,200,1600,random,2,1,1,1,0.1,0.01466
100000,500,337,200,1600,random,2,1,1,1,0.1,0.014622
100000,500,338,200,1600,random,2,1,1,1,0.1,0.014606
100000,500,339,200,1600,random,2,1,1,1,0.1,0.014529
100000,500,340,200,1600,random,2,1,1,1,0.1,0.014607
100000,500,341,200,1600,random,2,1,1,1,0.1,0.01471
100000,500,342,200,1600,random,2,1,1,1,0.1,0.014773
100000,500,343,200,1600,random,2,1,1,1,0.1,0.014954
100000,500,344,200,1600,random,2,1,1,1,0.1,0.01481
100000,500,345,200,1600,random,2,1,1,1,0.1,0.014735
100000,500,346,200,1600,random,2,1,1,1,0.1,0.015133
100000,500,347,200,1600,random,2,1,1,1,0.1,0.014865
100000,500,348,200,1600,random,2,1,1,1,0.1,0.014906
100000,500,349,200,1600,random,2,1,1,1,0.1,0.014887
100000,500,350,200,1600,random,2,1,1,1,0.1,0.014841
100000,500,351,200,1600,random,2,1,1,1,0.1,0.014817
100000,500,352,200,1600,random,2,1,1,1,0.1,0.014805
100000,500,353,200,1600,random,2,1,1,1,0.1,0.014709
100000,500,354,200,1600,random,2,1,1,1,0.1,0.015363
100000,500,355,200,1600,random,2,1,1,1,0.1,0.01505
100000,500,356,200,1600,random,2,1,1,1,0.1,0.014653
100000,500,357,200,1600,random,2,1,1,1,0.1,0.014644
100000,500,358,200,1600,random,2,1,1,1,0.1,0.014886
100000,500,359,200,1600,random,2,1,1,1,0.1,0.014724
100000,500,360,200,1600,random,2,1,1,1,0.1,0.014681
100000,500,361,200,1600,random,2,1,1,1,0.1,0.014577
100000,500,362,200,1600,random,2,1,1,1,0.1,0.014804
100000,500,363,200,1600,random,2,1,1,1,0.1,0.015083
100000,500,364,200,1600,random,2,1,1,1,0.1,0.014613
100000,500,365,200,1600,random,2,1,1,1,0.1,0.014826
100000,500,366,200,1600,random,2,1,1,1,0.1,0.014693
100000,500,367,200,1600,random,2,1,1,1,0.1,0.01502
100000,500,368,200,1600,random,2,1,1,1,0.1,0.014768
100000,500,369,200,1600,random,2,1,1,1,0.1,0.014756
100000,500,370,200,1600,random,2,1,1,1,0.1,0.014505
100000,500,371,200,1600,random,2,1,1,1,0.1,0.015079
100000,500,372,200,1600,random,2,1,1,1,0.1,0.014792
100000,500,373,200,1600,random,2,1,1,1,0.1,0.014659
100000,500,374,200,1600,random,2,1,1,1,0.1,0.01497
100000,500,375,200,1600,random,2,1,1,1,0.1,0.014855
100000,500,376,200,1600,random,2,1,1,1,0.1,0.014786
100000,500,377,200,1600,random,2,1,1,1,0.1,0.015019
100000,500,378,200,1600,random,2,1,1,1,0.1,0.014664
100000,500,379,200,1600,random,2,1,1,1,0.1,0.014748
100000,500,380,200,1600,random,2,1,1,1,0.1,0.015028
100000,500,381,200,1600,random,2,1,1,1,0.1,0.015029
100000,500,382,200,1600,random,2,1,1,1,0.1,0.01471
100000,500,383,200,1600,random,2,1,1,1,0.1,0.014789
100000,500,384,200,1600,random,2,1,1,1,0.1,0.014698
100000,500,385,200,1600,random,2,1,1,1,0.1,0.014777
100000,500,386,200,1600,random,2,1,1,1,0.1,0.014608
100000,500,387,200,1600,random,2,1,1,1,0.1,0.014564
100000,500,388,200,1600,random,2,1,1,1,0.1,0.014975
100000,500,389,200,1600,random,2,1,1,1,0.1,0.014653
100000,500,390,200,1600,random,2,1,1,1,0.1,0.01493
100000,500,391,200,1600,random,2,1,1,1,0.1,0.014958
100000,500,392,200,1600,random,2,1,1,1,0.1,0.015197
100000,500,393,200,1600,random,2,1,1,1,0.1,0.014601
100000,500,394,200,1600,random,2,1,1,1,0.1,0.014878
100000,500,395,200,1600,random,2,1,1,1,0.1,0.015086
100000,500,396,200,1600,random,2,1,1,1,0.1,0.021681
100000,500,397,200,1600,random,2,1,1,1,0.1,0.015073
100000,500,398,200,1600,random,2,1,1,1,0.1,0.020778
100000,500,399,200,1600,random,2,1,1,1,0.1,0.021309
100000,500,400,200,1600,random,2,1,1,1,0.1,0.014801
100000,500,401,200,1600,random,2,1,1,1,0.1,0.014643
100000,500,402,200,1600,random,2,1,1,1,0.1,0.014918
100000,500,403,200,1600,random,2,1,1,1,0.1,0.014953
100000,500,404,200,1600,random,2,1,1,1,0.1,0.014607
100000,500,405,200,1600,random,2,1,1,1,0.1,0.014723
100000,500,406,200,1600,random,2,1,1,1,0.1,0.014804
100000,500,407,200,1600,random,2,1,1,1,0.1,0.015111
100000,500,408,200,1600,random,2,1,1,1,0.1,0.01491
100000,500,409,200,1600,random,2,1,1,1,0.1,0.014478
100000,500,410,200,1600,random,2,1,1,1,0.1,0.014995
100000,500,411,200,1600,random,2,1,1,1,0.1,0.01496
100000,500,412,200,1600,random,2,1,1,1,0.1,0.014682
100000,500,413,200,1600,random,2,1,1,1,0.1,0.014871
100000,500,414,200,1600,random,2,1,1,1,0.1,0.014555
100000,500,415,200,1600,random,2,1,1,1,0.1,0.014617
100000,500,416,200,1600,random,2,1,1,1,0.1,0.014909
100000,500,417,200,1600,random,2,1,1,1,0.1,0.014816
100000,500,418,200,1600,random,2,1,1,1,0.1,0.014875
100000,500,419,200,1600,random,2,1,1,1,0.1,0.014746
100000,500,420,200,1600,random,2,1,1,1,0.1,0.014933
100000,500,421,200,1600,random,2,1,1,1,0.1,0.014852
100000,500,422,200,1600,random,2,1,1,1,0.1,0.014616
100000,500,423,200,1600,random,2,1,1,1,0.1,0.01442
100000,500,424,200,1600,random,2,1,1,1,0.1,0.014867
100000,500,425,200,1600,random,2,1,1,1,0.1,0.014685
100000,500,426,200,1600,random,2,1,1,1,0.1,0.014598
100000,500,427,200,1600,random,2,1,1,1,0.1,0.014683
100000,500,428,200,1600,random,2,1,1,1,0.1,0.014828
100000,500,429,200,1600,random,2,1,1,1,0.1,0.014575
100000,500,430,200,1600,random,2,1,1,1,0.1,0.014628
100000,500,431,200,1600,random,2,1,1,1,0.1,0.014638
100000,500,432,200,1600,random,2,1,1,1,0.1,0.014662
100000,500,433,200,1600,random,2,1,1,1,0.1,0.01467
100000,500,434,200,1600,random,2,1,1,1,0.1,0.014765
100000,500,435,200,1600,random,2,1,1,1,0.1,0.014575
100000,500,436,200,1600,random,2,1,1,1,0.1,0.014881
100000,500,437,200,1600,random,2,1,1,1,0.1,0.014822
100000,500,438,200,1600,random,2,1,1,1,0.1,0.014924
100000,500,439,200,1600,random,2,1,1,1,0.1,0.014632
100000,500,440,200,1600,random,2,1,1,1,0.1,0.014735
100000,500,441,200,1600,random,2,1,1,1,0.1,0.014927
100000,500,442,200,1600,random,2,1,1,1,0.1,0.014745
100000,500,443,200,1600,random,2,1,1,1,0.1,0.014572
100000,500,444,200,1600,random,2,1,1,1,0.1,0.014541
100000,500,445,200,1600,random,2,1,1,1,0.1,0.014461
100000,500,446,200,1600,random,2,1,1,1,0.1,0.014997
100000,500,447,200,1600,random,2,1,1,1,0.1,0.014673
100000,500,448,200,1600,random,2,1,1,1,0.1,0.014487
100000,500,449,200,1600,random,2,1,1,1,0.1,0.014658
100000,500,450,200,1600,random,2,1,1,1,0.1,0.014948
100000,500,451,200,1600,random,2,1,1,1,0.1,0.014445
100000,500,452,200,1600,random,2,1,1,1,0.1,0.014634
100000,500,453,200,1600,random,2,1,1,1,0.1,0.014617
100000,500,454,200,1600,random,2,1,1,1,0.1,0.015009
100000,500,455,200,1600,random,2,1,1,1,0.1,0.015107
100000,500,456,200,1600,random,2,1,1,1,0.1,0.014852
100000,500,457,200,1600,random,2,1,1,1,0.1,0.014898
100000,500,458,200,1600,random,2,1,1,1,0.1,0.015628
100000,500,459,200,1600,random,2,1,1,1,0.1,0.015702
100000,500,460,200,1600,random,2,1,1,1,0.1,0.015795
100000,500,461,200,1600,random,2,1,1,1,0.1,0.015831
100000,500,462,200,1600,random,2,1,1,1,0.1,0.021193
100000,500,463,200,1600,random,2,1,1,1,0.1,0.021136
100000,500,464,200,1600,random,2,1,1,1,0.1,0.021395
100000,500,465,200,1600,random,2,1,1,1,0.1,0.021735
100000,500,466,200,1600,random,2,1,1,1,0.1,0.020667
100000,500,467,200,1600,random,2,1,1,1,0.1,0.014896
100000,500,468,200,1600,random,2,1,1,1,0.1,0.014763
100000,500,469,200,1600,random,2,1,1,1,0.1,0.014891
100000,500,470,200,1600,random,2,1,1,1,0.1,0.014894
100000,500,471,200,1600,random,2,1,1,1,0.1,0.015337
100000,500,472,200,1600,random,2,1,1,1,0.1,0.015066
100000,500,473,200,1600,random,2,1,1,1,0.1,0.015123
100000,500,474,200,1600,random,2,1,1,1,0.1,0.014812
100000,500,475,200,1600,random,2,1,1,1,0.1,0.014789
100000,500,476,200,1600,random,2,1,1,1,0.1,0.015187
100000,500,477,200,1600,random,2,1,1,1,0.1,0.015423
100000,500,478,200,1600,random,2,1,1,1,0.1,0.015001
100000,500,479,200,1600,random,2,1,1,1,0.1,0.014914
100000,500,480,200,1600,random,2,1,1,1,0.1,0.014634
100000,500,481,200,1600,random,2,1,1,1,0.1,0.014874
100000,500,482,200,1600,random,2,1,1,1,0.1,0.014517
100000,500,483,200,1600,random,2,1,1,1,0.1,0.014524
100000,500,484,200,1600,random,2,1,1,1,0.1,0.014705
100000,500,485,200,1600,random,2,1,1,1,0.1,0.014892
100000,500,486,200,1600,random,2,1,1,1,0.1,0.014722
100000,500,487,200,1600,random,2,1,1,1,0.1,0.014766
100000,500,488,200,1600,random,2,1,1,1,0.1,0.014653
100000,500,489,200,1600,random,2,1,1,1,0.1,0.015033
100000,500,490,200,1600,random,2,1,1,1,0.1,0.014785
100000,500,491,200,1600,random,2,1,1,1,0.1,0.014576
100000,500,492,200,1600,random,2,1,1,1,0.1,0.014757
100000,500,493,200,1600,random,2,1,1,1,0.1,0.01465
100000,500,494,200,1600,random,2,1,1,1,0.1,0.014626
100000,500,495,200,1600,random,2,1,1,1,0.1,0.014449
100000,500,496,200,1600,random,2,1,1,1,0.1,0.014566
100000,500,497,200,1600,random,2,1,1,1,0.1,0.015104
100000,500,498,200,1600,random,2,1,1,1,0.1,0.014545
100000,500,499,200,1600,random,2,1,1,1,0.1,0.01466
100000,500,0,200,1600,random,2,1,5,5,0.1,0.017022
100000,500,1,200,1600,random,2,1,5,5,0.1,0.016942
100000,500,2,200,1600,random,2,1,5,5,0.1,0.016924
100000,500,3,200,1600,random,2,1,5,5,0.1,0.033639
100000,500,4,200,1600,random,2,1,5,5,0.1,0.017066
100000,500,5,200,1600,random,2,1,5,5,0.1,0.017067
100000,500,6,200,1600,random,2,1,5,5,0.1,0.017119
100000,500,7,200,1600,random,2,1,5,5,0.1,0.016889
100000,500,8,200,1600,random,2,1,5,5,0.1,0.016927
100000,500,9,200,1600,random,2,1,5,5,0.1,0.016708
100000,500,10,200,1600,random,2,1,5,5,0.1,0.016618
100000,500,11,200,1600,random,2,1,5,5,0.1,0.016972
100000,500,12,200,1600,random,2,1,5,5,0.1,0.016974
100000,500,13,200,1600,random,2,1,5,5,0.1,0.016885
100000,500,14,200,1600,random,2,1,5,5,0.1,0.017071
100000,500,15,200,1600,random,2,1,5,5,0.1,0.017139
100000,500,16,200,1600,random,2,1,5,5,0.1,0.017094
100000,500,17,200,1600,random,2,1,5,5,0.1,0.016839
100000,500,18,200,1600,random,2,1,5,5,0.1,0.016935
100000,500,19,200,1600,random,2,1,5,5,0.1,0.017178
100000,500,20,200,1600,random,2,1,5,5,0.1,0.016831
100000,500,21,200,1600,random,2,1,5,5,0.1,0.016966
100000,500,22,200,1600,random,2,1,5,5,0.1,0.016733
100000,500,23,200,1600,random,2,1,5,5,0.1,0.016909
100000,500,24,200,1600,random,2,1,5,5,0.1,0.016822
100000,500,25,200,1600,random,2,1,5,5,0.1,0.017177
100000,500,26,200,1600,random,2,1,5,5,0.1,0.016912
100000,500,27,200,1600,random,2,1,5,5,0.1,0.016564
100000,500,28,200,1600,random,2,1,5,5,0.1,0.017001
100000,500,29,200,1600,random,2,1,5,5,0.1,0.016683
100000,500,30,200,1600,random,2,1,5,5,0.1,0.017038
100000,500,31,200,1600,random,2,1,5,5,0.1,0.017078
100000,500,32,200,1600,random,2,1,5,5,0.1,0.017087
100000,500,33,200,1600,random,2,1,5,5,0.1,0.016768
100000,500,34,200,1600,random,2,1,5,5,0.1,0.016818
100000,500,35,200,1600,random,2,1,5,5,0.1,0.016998
100000,500,36,200,1600,random,2,1,5,5,0.1,0.017007
100000,500,37,200,1600,random,2,1,5,5,0.1,0.016889
100000,500,38,200,1600,random,2,1,5,5,0.1,0.017028
100000,500,39,200,1600,random,2,1,5,5,0.1,0.01699
100000,500,40,200,1600,random,2,1,5,5,0.1,0.016837
100000,500,41,200,1600,random,2,1,5,5,0.1,0.016956
100000,500,42,200,1600,random,2,1,5,5,0.1,0.017238
100000,500,43,200,1600,random,2,1,5,5,0.1,0.017099
100000,500,44,200,1600,random,2,1,5,5,0.1,0.017146
100000,500,45,200,1600,random,2,1,5,5,0.1,0.016864
100000,500,46,200,1600,random,2,1,5,5,0.1,0.017148
100000,500,47,200,1600,random,2,1,5,5,0.1,0.017019
100000,500,48,200,1600,random,2,1,5,5,0.1,0.017106
100000,500,49,200,1600,random,2,1,5,5,0.1,0.017077
100000,500,50,200,1600,random,2,1,5,5,0.1,0.016987
100000,500,51,200,1600,random,2,1,5,5,0.1,0.016792
100000,500,52,200,1600,random,2,1,5,5,0.1,0.017361
100000,500,53,200,1600,random,2,1,5,5,0.1,0.016942
100000,500,54,200,1600,random,2,1,5,5,0.1,0.01686
100000,500,55,200,1600,random,2,1,5,5,0.1,0.017129
100000,500,56,200,1600,random,2,1,5,5,0.1,0.017284
100000,500,57,200,1600,random,2,1,5,5,0.1,0.016961
100000,500,58,200,1600,random,2,1,5,5,0.1,0.016812
100000,500,59,200,1600,random,2,1,5,5,0.1,0.016882
100000,500,60,200,1600,random,2,1,5,5,0.1,0.017031
100000,500,61,200,1600,random,2,1,5,5,0.1,0.016865
100000,500,62,200,1600,random,2,1,5,5,0.1,0.017075
100000,500,63,200,1600,random,2,1,5,5,0.1,0.016932
100000,500,64,200,1600,random,2,1,5,5,0.1,0.017624
100000,500,65,200,1600,random,2,1,5,5,0.1,0.01703
100000,500,66,200,1600,random,2,1,5,5,0.1,0.016979
100000,500,67,200,1600,random,2,1,5,5,0.1,0.016822
100000,500,68,200,1600,random,2,1,5,5,0.1,0.017516
100000,500,69,200,1600,random,2,1,5,5,0.1,0.017184
100000,500,70,200,1600,random,2,1,5,5,0.1,0.017151
100000,500,71,200,1600,random,2,1,5,5,0.1,0.017365
100000,500,72,200,1600,random,2,1,5,5,0.1,0.016902
100000,500,73,200,1600,random,2,1,5,5,0.1,0.016745
100000,500,74,200,1600,random,2,1,5,5,0.1,0.016924
100000,500,75,200,1600,random,2,1,5,5,0.1,0.016707
100000,500,76,200,1600,random,2,1,5,5,0.1,0.016688
100000,500,77,200,1600,random,2,1,5,5,0.1,0.016689
100000,500,78,200,1600,random,2,1,5,5,0.1,0.017254
100000,500,79,200,1600,random,2,1,5,5,0.1,0.017404
100000,500,80,200,1600,random,2,1,5,5,0.1,0.016799
100000,500,81,200,1600,random,2,1,5,5,0.1,0.016842
100000,500,82,200,1600,random,2,1,5,5,0.1,0.016789
100000,500,83,200,1600,random,2,1,5,5,0.1,0.016756
100000,500,84,200,1600,random,2,1,5,5,0.1,0.016559
100000,500,85,200,1600,random,2,1,5,5,0.1,0.016754
100000,500,86,200,1600,random,2,1,5,5,0.1,0.016772
100000,500,87,200,1600,random,2,1,5,5,0.1,0.016977
100000,500,88,200,1600,random,2,1,5,5,0.1,0.01685
100000,500,89,200,1600,random,2,1,5,5,0.1,0.016799
100000,500,90,200,1600,random,2,1,5,5,0.1,0.016978
100000,500,91,200,1600,random,2,1,5,5,0.1,0.017569
100000,500,92,200,1600,random,2,1,5,5,0.1,0.017174
100000,500,93,200,1600,random,2,1,5,5,0.1,0.017043
100000,500,94,200,1600,random,2,1,5,5,0.1,0.01694
100000,500,95,200,1600,random,2,1,5,5,0.1,0.017293
100000,500,96,200,1600,random,2,1,5,5,0.1,0.016948
100000,500,97,200,1600,random,2,1,5,5,0.1,0.017222
100000,500,98,200,1600,random,2,1,5,5,0.1,0.016831
100000,500,99,200,1600,random,2,1,5,5,0.1,0.017184
100000,500,100,200,1600,random,2,1,5,5,0.1,0.016876
100000,500,101,200,1600,random,2,1,5,5,0.1,0.016875
100000,500,102,200,1600,random,2,1,5,5,0.1,0.017412
100000,500,103,200,1600,random,2,1,5,5,0.1,0.016944
100000,500,104,200,1600,random,2,1,5,5,0.1,0.016908
100000,500,105,200,1600,random,2,1,5,5,0.1,0.017193
100000,500,106,200,1600,random,2,1,5,5,0.1,0.017288
100000,500,107,200,1600,random,2,1,5,5,0.1,0.016831
100000,500,108,200,1600,random,2,1,5,5,0.1,0.016856
100000,500,109,200,1600,random,2,1,5,5,0.1,0.018396
100000,500,110,200,1600,random,2,1,5,5,0.1,0.01696
100000,500,111,200,1600,random,2,1,5,5,0.1,0.01678
100000,500,112,200,1600,random,2,1,5,5,0.1,0.016666
100000,500,113,200,1600,random,2,1,5,5,0.1,0.016865
100000,500,114,200,1600,random,2,1,5,5,0.1,0.016679
100000,500,115,200,1600,random,2,1,5,5,0.1,0.016617
100000,500,116,200,1600,random,2,1,5,5,0.1,0.016844
100000,500,117,200,1600,random,2,1,5,5,0.1,0.016823
100000,500,118,200,1600,random,2,1,5,5,0.1,0.016664
100000,500,119,200,1600,random,2,1,5,5,0.1,0.016764
100000,500,120,200,1600,random,2,1,5,5,0.1,0.016752
100000,500,121,200,1600,random,2,1,5,5,0.1,0.017067
100000,500,122,200,1600,random,2,1,5,5,0.1,0.017059
100000,500,123,200,1600,random,2,1,5,5,0.1,0.01701
100000,500,124,200,1600,random,2,1,5,5,0.1,0.017083
100000,500,125,200,1600,random,2,1,5,5,0.1,0.017268
100000,500,126,200,1600,random,2,1,5,5,0.1,0.017263
100000,500,127,200,1600,random,2,1,5,5,0.1,0.017259
100000,500,128,200,1600,random,2,1,5,5,0.1,0.016812
100000,500,129,200,1600,random,2,1,5,5,0.1,0.016904
100000,500,130,200,1600,random,2,1,5,5,0.1,0.016974
100000,500,131,200,1600,random,2,1,5,5,0.1,0.016969
100000,500,132,200,1600,random,2,1,5,5,0.1,0.017131
100000,500,133,200,1600,random,2,1,5,5,0.1,0.01694
100000,500,134,200,1600,random,2,1,5,5,0.1,0.016863
100000,500,135,200,1600,random,2,1,5,5,0.1,0.016884
100000,500,136,200,1600,random,2,1,5,5,0.1,0.017086
100000,500,137,200,1600,random,2,1,5,5,0.1,0.017242
100000,500,138,200,1600,random,2,1,5,5,0.1,0.017016
100000,500,139,200,1600,random,2,1,5,5,0.1,0.016872
100000,500,140,200,1600,random,2,1,5,5,0.1,0.017328
100000,500,141,200,1600,random,2,1,5,5,0.1,0.017376
100000,500,142,200,1600,random,2,1,5,5,0.1,0.016947
100000,500,143,200,1600,random,2,1,5,5,0.1,0.017218
100000,500,144,200,1600,random,2,1,5,5,0.1,0.017092
100000,500,145,200,1600,random,2,1,5,5,0.1,0.016989
100000,500,146,200,1600,random,2,1,5,5,0.1,0.016866
100000,500,147,200,1600,random,2,1,5,5,0.1,0.017064
100000,500,148,200,1600,random,2,1,5,5,0.1,0.016898
100000,500,149,200,1600,random,2,1,5,5,0.1,0.017116
100000,500,150,200,1600,random,2,1,5,5,0.1,0.016797
100000,500,151,200,1600,random,2,1,5,5,0.1,0.016921
100000,500,152,200,1600,random,2,1,5,5,0.1,0.016867
100000,500,153,200,1600,random,2,1,5,5,0.1,0.016781
100000,500,154,200,1600,random,2,1,5,5,0.1,0.016982
100000,500,155,200,1600,random,2,1,5,5,0.1,0.016834
100000,500,156,200,1600,random,2,1,5,5,0.1,0.017577
100000,500,157,200,1600,random,2,1,5,5,0.1,0.017111
100000,500,158,200,1600,random,2,1,5,5,0.1,0.017138
100000,500,159,200,1600,random,2,1,5,5,0.1,0.016832
100000,500,160,200,1600,random,2,1,5,5,0.1,0.017093
100000,500,161,200,1600,random,2,1,5,5,0.1,0.017035
100000,500,162,200,1600,random,2,1,5,5,0.1,0.016768
100000,500,163,200,1600,random,2,1,5,5,0.1,0.017397
100000,500,164,200,1600,random,2,1,5,5,0.1,0.017095
100000,500,165,200,1600,random,2,1,5,5,0.1,0.017132
100000,500,166,200,1600,random,2,1,5,5,0.1,0.016674
100000,500,167,200,1600,random,2,1,5,5,0.1,0.01733
100000,500,168,200,1600,random,2,1,5,5,0.1,0.016939
100000,500,169,200,1600,random,2,1,5,5,0.1,0.01679
100000,500,170,200,1600,random,2,1,5,5,0.1,0.016716
100000,500,171,200,1600,random,2,1,5,5,0.1,0.016991
100000,500,172,200,1600,random,2,1,5,5,0.1,0.017256
100000,500,173,200,1600,random,2,1,5,5,0.1,0.023009
100000,500,174,200,1600,random,2,1,5,5,0.1,0.023085
100000,500,175,200,1600,random,2,1,5,5,0.1,0.017629
100000,500,176,200,1600,random,2,1,5,5,0.1,0.017069
100000,500,177,200,1600,random,2,1,5,5,0.1,0.016599
100000,500,178,200,1600,random,2,1,5,5,0.1,0.017162
100000,500,179,200,1600,random,2,1,5,5,0.1,0.016804
100000,500,180,200,1600,random,2,1,5,5,0.1,0.016838
100000,500,181,200,1600,random,2,1,5,5,0.1,0.016922
100000,500,182,200,1600,random,2,1,5,5,0.1,0.016864
100000,500,183,200,1600,random,2,1,5,5,0.1,0.017114
100000,500,184,200,1600,random,2,1,5,5,0.1,0.017008
100000,500,185,200,1600,random,2,1,5,5,0.1,0.016763
100000,500,186,200,1600,random,2,1,5,5,0.1,0.017337
100000,500,187,200,1600,random,2,1,5,5,0.1,0.016679
100000,500,188,200,1600,random,2,1,5,5,0.1,0.017311
100000,500,189,200,1600,random,2,1,5,5,0.1,0.017023
100000,500,190,200,1600,random,2,1,5,5,0.1,0.017116
100000,500,191,200,1600,random,2,1,5,5,0.1,0.016904
100000,500,192,200,1600,random,2,1,5,5,0.1,0.016882
100000,500,193,200,1600,random,2,1,5,5,0.1,0.01723
100000,500,194,200,1600,random,2,1,5,5,0.1,0.016829
100000,500,195,200,1600,random,2,1,5,5,0.1,0.01689
100000,500,196,200,1600,random,2,1,5,5,0.1,0.016784
100000,500,197,200,1600,random,2,1,5,5,0.1,0.017003
100000,500,198,200,1600,random,2,1,5,5,0.1,0.01689
100000,500,199,200,1600,random,2,1,5,5,0.1,0.016681
100000,500,200,200,1600,random,2,1,5,5,0.1,0.01674
100000,500,201,200,1600,random,2,1,5,5,0.1,0.018231
100000,500,202,200,1600,random,2,1,5,5,0.1,0.018398
100000,500,203,200,1600,random,2,1,5,5,0.1,0.018419
100000,500,204,200,1600,random,2,1,5,5,0.1,0.018304
100000,500,205,200,1600,random,2,1,5,5,0.1,0.017266
100000,500,206,200,1600,random,2,1,5,5,0.1,0.016667
100000,500,207,200,1600,random,2,1,5,5,0.1,0.016912
100000,500,208,200,1600,random,2,1,5,5,0.1,0.016678
100000,500,209,200,1600,random,2,1,5,5,0.1,0.017069
100000,500,210,200,1600,random,2,1,5,5,0.1,0.017182
100000,500,211,200,1600,random,2,1,5,5,0.1,0.016802
100000,500,212,200,1600,random,2,1,5,5,0.1,0.016897
100000,500,213,200,1600,random,2,1,5,5,0.1,0.016795
100000,500,214,200,1600,random,2,1,5,5,0.1,0.016913
100000,500,215,200,1600,random,2,1,5,5,0.1,0.016775
100000,500,216,200,1600,random,2,1,5,5,0.1,0.016623
100000,500,217,200,1600,random,2,1,5,5,0.1,0.016967
100000,500,218,200,1600,random,2,1,5,5,0.1,0.017083
100000,500,219,200,1600,random,2,1,5,5,0.1,0.016934
100000,500,220,200,1600,random,2,1,5,5,0.1,0.016809
100000,500,221,200,1600,random,2,1,5,5,0.1,0.016825
100000,500,222,200,1600,random,2,1,5,5,0.1,0.016628
100000,500,223,200,1600,random,2,1,5,5,0.1,0.016671
100000,500,224,200,1600,random,2,1,5,5,0.1,0.016635
100000,500,225,200,1600,random,2,1,5,5,0.1,0.017302
100000,500,226,200,1600,random,2,1,5,5,0.1,0.016976
100000,500,227,200,1600,random,2,1,5,5,0.1,0.017181
100000,500,228,200,1600,random,2,1,5,5,0.1,0.017299
100000,500,229,200,1600,random,2,1,5,5,0.1,0.016984
100000,500,230,200,1600,random,2,1,5,5,0.1,0.016872
100000,500,231,200,1600,random,2,1,5,5,0.1,0.01708
100000,500,232,200,1600,random,2,1,5,5,0.1,0.016963
100000,500,233,200,1600,random,2,1,5,5,0.1,0.016712
100000,500,234,200,1600,random,2,1,5,5,0.1,0.017459
100000,500,235,200,1600,random,2,1,5,5,0.1,0.016823
100000,500,236,200,1600,random,2,1,5,5,0.1,0.017155
100000,500,237,200,1600,random,2,1,5,5,0.1,0.016878
100000,500,238,200,1600,random,2,1,5,5,0.1,0.017028
100000,500,239,200,1600,random,2,1,5,5,0.1,0.016987
100000,500,240,200,1600,random,2,1,5,5,0.1,0.017133
100000,500,241,200,1600,random,2,1,5,5,0.1,0.016962
100000,500,242,200,1600,random,2,1,5,5,0.1,0.016645
100000,500,243,200,1600,random,2,1,5,5,0.1,0.016759
100000,500,244,200,1600,random,2,1,5,5,0.1,0.016927
100000,500,245,200,1600,random,2,1,5,5,0.1,0.017731
100000,500,246,200,1600,random,2,1,5,5,0.1,0.01707
100000,500,247,200,1600,random,2,1,5,5,0.1,0.016602
100000,500,248,200,1600,random,2,1,5,5,0.1,0.01708
100000,500,249,200,1600,random,2,1,5,5,0.1,0.01685
100000,500,250,200,1600,random,2,1,5,5,0.1,0.017396
100000,500,251,200,1600,random,2,1,5,5,0.1,0.017007
100000,500,252,200,1600,random,2,1,5,5,0.1,0.016855
100000,500,253,200,1600,random,2,1,5,5,0.1,0.016862
100000,500,254,200,1600,random,2,1,5,5,0.1,0.016772
100000,500,255,200,1600,random,2,1,5,5,0.1,0.017076
100000,500,256,200,1600,random,2,1,5,5,0.1,0.016855
100000,500,257,200,1600,random,2,1,5,5,0.1,0.017012
100000,500,258,200,1600,random,2,1,5,5,0.1,0.017151
100000,500,259,200,1600,random,2,1,5,5,0.1,0.017366
100000,500,260,200,1600,random,2,1,5,5,0.1,0.016785
100000,500,261,200,1600,random,2,1,5,5,0.1,0.016992
100000,500,262,200,1600,random,2,1,5,5,0.1,0.016728
100000,500,263,200,1600,random,2,1,5,5,0.1,0.016703
100000,500,264,200,1600,random,2,1,5,5,0.1,0.017026
100000,500,265,200,1600,random,2,1,5,5,0.1,0.01708
100000,500,266,200,1600,random,2,1,5,5,0.1,0.016813
100000,500,267,200,1600,random,2,1,5,5,0.1,0.016801
100000,500,268,200,1600,random,2,1,5,5,0.1,0.016927
100000,500,269,200,1600,random,2,1,5,5,0.1,0.016919
100000,500,270,200,1600,random,2,1,5,5,0.1,0.01696
100000,500,271,200,1600,random,2,1,5,5,0.1,0.016767
100000,500,272,200,1600,random,2,1,5,5,0.1,0.016946
100000,500,273,200,1600,random,2,1,5,5,0.1,0.018163
100000,500,274,200,1600,random,2,1,5,5,0.1,0.016939
100000,500,275,200,1600,random,2,1,5,5,0.1,0.01684
100000,500,276,200,1600,random,2,1,5,5,0.1,0.017281
100000,500,277,200,1600,random,2,1,5,5,0.1,0.016647
100000,500,278,200,1600,random,2,1,5,5,0.1,0.017218
100000,500,279,200,1600,random,2,1,5,5,0.1,0.016811
100000,500,280,200,1600,random,2,1,5,5,0.1,0.016615
100000,500,281,200,1600,random,2,1,5,5,0.1,0.017084
100000,500,282,200,1600,random,2,1,5,5,0.1,0.016919
100000,500,283,200,1600,random,2,1,5,5,0.1,0.016747
100000,500,284,200,1600,random,2,1,5,5,0.1,0.016972
100000,500,285,200,1600,random,2,1,5,5,0.1,0.016526
100000,500,286,200,1600,random,2,1,5,5,0.1,0.016899
100000,500,287,200,1600,random,2,1,5,5,0.1,0.016718
100000,500,288,200,1600,random,2,1,5,5,0.1,0.016889
100000,500,289,200,1600,random,2,1,5,5,0.1,0.016745
100000,500,290,200,1600,random,2,1,5,5,0.1,0.017015
100000,500,291,200,1600,random,2,1,5,5,0.1,0.016734
100000,500,292,200,1600,random,2,1,5,5,0.1,0.016923
100000,500,293,200,1600,random,2,1,5,5,0.1,0.016815
100000,500,294,200,1600,random,2,1,5,5,0.1,0.016838
100000,500,295,200,1600,random,2,1,5,5,0.1,0.016782
100000,500,296,200,1600,random,2,1,5,5,0.1,0.016719
100000,500,297,200,1600,random,2,1,5,5,0.1,0.016815
100000,500,298,200,1600,random,2,1,5,5,0.1,0.020194
100000,500,299,200,1600,random,2,1,5,5,0.1,0.01674
100000,500,300,200,1600,random,2,1,5,5,0.1,0.016928
100000,500,301,200,1600,random,2,1,5,5,0.1,0.016986
100000,500,302,200,1600,random,2,1,5,5,0.1,0.017006
100000,500,303,200,1600,random,2,1,5,5,0.1,0.016931
100000,500,304,200,1600,random,2,1,5,5,0.1,0.01667
100000,500,305,200,1600,random,2,1,5,5,0.1,0.016937
100000,500,306,200,1600,random,2,1,5,5,0.1,0.016865
100000,500,307,200,1600,random,2,1,5,5,0.1,0.016747
100000,500,308,200,1600,random,2,1,5,5,0.1,0.016788
100000,500,309,200,1600,random,2,1,5,5,0.1,0.016941
100000,500,310,200,1600,random,2,1,5,5,0.1,0.016947
100000,500,311,200,1600,random,2,1,5,5,0.1,0.017226
100000,500,312,200,1600,random,2,1,5,5,0.1,0.016951
100000,500,313,200,1600,random,2,1,5,5,0.1,0.017174
100000,500,314,200,1600,random,2,1,5,5,0.1,0.017161
100000,500,315,200,1600,random,2,1,5,5,0.1,0.016803
100000,500,316,200,1600,random,2,1,5,5,0.1,0.016882
100000,500,317,200,1600,random,2,1,5,5,0.1,0.016851
100000,500,318,200,1600,random,2,1,5,5,0.1,0.016833
100000,500,319,200,1600,random,2,1,5,5,0.1,0.01685
100000,500,320,200,1600,random,2,1,5,5,0.1,0.017256
100000,500,321,200,1600,random,2,1,5,5,0.1,0.017163
100000,500,322,200,1600,random,2,1,5,5,0.1,0.017191
100000,500,323,200,1600,random,2,1,5,5,0.1,0.016922
100000,500,324,200,1600,random,2,1,5,5,0.1,0.016952
100000,500,325,200,1600,random,2,1,5,5,0.1,0.016954
100000,500,326,200,1600,random,2,1,5,5,0.1,0.016822
100000,500,327,200,1600,random,2,1,5,5,0.1,0.016977
100000,500,328,200,1600,random,2,1,5,5,0.1,0.017079
100000,500,329,200,1600,random,2,1,5,5,0.1,0.016608
100000,500,330,200,1600,random,2,1,5,5,0.1,0.016888
100000,500,331,200,1600,random,2,1,5,5,0.1,0.017203
100000,500,332,200,1600,random,2,1,5,5,0.1,0.016995
100000,500,333,200,1600,random,2,1,5,5,0.1,0.016928
100000,500,334,200,1600,random,2,1,5,5,0.1,0.016724
100000,500,335,200,1600,random,2,1,5,5,0.1,0.016907
100000,500,336,200,1600,random,2,1,5,5,0.1,0.017376
100000,500,337,200,1600,random,2,1,5,5,0.1,0.017087
100000,500,338,200,1600,random,2,1,5,5,0.1,0.016751
100000,500,339,200,1600,random,2,1,5,5,0.1,0.016849
100000,500,340,200,1600,random,2,1,5,5,0.1,0.017536
100000,500,341,200,1600,random,2,1,5,5,0.1,0.017183
100000,500,342,200,1600,random,2,1,5,5,0.1,0.01739
100000,500,343,200,1600,random,2,1,5,5,0.1,0.017085
100000,500,344,200,1600,random,2,1,5,5,0.1,0.017147
100000,500,345,200,1600,random,2,1,5,5,0.1,0.016958
100000,500,346,200,1600,random,2,1,5,5,0.1,0.016933
100000,500,347,200,1600,random,2,1,5,5,0.1,0.017124
100000,500,348,200,1600,random,2,1,5,5,0.1,0.017163
100000,500,349,200,1600,random,2,1,5,5,0.1,0.016862
100000,500,350,200,1600,random,2,1,5,5,0.1,0.017057
100000,500,351,200,1600,random,2,1,5,5,0.1,0.01735
100000,500,352,200,1600,random,2,1,5,5,0.1,0.017046
100000,500,353,200,1600,random,2,1,5,5,0.1,0.017108
100000,500,354,200,1600,random,2,1,5,5,0.1,0.016781
100000,500,355,200,1600,random,2,1,5,5,0.1,0.017087
100000,500,356,200,1600,random,2,1,5,5,0.1,0.01746
100000,500,357,200,1600,random,2,1,5,5,0.1,0.016865
100000,500,358,200,1600,random,2,1,5,5,0.1,0.016925
100000,500,359,200,1600,random,2,1,5,5,0.1,0.017162
100000,500,360,200,1600,random,2,1,5,5,0.1,0.017343
100000,500,361,200,1600,random,2,1,5,5,0.1,0.016846
100000,500,362,200,1600,random,2,1,5,5,0.1,0.017059
100000,500,363,200,1600,random,2,1,5,5,0.1,0.017193
100000,500,364,200,1600,random,2,1,5,5,0.1,0.020171
100000,500,365,200,1600,random,2,1,5,5,0.1,0.01681
100000,500,366,200,1600,random,2,1,5,5,0.1,0.016787
100000,500,367,200,1600,random,2,1,5,5,0.1,0.016653
100000,500,368,200,1600,random,2,1,5,5,0.1,0.016815
100000,500,369,200,1600,random,2,1,5,5,0.1,0.016883
100000,500,370,200,1600,random,2,1,5,5,0.1,0.016701
100000,500,371,200,1600,random,2,1,5,5,0.1,0.016922
100000,500,372,200,1600,random,2,1,5,5,0.1,0.016872
100000,500,373,200,1600,random,2,1,5,5,0.1,0.017022
100000,500,374,200,1600,random,2,1,5,5,0.1,0.016999
100000,500,375,200,1600,random,2,1,5,5,0.1,0.016816
100000,500,376,200,1600,random,2,1,5,5,0.1,0.017087
100000,500,377,200,1600,random,2,1,5,5,0.1,0.016885
100000,500,378,200,1600,random,2,1,5,5,0.1,0.017252
100000,500,379,200,1600,random,2,1,5,5,0.1,0.016669
100000,500,380,200,1600,random,2,1,5,5,0.1,0.016867
100000,500,381,200,1600,random,2,1,5,5,0.1,0.016844
100000,500,382,200,1600,random,2,1,5,5,0.1,0.017061
100000,500,383,200,1600,random,2,1,5,5,0.1,0.016931
100000,500,384,200,1600,random,2,1,5,5,0.1,0.017078
100000,500,385,200,1600,random,2,1,5,5,0.1,0.01702
100000,500,386,200,1600,random,2,1,5,5,0.1,0.01751
100000,500,387,200,1600,random,2,1,5,5,0.1,0.016747
100000,500,388,200,1600,random,2,1,5,5,0.1,0.017065
100000,500,389,200,1600,random,2,1,5,5,0.1,0.01677
100000,500,390,200,1600,random,2,1,5,5,0.1,0.017157
100000,500,391,200,1600,random,2,1,5,5,0.1,0.016841
100000,500,392,200,1600,random,2,1,5,5,0.1,0.017654
100000,500,393,200,1600,random,2,1,5,5,0.1,0.01649
100000,500,394,200,1600,random,2,1,5,5,0.1,0.016774
100000,500,395,200,1600,random,2,1,5,5,0.1,0.016779
100000,500,396,200,1600,random,2,1,5,5,0.1,0.016854
100000,500,397,200,1600,random,2,1,5,5,0.1,0.017089
100000,500,398,200,1600,random,2,1,5,5,0.1,0.017242
100000,500,399,200,1600,random,2,1,5,5,0.1,0.017148
100000,500,400,200,1600,random,2,1,5,5,0.1,0.016953
100000,500,401,200,1600,random,2,1,5,5,0.1,0.017155
100000,500,402,200,1600,random,2,1,5,5,0.1,0.017039
100000,500,403,200,1600,random,2,1,5,5,0.1,0.016923
100000,500,404,200,1600,random,2,1,5,5,0.1,0.016975
100000,500,405,200,1600,random,2,1,5,5,0.1,0.016784
100000,500,406,200,1600,random,2,1,5,5,0.1,0.016948
100000,500,407,200,1600,random,2,1,5,5,0.1,0.016607
100000,500,408,200,1600,random,2,1,5,5,0.1,0.01659
100000,500,409,200,1600,random,2,1,5,5,0.1,0.016891
100000,500,410,200,1600,random,2,1,5,5,0.1,0.016934
100000,500,411,200,1600,random,2,1,5,5,0.1,0.016816
100000,500,412,200,1600,random,2,1,5,5,0.1,0.01682
100000,500,413,200,1600,random,2,1,5,5,0.1,0.016823
100000,500,414,200,1600,random,2,1,5,5,0.1,0.016589
100000,500,415,200,1600,random,2,1,5,5,0.1,0.016794
100000,500,416,200,1600,random,2,1,5,5,0.1,0.016811
100000,500,417,200,1600,random,2,1,5,5,0.1,0.017001
100000,500,418,200,1600,random,2,1,5,5,0.1,0.016811
100000,500,419,200,1600,random,2,1,5,5,0.1,0.016795
100000,500,420,200,1600,random,2,1,5,5,0.1,0.016669
100000,500,421,200,1600,random,2,1,5,5,0.1,0.017372
100000,500,422,200,1600,random,2,1,5,5,0.1,0.017027
100000,500,423,200,1600,random,2,1,5,5,0.1,0.017025
100000,500,424,200,1600,random,2,1,5,5,0.1,0.016992
100000,500,425,200,1600,random,2,1,5,5,0.1,0.016675
100000,500,426,200,1600,random,2,1,5,5,0.1,0.01735
100000,500,427,200,1600,random,2,1,5,5,0.1,0.017325
100000,500,428,200,1600,random,2,1,5,5,0.1,0.016971
100000,500,429,200,1600,random,2,1,5,5,0.1,0.016939
100000,500,430,200,1600,random,2,1,5,5,0.1,0.016716
100000,500,431,200,1600,random,2,1,5,5,0.1,0.017189
100000,500,432,200,1600,random,2,1,5,5,0.1,0.017819
100000,500,433,200,1600,random,2,1,5,5,0.1,0.016777
100000,500,434,200,1600,random,2,1,5,5,0.1,0.01719
100000,500,435,200,1600,random,2,1,5,5,0.1,0.016951
100000,500,436,200,1600,random,2,1,5,5,0.1,0.017066
100000,500,437,200,1600,random,2,1,5,5,0.1,0.01698
100000,500,438,200,1600,random,2,1,5,5,0.1,0.016814
100000,500,439,200,1600,random,2,1,5,5,0.1,0.016779
100000,500,440,200,1600,random,2,1,5,5,0.1,0.01712
100000,500,441,200,1600,random,2,1,5,5,0.1,0.016802
100000,500,442,200,1600,random,2,1,5,5,0.1,0.016544
100000,500,443,200,1600,random,2,1,5,5,0.1,0.017197
100000,500,444,200,1600,random,2,1,5,5,0.1,0.017466
100000,500,445,200,1600,random,2,1,5,5,0.1,0.01689
100000,500,446,200,1600,random,2,1,5,5,0.1,0.016821
100000,500,447,200,1600,random,2,1,5,5,0.1,0.016829
100000,500,448,200,1600,random,2,1,5,5,0.1,0.01696
100000,500,449,200,1600,random,2,1,5,5,0.1,0.016834
100000,500,450,200,1600,random,2,1,5,5,0.1,0.016596
100000,500,451,200,1600,random,2,1,5,5,0.1,0.016928
100000,500,452,200,1600,random,2,1,5,5,0.1,0.01679
100000,500,453,200,1600,random,2,1,5,5,0.1,0.017247
100000,500,454,200,1600,random,2,1,5,5,0.1,0.016955
100000,500,455,200,1600,random,2,1,5,5,0.1,0.017357
100000,500,456,200,1600,random,2,1,5,5,0.1,0.016981
100000,500,457,200,1600,random,2,1,5,5,0.1,0.016784
100000,500,458,200,1600,random,2,1,5,5,0.1,0.017219
100000,500,459,200,1600,random,2,1,5,5,0.1,0.017274
100000,500,460,200,1600,random,2,1,5,5,0.1,0.016912
100000,500,461,200,1600,random,2,1,5,5,0.1,0.016767
100000,500,462,200,1600,random,2,1,5,5,0.1,0.016844
100000,500,463,200,1600,random,2,1,5,5,0.1,0.016883
100000,500,464,200,1600,random,2,1,5,5,0.1,0.017027
100000,500,465,200,1600,random,2,1,5,5,0.1,0.016947
100000,500,466,200,1600,random,2,1,5,5,0.1,0.016908
100000,500,467,200,1600,random,2,1,5,5,0.1,0.016737
100000,500,468,200,1600,random,2,1,5,5,0.1,0.017086
100000,500,469,200,1600,random,2,1,5,5,0.1,0.01678
100000,500,470,200,1600,random,2,1,5,5,0.1,0.017254
100000,500,471,200,1600,random,2,1,5,5,0.1,0.017025
100000,500,472,200,1600,random,2,1,5,5,0.1,0.016755
100000,500,473,200,1600,random,2,1,5,5,0.1,0.017059
100000,500,474,200,1600,random,2,1,5,5,0.1,0.017026
100000,500,475,200,1600,random,2,1,5,5,0.1,0.01669
100000,500,476,200,1600,random,2,1,5,5,0.1,0.016579
100000,500,477,200,1600,random,2,1,5,5,0.1,0.016624
100000,500,478,200,1600,random,2,1,5,5,0.1,0.016798
100000,500,479,200,1600,random,2,1,5,5,0.1,0.016889
100000,500,480,200,1600,random,2,1,5,5,0.1,0.016743
100000,500,481,200,1600,random,2,1,5,5,0.1,0.016636
100000,500,482,200,1600,random,2,1,5,5,0.1,0.016989
100000,500,483,200,1600,random,2,1,5,5,0.1,0.016783
100000,500,484,200,1600,random,2,1,5,5,0.1,0.016886
100000,500,485,200,1600,random,2,1,5,5,0.1,0.016904
100000,500,486,200,1600,random,2,1,5,5,0.1,0.017135
100000,500,487,200,1600,random,2,1,5,5,0.1,0.017312
100000,500,488,200,1600,random,2,1,5,5,0.1,0.016814
100000,500,489,200,1600,random,2,1,5,5,0.1,0.016998
100000,500,490,200,1600,random,2,1,5,5,0.1,0.016994
100000,500,491,200,1600,random,2,1,5,5,0.1,0.016849
100000,500,492,200,1600,random,2,1,5,5,0.1,0.017084
100000,500,493,200,1600,random,2,1,5,5,0.1,0.020397
100000,500,494,200,1600,random,2,1,5,5,0.1,0.016813
100000,500,495,200,1600,random,2,1,5,5,0.1,0.017017
100000,500,496,200,1600,random,2,1,5,5,0.1,0.016744
100000,500,497,200,1600,random,2,1,5,5,0.1,0.016948
100000,500,498,200,1600,random,2,1,5,5,0.1,0.016564
100000,500,499,200,1600,random,2,1,5,5,0.1,0.016685
500000,10,0,50000,400000,sequential,0,1,1,1,1,0.414859
500000,10,1,50000,400000,sequential,0,1,1,1,1,0.258031
500000,10,2,50000,400000,sequential,0,1,1,1,1,0.249542
500000,10,3,50000,400000,sequential,0,1,1,1,1,0.248951
500000,10,4,50000,400000,sequential,0,1,1,1,1,0.249968
500000,10,5,50000,400000,sequential,0,1,1,1,1,0.252391
500000,10,6,50000,400000,sequential,0,1,1,1,1,0.430812
500000,10,7,50000,400000,sequential,0,1,1,1,1,0.248884
500000,10,8,50000,400000,sequential,0,1,1,1,1,0.243405
500000,10,9,50000,400000,sequential,0,1,1,1,1,0.234684
500000,10,0,50000,400000,sequential,0,1,5,5,1,0.881148
500000,10,1,50000,400000,sequential,0,1,5,5,1,0.889217
500000,10,2,50000,400000,sequential,0,1,5,5,1,0.885904
500000,10,3,50000,400000,sequential,0,1,5,5,1,0.893369
500000,10,4,50000,400000,sequential,0,1,5,5,1,0.882975
500000,10,5,50000,400000,sequential,0,1,5,5,1,0.876994
500000,10,6,50000,400000,sequential,0,1,5,5,1,0.884965
500000,10,7,50000,400000,sequential,0,1,5,5,1,0.879698
500000,10,8,50000,400000,sequential,0,1,5,5,1,0.88657
500000,10,9,50000,400000,sequential,0,1,5,5,1,0.880367
500000,10,0,50000,400000,strided,1,8,1,1,0.5,0.361939
500000,10,1,50000,400000,strided,1,8,1,1,0.5,0.36301
500000,10,2,50000,400000,strided,1,8,1,1,0.5,0.353353
500000,10,3,50000,400000,strided,1,8,1,1,0.5,0.362801
500000,10,4,50000,400000,strided,1,8,1,1,0.5,0.364536
500000,10,5,50000,400000,strided,1,8,1,1,0.5,0.356617
500000,10,6,50000,400000,strided,1,8,1,1,0.5,0.357459
500000,10,7,50000,400000,strided,1,8,1,1,0.5,0.355243
500000,10,8,50000,400000,strided,1,8,1,1,0.5,0.357725
500000,10,9,50000,400000,strided,1,8,1,1,0.5,0.355802
500000,10,0,50000,400000,strided,1,8,5,5,0.5,1.01168
500000,10,1,50000,400000,strided,1,8,5,5,0.5,0.97595
500000,10,2,50000,400000,strided,1,8,5,5,0.5,0.976964
500000,10,3,50000,400000,strided,1,8,5,5,0.5,0.998261
500000,10,4,50000,400000,strided,1,8,5,5,0.5,0.997738
500000,10,5,50000,400000,strided,1,8,5,5,0.5,0.996736
500000,10,6,50000,400000,strided,1,8,5,5,0.5,0.979099
500000,10,7,50000,400000,strided,1,8,5,5,0.5,0.993301
500000,10,8,50000,400000,strided,1,8,5,5,0.5,0.991729
500000,10,9,50000,400000,strided,1,8,5,5,0.5,0.995598
500000,10,0,50000,400000,random,2,1,1,1,0.1,2.38298
500000,10,1,50000,400000,random,2,1,1,1,0.1,2.24602
500000,10,2,50000,400000,random,2,1,1,1,0.1,2.25977
500000,10,3,50000,400000,random,2,1,1,1,0.1,2.24931
500000,10,4,50000,400000,random,2,1,1,1,0.1,2.27403
500000,10,5,50000,400000,random,2,1,1,1,0.1,2.2576
500000,10,6,50000,400000,random,2,1,1,1,0.1,2.27408
500000,10,7,50000,400000,random,2,1,1,1,0.1,2.29428
500000,10,8,50000,400000,random,2,1,1,1,0.1,2.24536
500000,10,9,50000,400000,random,2,1,1,1,0.1,2.20071
500000,10,0,50000,400000,random,2,1,5,5,0.1,2.91013
500000,10,1,50000,400000,random,2,1,5,5,0.1,2.88091
500000,10,2,50000,400000,random,2,1,5,5,0.1,2.89222
500000,10,3,50000,400000,random,2,1,5,5,0.1,2.86781
500000,10,4,50000,400000,random,2,1,5,5,0.1,2.87661
500000,10,5,50000,400000,random,2,1,5,5,0.1,2.85111
500000,10,6,50000,400000,random,2,1,5,5,0.1,2.89827
500000,10,7,50000,400000,random,2,1,5,5,0.1,2.83727
500000,10,8,50000,400000,random,2,1,5,5,0.1,2.82577
500000,10,9,50000,400000,random,2,1,5,5,0.1,2.86501
500000,100,0,5000,40000,sequential,0,1,1,1,1,0.024627
500000,100,1,5000,40000,sequential,0,1,1,1,1,0.023846
500000,100,2,5000,40000,sequential,0,1,1,1,1,0.024769
500000,100,3,5000,40000,sequential,0,1,1,1,1,0.024875
500000,100,4,5000,40000,sequential,0,1,1,1,1,0.040915
500000,100,5,5000,40000,sequential,0,1,1,1,1,0.024554
500000,100,6,5000,40000,sequential,0,1,1,1,1,0.024466
500000,100,7,5000,40000,sequential,0,1,1,1,1,0.024837
500000,100,8,5000,40000,sequential,0,1,1,1,1,0.025053
500000,100,9,5000,40000,sequential,0,1,1,1,1,0.043512
500000,100,10,5000,40000,sequential,0,1,1,1,1,0.041245
500000,100,11,5000,40000,sequential,0,1,1,1,1,0.043169
500000,100,12,5000,40000,sequential,0,1,1,1,1,0.042903
500000,100,13,5000,40000,sequential,0,1,1,1,1,0.043358
500000,100,14,5000,40000,sequential,0,1,1,1,1,0.024735
500000,100,15,5000,40000,sequential,0,1,1,1,1,0.024617
500000,100,16,5000,40000,sequential,0,1,1,1,1,0.025047
500000,100,17,5000,40000,sequential,0,1,1,1,1,0.025079
500000,100,18,5000,40000,sequential,0,1,1,1,1,0.024637
500000,100,19,5000,40000,sequential,0,1,1,1,1,0.024739
500000,100,20,5000,40000,sequential,0,1,1,1,1,0.024606
500000,100,21,5000,40000,sequential,0,1,1,1,1,0.025025
500000,100,22,5000,40000,sequential,0,1,1,1,1,0.043433
500000,100,23,5000,40000,sequential,0,1,1,1,1,0.041049
500000,100,24,5000,40000,sequential,0,1,1,1,1,0.043093
500000,100,25,5000,40000,sequential,0,1,1,1,1,0.043096
500000,100,26,5000,40000,sequential,0,1,1,1,1,0.04288
500000,100,27,5000,40000,sequential,0,1,1,1,1,0.038658
500000,100,28,5000,40000,sequential,0,1,1,1,1,0.024529
500000,100,29,5000,40000,sequential,0,1,1,1,1,0.025061
500000,100,30,5000,40000,sequential,0,1,1,1,1,0.024302
500000,100,31,5000,40000,sequential,0,1,1,1,1,0.02453
500000,100,32,5000,40000,sequential,0,1,1,1,1,0.024577
500000,100,33,5000,40000,sequential,0,1,1,1,1,0.024906
500000,100,34,5000,40000,sequential,0,1,1,1,1,0.024304
500000,100,35,5000,40000,sequential,0,1,1,1,1,0.023627
500000,100,36,5000,40000,sequential,0,1,1,1,1,0.040801
500000,100,37,5000,40000,sequential,0,1,1,1,1,0.042872
500000,100,38,5000,40000,sequential,0,1,1,1,1,0.043533
500000,100,39,5000,40000,sequential,0,1,1,1,1,0.043061
500000,100,40,5000,40000,sequential,0,1,1,1,1,0.024723
500000,100,41,5000,40000,sequential,0,1,1,1,1,0.024882
500000,100,42,5000,40000,sequential,0,1,1,1,1,0.038109
500000,100,43,5000,40000,sequential,0,1,1,1,1,0.024848
500000,100,44,5000,40000,sequential,0,1,1,1,1,0.024512
500000,100,45,5000,40000,sequential,0,1,1,1,1,0.024646
500000,100,46,5000,40000,sequential,0,1,1,1,1,0.025187
500000,100,47,5000,40000,sequential,0,1,1,1,1,0.024457
500000,100,48,5000,40000,sequential,0,1,1,1,1,0.024586
500000,100,49,5000,40000,sequential,0,1,1,1,1,0.024741
500000,100,50,5000,40000,sequential,0,1,1,1,1,0.02444
500000,100,51,5000,40000,sequential,0,1,1,1,1,0.0235
500000,100,52,5000,40000,sequential,0,1,1,1,1,0.022626
500000,100,53,5000,40000,sequential,0,1,1,1,1,0.023215
500000,100,54,5000,40000,sequential,0,1,1,1,1,0.02391
500000,100,55,5000,40000,sequential,0,1,1,1,1,0.023756
500000,100,56,5000,40000,sequential,0,1,1,1,1,0.02352
500000,100,57,5000,40000,sequential,0,1,1,1,1,0.023537
500000,100,58,5000,40000,sequential,0,1,1,1,1,0.023584
500000,100,59,5000,40000,sequential,0,1,1,1,1,0.023538
500000,100,60,5000,40000,sequential,0,1,1,1,1,0.023767
500000,100,61,5000,40000,sequential,0,1,1,1,1,0.02384
500000,100,62,5000,40000,sequential,0,1,1,1,1,0.0245
500000,100,63,5000,40000,sequential,0,1,1,1,1,0.025228
500000,100,64,5000,40000,sequential,0,1,1,1,1,0.024873
500000,100,65,5000,40000,sequential,0,1,1,1,1,0.024793
500000,100,66,5000,40000,sequential,0,1,1,1,1,0.024278
500000,100,67,5000,40000,sequential,0,1,1,1,1,0.024566
500000,100,68,5000,40000,sequential,0,1,1,1,1,0.024534
500000,100,69,5000,40000,sequential,0,1,1,1,1,0.024876
500000,100,70,5000,40000,sequential,0,1,1,1,1,0.024462
500000,100,71,5000,40000,sequential,0,1,1,1,1,0.024973
500000,100,72,5000,40000,sequential,0,1,1,1,1,0.023607
500000,100,73,5000,40000,sequential,0,1,1,1,1,0.023487
500000,100,74,5000,40000,sequential,0,1,1,1,1,0.023607
500000,100,75,5000,40000,sequential,0,1,1,1,1,0.02348
500000,100,76,5000,40000,sequential,0,1,1,1,1,0.024203
500000,100,77,5000,40000,sequential,0,1,1,1,1,0.024648
500000,100,78,5000,40000,sequential,0,1,1,1,1,0.024417
500000,100,79,5000,40000,sequential,0,1,1,1,1,0.024467
500000,100,80,5000,40000,sequential,0,1,1,1,1,0.02464
500000,100,81,5000,40000,sequential,0,1,1,1,1,0.023704
500000,100,82,5000,40000,sequential,0,1,1,1,1,0.024276
500000,100,83,5000,40000,sequential,0,1,1,1,1,0.023991
500000,100,84,5000,40000,sequential,0,1,1,1,1,0.024194
500000,100,85,5000,40000,sequential,0,1,1,1,1,0.024522
500000,100,86,5000,40000,sequential,0,1,1,1,1,0.023861
500000,100,87,5000,40000,sequential,0,1,1,1,1,0.023937
500000,100,88,5000,40000,sequential,0,1,1,1,1,0.023744
500000,100,89,5000,40000,sequential,0,1,1,1,1,0.023937
500000,100,90,5000,40000,sequential,0,1,1,1,1,0.02368
500000,100,91,5000,40000,sequential,0,1,1,1,1,0.023628
500000,100,92,5000,40000,sequential,0,1,1,1,1,0.023694
500000,100,93,5000,40000,sequential,0,1,1,1,1,0.022145
500000,100,94,5000,40000,sequential,0,1,1,1,1,0.023499
500000,100,95,5000,40000,sequential,0,1,1,1,1,0.023493
500000,100,96,5000,40000,sequential,0,1,1,1,1,0.023726
500000,100,97,5000,40000,sequential,0,1,1,1,1,0.023543
500000,100,98,5000,40000,sequential,0,1,1,1,1,0.023444
500000,100,99,5000,40000,sequential,0,1,1,1,1,0.023675
500000,100,0,5000,40000,sequential,0,1,5,5,1,0.087865
500000,100,1,5000,40000,sequential,0,1,5,5,1,0.088159
500000,100,2,5000,40000,sequential,0,1,5,5,1,0.086607
500000,100,3,5000,40000,sequential,0,1,5,5,1,0.087882
500000,100,4,5000,40000,sequential,0,1,5,5,1,0.087986
500000,100,5,5000,40000,sequential,0,1,5,5,1,0.087787
500000,100,6,5000,40000,sequential,0,1,5,5,1,0.08779
500000,100,7,5000,40000,sequential,0,1,5,5,1,0.087522
500000,100,8,5000,40000,sequential,0,1,5,5,1,0.087811
500000,100,9,5000,40000,sequential,0,1,5,5,1,0.087817
500000,100,10,5000,40000,sequential,0,1,5,5,1,0.090816
500000,100,11,5000,40000,sequential,0,1,5,5,1,0.088325
500000,100,12,5000,40000,sequential,0,1,5,5,1,0.087608
500000,100,13,5000,40000,sequential,0,1,5,5,1,0.087906
500000,100,14,5000,40000,sequential,0,1,5,5,1,0.094257
500000,100,15,5000,40000,sequential,0,1,5,5,1,0.091277
500000,100,16,5000,40000,sequential,0,1,5,5,1,0.090323
500000,100,17,5000,40000,sequential,0,1,5,5,1,0.088993
500000,100,18,5000,40000,sequential,0,1,5,5,1,0.088044
500000,100,19,5000,40000,sequential,0,1,5,5,1,0.087759
500000,100,20,5000,40000,sequential,0,1,5,5,1,0.087905
500000,100,21,5000,40000,sequential,0,1,5,5,1,0.089881
500000,100,22,5000,40000,sequential,0,1,5,5,1,0.087409
500000,100,23,5000,40000,sequential,0,1,5,5,1,0.088069
500000,100,24,5000,40000,sequential,0,1,5,5,1,0.087836
500000,100,25,5000,40000,sequential,0,1,5,5,1,0.0879
500000,100,26,5000,40000,sequential,0,1,5,5,1,0.087198
500000,100,27,5000,40000,sequential,0,1,5,5,1,0.087758
500000,100,28,5000,40000,sequential,0,1,5,5,1,0.087754
500000,100,29,5000,40000,sequential,0,1,5,5,1,0.087822
500000,100,30,5000,40000,sequential,0,1,5,5,1,0.087913
500000,100,31,5000,40000,sequential,0,1,5,5,1,0.088194
500000,100,32,5000,40000,sequential,0,1,5,5,1,0.087596
500000,100,33,5000,40000,sequential,0,1,5,5,1,0.087583
500000,100,34,5000,40000,sequential,0,1,5,5,1,0.08751
500000,100,35,5000,40000,sequential,0,1,5,5,1,0.092534
500000,100,36,5000,40000,sequential,0,1,5,5,1,0.087956
500000,100,37,5000,40000,sequential,0,1,5,5,1,0.086059
500000,100,38,5000,40000,sequential,0,1,5,5,1,0.088951
500000,100,39,5000,40000,sequential,0,1,5,5,1,0.088183
500000,100,40,5000,40000,sequential,0,1,5,5,1,0.087686
500000,100,41,5000,40000,sequential,0,1,5,5,1,0.087955
500000,100,42,5000,40000,sequential,0,1,5,5,1,0.09367
500000,100,43,5000,40000,sequential,0,1,5,5,1,0.087955
500000,100,44,5000,40000,sequential,0,1,5,5,1,0.087412
500000,100,45,5000,40000,sequential,0,1,5,5,1,0.087822
500000,100,46,5000,40000,sequential,0,1,5,5,1,0.089022
500000,100,47,5000,40000,sequential,0,1,5,5,1,0.087673
500000,100,48,5000,40000,sequential,0,1,5,5,1,0.088581
500000,100,49,5000,40000,sequential,0,1,5,5,1,0.087939
500000,100,50,5000,40000,sequential,0,1,5,5,1,0.086095
500000,100,51,5000,40000,sequential,0,1,5,5,1,0.087971
500000,100,52,5000,40000,sequential,0,1,5,5,1,0.088355
500000,100,53,5000,40000,sequential,0,1,5,5,1,0.088426
500000,100,54,5000,40000,sequential,0,1,5,5,1,0.087748
500000,100,55,5000,40000,sequential,0,1,5,5,1,0.087858
500000,100,56,5000,40000,sequential,0,1,5,5,1,0.087562
500000,100,57,5000,40000,sequential,0,1,5,5,1,0.088316
500000,100,58,5000,40000,sequential,0,1,5,5,1,0.087317
500000,100,59,5000,40000,sequential,0,1,5,5,1,0.087455
500000,100,60,5000,40000,sequential,0,1,5,5,1,0.087606
500000,100,61,5000,40000,sequential,0,1,5,5,1,0.08787
500000,100,62,5000,40000,sequential,0,1,5,5,1,0.087758
500000,100,63,5000,40000,sequential,0,1,5,5,1,0.087564
500000,100,64,5000,40000,sequential,0,1,5,5,1,0.088267
500000,100,65,5000,40000,sequential,0,1,5,5,1,0.088099
500000,100,66,5000,40000,sequential,0,1,5,5,1,0.086373
500000,100,67,5000,40000,sequential,0,1,5,5,1,0.093261
500000,100,68,5000,40000,sequential,0,1,5,5,1,0.087893
500000,100,69,5000,40000,sequential,0,1,5,5,1,0.087687
500000,100,70,5000,40000,sequential,0,1,5,5,1,0.087506
500000,100,71,5000,40000,sequential,0,1,5,5,1,0.088353
500000,100,72,5000,40000,sequential,0,1,5,5,1,0.09263
500000,100,73,5000,40000,sequential,0,1,5,5,1,0.087544
500000,100,74,5000,40000,sequential,0,1,5,5,1,0.087571
500000,100,75,5000,40000,sequential,0,1,5,5,1,0.087631
500000,100,76,5000,40000,sequential,0,1,5,5,1,0.087855
500000,100,77,5000,40000,sequential,0,1,5,5,1,0.087733
500000,100,78,5000,40000,sequential,0,1,5,5,1,0.089142
500000,100,79,5000,40000,sequential,0,1,5,5,1,0.087851
500000,100,80,5000,40000,sequential,0,1,5,5,1,0.087517
500000,100,81,5000,40000,sequential,0,1,5,5,1,0.087784
500000,100,82,5000,40000,sequential,0,1,5,5,1,0.087787
500000,100,83,5000,40000,sequential,0,1,5,5,1,0.087513
500000,100,84,5000,40000,sequential,0,1,5,5,1,0.087569
500000,100,85,5000,40000,sequential,0,1,5,5,1,0.087719
500000,100,86,5000,40000,sequential,0,1,5,5,1,0.08738
500000,100,87,5000,40000,sequential,0,1,5,5,1,0.087405
500000,100,88,5000,40000,sequential,0,1,5,5,1,0.087873
500000,100,89,5000,40000,sequential,0,1,5,5,1,0.139039
500000,100,90,5000,40000,sequential,0,1,5,5,1,0.141335
500000,100,91,5000,40000,sequential,0,1,5,5,1,0.087118
500000,100,92,5000,40000,sequential,0,1,5,5,1,0.131261
500000,100,93,5000,40000,sequential,0,1,5,5,1,0.088399
500000,100,94,5000,40000,sequential,0,1,5,5,1,0.08878
500000,100,95,5000,40000,sequential,0,1,5,5,1,0.087023
500000,100,96,5000,40000,sequential,0,1,5,5,1,0.087298
500000,100,97,5000,40000,sequential,0,1,5,5,1,0.086995
500000,100,98,5000,40000,sequential,0,1,5,5,1,0.087442
500000,100,99,5000,40000,sequential,0,1,5,5,1,0.091742
500000,100,0,5000,40000,strided,1,8,1,1,0.5,0.037948
500000,100,1,5000,40000,strided,1,8,1,1,0.5,0.036116
500000,100,2,5000,40000,strided,1,8,1,1,0.5,0.036501
500000,100,3,5000,40000,strided,1,8,1,1,0.5,0.03635
500000,100,4,5000,40000,strided,1,8,1,1,0.5,0.036404
500000,100,5,5000,40000,strided,1,8,1,1,0.5,0.03602
500000,100,6,5000,40000,strided,1,8,1,1,0.5,0.036366
500000,100,7,5000,40000,strided,1,8,1,1,0.5,0.03622
500000,100,8,5000,40000,strided,1,8,1,1,0.5,0.036479
500000,100,9,5000,40000,strided,1,8,1,1,0.5,0.035872
500000,100,10,5000,40000,strided,1,8,1,1,0.5,0.036285
500000,100,11,5000,40000,strided,1,8,1,1,0.5,0.036414
500000,100,12,5000,40000,strided,1,8,1,1,0.5,0.03613
500000,100,13,5000,40000,strided,1,8,1,1,0.5,0.036574
500000,100,14,5000,40000,strided,1,8,1,1,0.5,0.036241
500000,100,15,5000,40000,strided,1,8,1,1,0.5,0.036307
500000,100,16,5000,40000,strided,1,8,1,1,0.5,0.036382
500000,100,17,5000,40000,strided,1,8,1,1,0.5,0.036425
500000,100,18,5000,40000,strided,1,8,1,1,0.5,0.037015
500000,100,19,5000,40000,strided,1,8,1,1,0.5,0.036412
500000,100,20,5000,40000,strided,1,8,1,1,0.5,0.036461
500000,100,21,5000,40000,strided,1,8,1,1,0.5,0.036632
500000,100,22,5000,40000,strided,1,8,1,1,0.5,0.036122
500000,100,23,5000,40000,strided,1,8,1,1,0.5,0.036222
500000,100,24,5000,40000,strided,1,8,1,1,0.5,0.036313
500000,100,25,5000,40000,strided,1,8,1,1,0.5,0.036167
500000,100,26,5000,40000,strided,1,8,1,1,0.5,0.036324
500000,100,27,5000,40000,strided,1,8,1,1,0.5,0.036476
500000,100,28,5000,40000,strided,1,8,1,1,0.5,0.036298
500000,100,29,5000,40000,strided,1,8,1,1,0.5,0.036765
500000,100,30,5000,40000,strided,1,8,1,1,0.5,0.036779
500000,100,31,5000,40000,strided,1,8,1,1,0.5,0.037817
500000,100,32,5000,40000,strided,1,8,1,1,0.5,0.036038
500000,100,33,5000,40000,strided,1,8,1,1,0.5,0.036261
500000,100,34,5000,40000,strided,1,8,1,1,0.5,0.036847
500000,100,35,5000,40000,strided,1,8,1,1,0.5,0.036377
500000,100,36,5000,40000,strided,1,8,1,1,0.5,0.036248
500000,100,37,5000,40000,strided,1,8,1,1,0.5,0.036501
500000,100,38,5000,40000,strided,1,8,1,1,0.5,0.03649
500000,100,39,5000,40000,strided,1,8,1,1,0.5,0.036173
500000,100,40,5000,40000,strided,1,8,1,1,0.5,0.036808
500000,100,41,5000,40000,strided,1,8,1,1,0.5,0.036485
500000,100,42,5000,40000,strided,1,8,1,1,0.5,0.036306
500000,100,43,5000,40000,strided,1,8,1,1,0.5,0.036187
500000,100,44,5000,40000,strided,1,8,1,1,0.5,0.035938
500000,100,45,5000,40000,strided,1,8,1,1,0.5,0.036261
500000,100,46,5000,40000,strided,1,8,1,1,0.5,0.036393
500000,100,47,5000,40000,strided,1,8,1,1,0.5,0.036471
500000,100,48,5000,40000,strided,1,8,1,1,0.5,0.036477
500000,100,49,5000,40000,strided,1,8,1,1,0.5,0.036909
500000,100,50,5000,40000,strided,1,8,1,1,0.5,0.037186
500000,100,51,5000,40000,strided,1,8,1,1,0.5,0.036774
500000,100,52,5000,40000,strided,1,8,1,1,0.5,0.036496
500000,100,53,5000,40000,strided,1,8,1,1,0.5,0.036223
500000,100,54,5000,40000,strided,1,8,1,1,0.5,0.036129
500000,100,55,5000,40000,strided,1,8,1,1,0.5,0.036293
500000,100,56,5000,40000,strided,1,8,1,1,0.5,0.036625
500000,100,57,5000,40000,strided,1,8,1,1,0.5,0.036581
500000,100,58,5000,40000,strided,1,8,1,1,0.5,0.03774
500000,100,59,5000,40000,strided,1,8,1,1,0.5,0.036542
500000,100,60,5000,40000,strided,1,8,1,1,0.5,0.036382
500000,100,61,5000,40000,strided,1,8,1,1,0.5,0.037068
500000,100,62,5000,40000,strided,1,8,1,1,0.5,0.036402
500000,100,63,5000,40000,strided,1,8,1,1,0.5,0.036233
500000,100,64,5000,40000,strided,1,8,1,1,0.5,0.036208
500000,100,65,5000,40000,strided,1,8,1,1,0.5,0.03621
500000,100,66,5000,40000,strided,1,8,1,1,0.5,0.036183
500000,100,67,5000,40000,strided,1,8,1,1,0.5,0.036302
500000,100,68,5000,40000,strided,1,8,1,1,0.5,0.037212
500000,100,69,5000,40000,strided,1,8,1,1,0.5,0.03653
500000,100,70,5000,40000,strided,1,8,1,1,0.5,0.0361
500000,100,71,5000,40000,strided,1,8,1,1,0.5,0.036088
500000,100,72,5000,40000,strided,1,8,1,1,0.5,0.036298
500000,100,73,5000,40000,strided,1,8,1,1,0.5,0.036495
500000,100,74,5000,40000,strided,1,8,1,1,0.5,0.036702
500000,100,75,5000,40000,strided,1,8,1,1,0.5,0.036384
500000,100,76,5000,40000,strided,1,8,1,1,0.5,0.036203
500000,100,77,5000,40000,strided,1,8,1,1,0.5,0.036254
500000,100,78,5000,40000,strided,1,8,1,1,0.5,0.035907
500000,100,79,5000,40000,strided,1,8,1,1,0.5,0.036181
500000,100,80,5000,40000,strided,1,8,1,1,0.5,0.03621
500000,100,81,5000,40000,strided,1,8,1,1,0.5,0.036239
500000,100,82,5000,40000,strided,1,8,1,1,0.5,0.03647
500000,100,83,5000,40000,strided,1,8,1,1,0.5,0.037482
500000,100,84,5000,40000,strided,1,8,1,1,0.5,0.036135
500000,100,85,5000,40000,strided,1,8,1,1,0.5,0.0365
500000,100,86,5000,40000,strided,1,8,1,1,0.5,0.035765
500000,100,87,5000,40000,strided,1,8,1,1,0.5,0.03696
500000,100,88,5000,40000,strided,1,8,1,1,0.5,0.035982
500000,100,89,5000,40000,strided,1,8,1,1,0.5,0.036996
500000,100,90,5000,40000,strided,1,8,1,1,0.5,0.035683
500000,100,91,5000,40000,strided,1,8,1,1,0.5,0.035648
500000,100,92,5000,40000,strided,1,8,1,1,0.5,0.035598
500000,100,93,5000,40000,strided,1,8,1,1,0.5,0.035592
500000,100,94,5000,40000,strided,1,8,1,1,0.5,0.035787
500000,100,95,5000,40000,strided,1,8,1,1,0.5,0.035574
500000,100,96,5000,40000,strided,1,8,1,1,0.5,0.035625
500000,100,97,5000,40000,strided,1,8,1,1,0.5,0.035577
500000,100,98,5000,40000,strided,1,8,1,1,0.5,0.035787
500000,100,99,5000,40000,strided,1,8,1,1,0.5,0.035597
500000,100,0,5000,40000,strided,1,8,5,5,0.5,0.102938
500000,100,1,5000,40000,strided,1,8,5,5,0.5,0.098684
500000,100,2,5000,40000,strided,1,8,5,5,0.5,0.103744
500000,100,3,5000,40000,strided,1,8,5,5,0.5,0.103796
500000,100,4,5000,40000,strided,1,8,5,5,0.5,0.100181
500000,100,5,5000,40000,strided,1,8,5,5,0.5,0.100435
500000,100,6,5000,40000,strided,1,8,5,5,0.5,0.104139
500000,100,7,5000,40000,strided,1,8,5,5,0.5,0.10968
500000,100,8,5000,40000,strided,1,8,5,5,0.5,0.096919
500000,100,9,5000,40000,strided,1,8,5,5,0.5,0.098056
500000,100,10,5000,40000,strided,1,8,5,5,0.5,0.099266
500000,100,11,5000,40000,strided,1,8,5,5,0.5,0.10064
500000,100,12,5000,40000,strided,1,8,5,5,0.5,0.099624
500000,100,13,5000,40000,strided,1,8,5,5,0.5,0.097612
500000,100,14,5000,40000,strided,1,8,5,5,0.5,0.10328
500000,100,15,5000,40000,strided,1,8,5,5,0.5,0.098297
500000,100,16,5000,40000,strided,1,8,5,5,0.5,0.100583
500000,100,17,5000,40000,strided,1,8,5,5,0.5,0.103244
500000,100,18,5000,40000,strided,1,8,5,5,0.5,0.098151
500000,100,19,5000,40000,strided,1,8,5,5,0.5,0.103858
500000,100,20,5000,40000,strided,1,8,5,5,0.5,0.100069
500000,100,21,5000,40000,strided,1,8,5,5,0.5,0.148109
500000,100,22,5000,40000,strided,1,8,5,5,0.5,0.104867
500000,100,23,5000,40000,strided,1,8,5,5,0.5,0.102909
500000,100,24,5000,40000,strided,1,8,5,5,0.5,0.10179
500000,100,25,5000,40000,strided,1,8,5,5,0.5,0.102619
500000,100,26,5000,40000,strided,1,8,5,5,0.5,0.099961
500000,100,27,5000,40000,strided,1,8,5,5,0.5,0.100686
500000,100,28,5000,40000,strided,1,8,5,5,0.5,0.101117
500000,100,29,5000,40000,strided,1,8,5,5,0.5,0.103153
500000,100,30,5000,40000,strided,1,8,5,5,0.5,0.100646
500000,100,31,5000,40000,strided,1,8,5,5,0.5,0.104413
500000,100,32,5000,40000,strided,1,8,5,5,0.5,0.102696
500000,100,33,5000,40000,strided,1,8,5,5,0.5,0.09805
500000,100,34,5000,40000,strided,1,8,5,5,0.5,0.096156
500000,100,35,5000,40000,strided,1,8,5,5,0.5,0.098092
500000,100,36,5000,40000,strided,1,8,5,5,0.5,0.102491
500000,100,37,5000,40000,strided,1,8,5,5,0.5,0.10135
500000,100,38,5000,40000,strided,1,8,5,5,0.5,0.104761
500000,100,39,5000,40000,strided,1,8,5,5,0.5,0.102518
500000,100,40,5000,40000,strided,1,8,5,5,0.5,0.103297
500000,100,41,5000,40000,strided,1,8,5,5,0.5,0.101461
500000,100,42,5000,40000,strided,1,8,5,5,0.5,0.100324
500000,100,43,5000,40000,strided,1,8,5,5,0.5,0.10229
500000,100,44,5000,40000,strided,1,8,5,5,0.5,0.102008
500000,100,45,5000,40000,strided,1,8,5,5,0.5,0.097446
500000,100,46,5000,40000,strided,1,8,5,5,0.5,0.098424
500000,100,47,5000,40000,strided,1,8,5,5,0.5,0.102533
500000,100,48,5000,40000,strided,1,8,5,5,0.5,0.101962
500000,100,49,5000,40000,strided,1,8,5,5,0.5,0.099565
500000,100,50,5000,40000,strided,1,8,5,5,0.5,0.10856
500000,100,51,5000,40000,strided,1,8,5,5,0.5,0.105447
500000,100,52,5000,40000,strided,1,8,5,5,0.5,0.101561
500000,100,53,5000,40000,strided,1,8,5,5,0.5,0.10128
500000,100,54,5000,40000,strided,1,8,5,5,0.5,0.098665
500000,100,55,5000,40000,strided,1,8,5,5,0.5,0.103025
500000,100,56,5000,40000,strided,1,8,5,5,0.5,0.102105
500000,100,57,5000,40000,strided,1,8,5,5,0.5,0.099575
500000,100,58,5000,40000,strided,1,8,5,5,0.5,0.099094
500000,100,59,5000,40000,strided,1,8,5,5,0.5,0.099227
500000,100,60,5000,40000,strided,1,8,5,5,0.5,0.100588
500000,100,61,5000,40000,strided,1,8,5,5,0.5,0.100605
500000,100,62,5000,40000,strided,1,8,5,5,0.5,0.099701
500000,100,63,5000,40000,strided,1,8,5,5,0.5,0.103879
500000,100,64,5000,40000,strided,1,8,5,5,0.5,0.103602
500000,100,65,5000,40000,strided,1,8,5,5,0.5,0.09686
500000,100,66,5000,40000,strided,1,8,5,5,0.5,0.09628
500000,100,67,5000,40000,strided,1,8,5,5,0.5,0.099178
500000,100,68,5000,40000,strided,1,8,5,5,0.5,0.098642
500000,100,69,5000,40000,strided,1,8,5,5,0.5,0.092793
500000,100,70,5000,40000,strided,1,8,5,5,0.5,0.098435
500000,100,71,5000,40000,strided,1,8,5,5,0.5,0.093236
500000,100,72,5000,40000,strided,1,8,5,5,0.5,0.093899
500000,100,73,5000,40000,strided,1,8,5,5,0.5,0.097126
500000,100,74,5000,40000,strided,1,8,5,5,0.5,0.151671
500000,100,75,5000,40000,strided,1,8,5,5,0.5,0.100577
500000,100,76,5000,40000,strided,1,8,5,5,0.5,0.099262
500000,100,77,5000,40000,strided,1,8,5,5,0.5,0.096961
500000,100,78,5000,40000,strided,1,8,5,5,0.5,0.0986
500000,100,79,5000,40000,strided,1,8,5,5,0.5,0.103504
500000,100,80,5000,40000,strided,1,8,5,5,0.5,0.099476
500000,100,81,5000,40000,strided,1,8,5,5,0.5,0.098132
500000,100,82,5000,40000,strided,1,8,5,5,0.5,0.103367
500000,100,83,5000,40000,strided,1,8,5,5,0.5,0.097255
500000,100,84,5000,40000,strided,1,8,5,5,0.5,0.104114
500000,100,85,5000,40000,strided,1,8,5,5,0.5,0.103324
500000,100,86,5000,40000,strided,1,8,5,5,0.5,0.101314
500000,100,87,5000,40000,strided,1,8,5,5,0.5,0.100403
500000,100,88,5000,40000,strided,1,8,5,5,0.5,0.100762
500000,100,89,5000,40000,strided,1,8,5,5,0.5,0.105413
500000,100,90,5000,40000,strided,1,8,5,5,0.5,0.098421
500000,100,91,5000,40000,strided,1,8,5,5,0.5,0.097626
500000,100,92,5000,40000,strided,1,8,5,5,0.5,0.10033
500000,100,93,5000,40000,strided,1,8,5,5,0.5,0.099184
500000,100,94,5000,40000,strided,1,8,5,5,0.5,0.101959
500000,100,95,5000,40000,strided,1,8,5,5,0.5,0.101231
500000,100,96,5000,40000,strided,1,8,5,5,0.5,0.104964
500000,100,97,5000,40000,strided,1,8,5,5,0.5,0.097725
500000,100,98,5000,40000,strided,1,8,5,5,0.5,0.09803
500000,100,99,5000,40000,strided,1,8,5,5,0.5,0.100806
500000,100,0,5000,40000,random,2,1,1,1,0.1,0.219139
500000,100,1,5000,40000,random,2,1,1,1,0.1,0.221134
500000,100,2,5000,40000,random,2,1,1,1,0.1,0.212854
500000,100,3,5000,40000,random,2,1,1,1,0.1,0.209081
500000,100,4,5000,40000,random,2,1,1,1,0.1,0.209362
500000,100,5,5000,40000,random,2,1,1,1,0.1,0.209147
500000,100,6,5000,40000,random,2,1,1,1,0.1,0.214014
500000,100,7,5000,40000,random,2,1,1,1,0.1,0.216169
500000,100,8,5000,40000,random,2,1,1,1,0.1,0.209797
500000,100,9,5000,40000,random,2,1,1,1,0.1,0.21593
500000,100,10,5000,40000,random,2,1,1,1,0.1,0.218089
500000,100,11,5000,40000,random,2,1,1,1,0.1,0.213743
500000,100,12,5000,40000,random,2,1,1,1,0.1,0.207839
500000,100,13,5000,40000,random,2,1,1,1,0.1,0.207011
500000,100,14,5000,40000,random,2,1,1,1,0.1,0.214498
500000,100,15,5000,40000,random,2,1,1,1,0.1,0.210393
500000,100,16,5000,40000,random,2,1,1,1,0.1,0.217061
500000,100,17,5000,40000,random,2,1,1,1,0.1,0.21086
500000,100,18,5000,40000,random,2,1,1,1,0.1,0.212128
500000,100,19,5000,40000,random,2,1,1,1,0.1,0.212599
500000,100,20,5000,40000,random,2,1,1,1,0.1,0.212949
500000,100,21,5000,40000,random,2,1,1,1,0.1,0.216989
500000,100,22,5000,40000,random,2,1,1,1,0.1,0.208675
500000,100,23,5000,40000,random,2,1,1,1,0.1,0.213005
500000,100,24,5000,40000,random,2,1,1,1,0.1,0.214076
500000,100,25,5000,40000,random,2,1,1,1,0.1,0.213023
500000,100,26,5000,40000,random,2,1,1,1,0.1,0.211146
500000,100,27,5000,40000,random,2,1,1,1,0.1,0.215134
500000,100,28,5000,40000,random,2,1,1,1,0.1,0.210829
500000,100,29,5000,40000,random,2,1,1,1,0.1,0.21351
500000,100,30,5000,40000,random,2,1,1,1,0.1,0.213879
500000,100,31,5000,40000,random,2,1,1,1,0.1,0.213172
500000,100,32,5000,40000,random,2,1,1,1,0.1,0.210749
500000,100,33,5000,40000,random,2,1,1,1,0.1,0.216444
500000,100,34,5000,40000,random,2,1,1,1,0.1,0.212131
500000,100,35,5000,40000,random,2,1,1,1,0.1,0.214315
500000,100,36,5000,40000,random,2,1,1,1,0.1,0.215182
500000,100,37,5000,40000,random,2,1,1,1,0.1,0.212058
500000,100,38,5000,40000,random,2,1,1,1,0.1,0.21075
500000,100,39,5000,40000,random,2,1,1,1,0.1,0.215833
500000,100,40,5000,40000,random,2,1,1,1,0.1,0.2923
500000,100,41,5000,40000,random,2,1,1,1,0.1,0.211398
500000,100,42,5000,40000,random,2,1,1,1,0.1,0.215155
500000,100,43,5000,40000,random,2,1,1,1,0.1,0.213617
500000,100,44,5000,40000,random,2,1,1,1,0.1,0.211457
500000,100,45,5000,40000,random,2,1,1,1,0.1,0.215902
500000,100,46,5000,40000,random,2,1,1,1,0.1,0.208274
500000,100,47,5000,40000,random,2,1,1,1,0.1,0.229242
500000,100,48,5000,40000,random,2,1,1,1,0.1,0.218407
500000,100,49,5000,40000,random,2,1,1,1,0.1,0.213663
500000,100,50,5000,40000,random,2,1,1,1,0.1,0.210304
500000,100,51,5000,40000,random,2,1,1,1,0.1,0.213401
500000,100,52,5000,40000,random,2,1,1,1,0.1,0.211077
500000,100,53,5000,40000,random,2,1,1,1,0.1,0.214005
500000,100,54,5000,40000,random,2,1,1,1,0.1,0.208859
500000,100,55,5000,40000,random,2,1,1,1,0.1,0.219717
500000,100,56,5000,40000,random,2,1,1,1,0.1,0.219149
500000,100,57,5000,40000,random,2,1,1,1,0.1,0.221271
500000,100,58,5000,40000,random,2,1,1,1,0.1,0.212548
500000,100,59,5000,40000,random,2,1,1,1,0.1,0.215251
500000,100,60,5000,40000,random,2,1,1,1,0.1,0.21462
500000,100,61,5000,40000,random,2,1,1,1,0.1,0.21283
500000,100,62,5000,40000,random,2,1,1,1,0.1,0.208784
500000,100,63,5000,40000,random,2,1,1,1,0.1,0.20933
500000,100,64,5000,40000,random,2,1,1,1,0.1,0.215542
500000,100,65,5000,40000,random,2,1,1,1,0.1,0.211827
500000,100,66,5000,40000,random,2,1,1,1,0.1,0.214414
500000,100,67,5000,40000,random,2,1,1,1,0.1,0.215833
500000,100,68,5000,40000,random,2,1,1,1,0.1,0.212393
500000,100,69,5000,40000,random,2,1,1,1,0.1,0.213938
500000,100,70,5000,40000,random,2,1,1,1,0.1,0.220044
500000,100,71,5000,40000,random,2,1,1,1,0.1,0.210248
500000,100,72,5000,40000,random,2,1,1,1,0.1,0.215225
500000,100,73,5000,40000,random,2,1,1,1,0.1,0.213004
500000,100,74,5000,40000,random,2,1,1,1,0.1,0.214723
500000,100,75,5000,40000,random,2,1,1,1,0.1,0.21446
500000,100,76,5000,40000,random,2,1,1,1,0.1,0.220281
500000,100,77,5000,40000,random,2,1,1,1,0.1,0.256942
500000,100,78,5000,40000,random,2,1,1,1,0.1,0.211366
500000,100,79,5000,40000,random,2,1,1,1,0.1,0.207392
500000,100,80,5000,40000,random,2,1,1,1,0.1,0.214204
500000,100,81,5000,40000,random,2,1,1,1,0.1,0.210051
500000,100,82,5000,40000,random,2,1,1,1,0.1,0.210513
500000,100,83,5000,40000,random,2,1,1,1,0.1,0.206721
500000,100,84,5000,40000,random,2,1,1,1,0.1,0.220978
500000,100,85,5000,40000,random,2,1,1,1,0.1,0.213163
500000,100,86,5000,40000,random,2,1,1,1,0.1,0.213104
500000,100,87,5000,40000,random,2,1,1,1,0.1,0.217283
500000,100,88,5000,40000,random,2,1,1,1,0.1,0.211792
500000,100,89,5000,40000,random,2,1,1,1,0.1,0.213857
500000,100,90,5000,40000,random,2,1,1,1,0.1,0.212074
500000,100,91,5000,40000,random,2,1,1,1,0.1,0.277858
500000,100,92,5000,40000,random,2,1,1,1,0.1,0.213867
500000,100,93,5000,40000,random,2,1,1,1,0.1,0.21302
500000,100,94,5000,40000,random,2,1,1,1,0.1,0.209628
500000,100,95,5000,40000,random,2,1,1,1,0.1,0.21393
500000,100,96,5000,40000,random,2,1,1,1,0.1,0.215065
500000,100,97,5000,40000,random,2,1,1,1,0.1,0.217182
500000,100,98,5000,40000,random,2,1,1,1,0.1,0.215806
500000,100,99,5000,40000,random,2,1,1,1,0.1,0.221326
500000,100,0,5000,40000,random,2,1,5,5,0.1,0.268735
500000,100,1,5000,40000,random,2,1,5,5,0.1,0.278724
500000,100,2,5000,40000,random,2,1,5,5,0.1,0.279999
500000,100,3,5000,40000,random,2,1,5,5,0.1,0.268946
500000,100,4,5000,40000,random,2,1,5,5,0.1,0.26903
500000,100,5,5000,40000,random,2,1,5,5,0.1,0.271608
500000,100,6,5000,40000,random,2,1,5,5,0.1,0.274357
500000,100,7,5000,40000,random,2,1,5,5,0.1,0.273535
500000,100,8,5000,40000,random,2,1,5,5,0.1,0.272156
500000,100,9,5000,40000,random,2,1,5,5,0.1,0.270002
500000,100,10,5000,40000,random,2,1,5,5,0.1,0.276526
500000,100,11,5000,40000,random,2,1,5,5,0.1,0.270948
500000,100,12,5000,40000,random,2,1,5,5,0.1,0.273457
500000,100,13,5000,40000,random,2,1,5,5,0.1,0.271124
500000,100,14,5000,40000,random,2,1,5,5,0.1,0.272565
500000,100,15,5000,40000,random,2,1,5,5,0.1,0.272348
500000,100,16,5000,40000,random,2,1,5,5,0.1,0.270523
500000,100,17,5000,40000,random,2,1,5,5,0.1,0.274032
500000,100,18,5000,40000,random,2,1,5,5,0.1,0.27557
500000,100,19,5000,40000,random,2,1,5,5,0.1,0.271688
500000,100,20,5000,40000,random,2,1,5,5,0.1,0.269016
500000,100,21,5000,40000,random,2,1,5,5,0.1,0.296
500000,100,22,5000,40000,random,2,1,5,5,0.1,0.271182
500000,100,23,5000,40000,random,2,1,5,5,0.1,0.26774
500000,100,24,5000,40000,random,2,1,5,5,0.1,0.270172
500000,100,25,5000,40000,random,2,1,5,5,0.1,0.269364
500000,100,26,5000,40000,random,2,1,5,5,0.1,0.272465
500000,100,27,5000,40000,random,2,1,5,5,0.1,0.277821
500000,100,28,5000,40000,random,2,1,5,5,0.1,0.281181
500000,100,29,5000,40000,random,2,1,5,5,0.1,0.26963
500000,100,30,5000,40000,random,2,1,5,5,0.1,0.26971
500000,100,31,5000,40000,random,2,1,5,5,0.1,0.271014
500000,100,32,5000,40000,random,2,1,5,5,0.1,0.271331
500000,100,33,5000,40000,random,2,1,5,5,0.1,0.270497
500000,100,34,5000,40000,random,2,1,5,5,0.1,0.278111
500000,100,35,5000,40000,random,2,1,5,5,0.1,0.27585
500000,100,36,5000,40000,random,2,1,5,5,0.1,0.271369
500000,100,37,5000,40000,random,2,1,5,5,0.1,0.271885
500000,100,38,5000,40000,random,2,1,5,5,0.1,0.270982
500000,100,39,5000,40000,random,2,1,5,5,0.1,0.272727
500000,100,40,5000,40000,random,2,1,5,5,0.1,0.2742
500000,100,41,5000,40000,random,2,1,5,5,0.1,0.275931
500000,100,42,5000,40000,random,2,1,5,5,0.1,0.277171
500000,100,43,5000,40000,random,2,1,5,5,0.1,0.272843
500000,100,44,5000,40000,random,2,1,5,5,0.1,0.273973
500000,100,45,5000,40000,random,2,1,5,5,0.1,0.269682
500000,100,46,5000,40000,random,2,1,5,5,0.1,0.272528
500000,100,47,5000,40000,random,2,1,5,5,0.1,0.267687
500000,100,48,5000,40000,random,2,1,5,5,0.1,0.268127
500000,100,49,5000,40000,random,2,1,5,5,0.1,0.271335
500000,100,50,5000,40000,random,2,1,5,5,0.1,0.275486
500000,100,51,5000,40000,random,2,1,5,5,0.1,0.274338
500000,100,52,5000,40000,random,2,1,5,5,0.1,0.278847
500000,100,53,5000,40000,random,2,1,5,5,0.1,0.267092
500000,100,54,5000,40000,random,2,1,5,5,0.1,0.26724
500000,100,55,5000,40000,random,2,1,5,5,0.1,0.27201
500000,100,56,5000,40000,random,2,1,5,5,0.1,0.26788
500000,100,57,5000,40000,random,2,1,5,5,0.1,0.278161
500000,100,58,5000,40000,random,2,1,5,5,0.1,0.270572
500000,100,59,5000,40000,random,2,1,5,5,0.1,0.279817
500000,100,60,5000,40000,random,2,1,5,5,0.1,0.270269
500000,100,61,5000,40000,random,2,1,5,5,0.1,0.267223
500000,100,62,5000,40000,random,2,1,5,5,0.1,0.275504
500000,100,63,5000,40000,random,2,1,5,5,0.1,0.27703
500000,100,64,5000,40000,random,2,1,5,5,0.1,0.271706
500000,100,65,5000,40000,random,2,1,5,5,0.1,0.271074
500000,100,66,5000,40000,random,2,1,5,5,0.1,0.271907
500000,100,67,5000,40000,random,2,1,5,5,0.1,0.26756
500000,100,68,5000,40000,random,2,1,5,5,0.1,0.268162
500000,100,69,5000,40000,random,2,1,5,5,0.1,0.270892
500000,100,70,5000,40000,random,2,1,5,5,0.1,0.274096
500000,100,71,5000,40000,random,2,1,5,5,0.1,0.271274
500000,100,72,5000,40000,random,2,1,5,5,0.1,0.269124
500000,100,73,5000,40000,random,2,1,5,5,0.1,0.269083
500000,100,74,5000,40000,random,2,1,5,5,0.1,0.26886
500000,100,75,5000,40000,random,2,1,5,5,0.1,0.268998
500000,100,76,5000,40000,random,2,1,5,5,0.1,0.269199
500000,100,77,5000,40000,random,2,1,5,5,0.1,0.271634
500000,100,78,5000,40000,random,2,1,5,5,0.1,0.267983
500000,100,79,5000,40000,random,2,1,5,5,0.1,0.278076
500000,100,80,5000,40000,random,2,1,5,5,0.1,0.266794
500000,100,81,5000,40000,random,2,1,5,5,0.1,0.26536
500000,100,82,5000,40000,random,2,1,5,5,0.1,0.272266
500000,100,83,5000,40000,random,2,1,5,5,0.1,0.300277
500000,100,84,5000,40000,random,2,1,5,5,0.1,0.269058
500000,100,85,5000,40000,random,2,1,5,5,0.1,0.271367
500000,100,86,5000,40000,random,2,1,5,5,0.1,0.264544
500000,100,87,5000,40000,random,2,1,5,5,0.1,0.267916
500000,100,88,5000,40000,random,2,1,5,5,0.1,0.270452
500000,100,89,5000,40000,random,2,1,5,5,0.1,0.277416
500000,100,90,5000,40000,random,2,1,5,5,0.1,0.272315
500000,100,91,5000,40000,random,2,1,5,5,0.1,0.273815
500000,100,92,5000,40000,random,2,1,5,5,0.1,0.269016
500000,100,93,5000,40000,random,2,1,5,5,0.1,0.267494
500000,100,94,5000,40000,random,2,1,5,5,0.1,0.278425
500000,100,95,5000,40000,random,2,1,5,5,0.1,0.271837
500000,100,96,5000,40000,random,2,1,5,5,0.1,0.269161
500000,100,97,5000,40000,random,2,1,5,5,0.1,0.267156
500000,100,98,5000,40000,random,2,1,5,5,0.1,0.268598
500000,100,99,5000,40000,random,2,1,5,5,0.1,0.267726
500000,500,0,1000,8000,sequential,0,1,1,1,1,0.005037
500000,500,1,1000,8000,sequential,0,1,1,1,1,0.005121
500000,500,2,1000,8000,sequential,0,1,1,1,1,0.00507
500000,500,3,1000,8000,sequential,0,1,1,1,1,0.008754
500000,500,4,1000,8000,sequential,0,1,1,1,1,0.005047
500000,500,5,1000,8000,sequential,0,1,1,1,1,0.004874
500000,500,6,1000,8000,sequential,0,1,1,1,1,0.005046
500000,500,7,1000,8000,sequential,0,1,1,1,1,0.004945
500000,500,8,1000,8000,sequential,0,1,1,1,1,0.005047
500000,500,9,1000,8000,sequential,0,1,1,1,1,0.005213
500000,500,10,1000,8000,sequential,0,1,1,1,1,0.005025
500000,500,11,1000,8000,sequential,0,1,1,1,1,0.005068
500000,500,12,1000,8000,sequential,0,1,1,1,1,0.005184
500000,500,13,1000,8000,sequential,0,1,1,1,1,0.004858
500000,500,14,1000,8000,sequential,0,1,1,1,1,0.005001
500000,500,15,1000,8000,sequential,0,1,1,1,1,0.005083
500000,500,16,1000,8000,sequential,0,1,1,1,1,0.004791
500000,500,17,1000,8000,sequential,0,1,1,1,1,0.00519
500000,500,18,1000,8000,sequential,0,1,1,1,1,0.005022
500000,500,19,1000,8000,sequential,0,1,1,1,1,0.008729
500000,500,20,1000,8000,sequential,0,1,1,1,1,0.004987
500000,500,21,1000,8000,sequential,0,1,1,1,1,0.004833
500000,500,22,1000,8000,sequential,0,1,1,1,1,0.004914
500000,500,23,1000,8000,sequential,0,1,1,1,1,0.004862
500000,500,24,1000,8000,sequential,0,1,1,1,1,0.005206
500000,500,25,1000,8000,sequential,0,1,1,1,1,0.005294
500000,500,26,1000,8000,sequential,0,1,1,1,1,0.005207
500000,500,27,1000,8000,sequential,0,1,1,1,1,0.005067
500000,500,28,1000,8000,sequential,0,1,1,1,1,0.005322
500000,500,29,1000,8000,sequential,0,1,1,1,1,0.005318
500000,500,30,1000,8000,sequential,0,1,1,1,1,0.00526
500000,500,31,1000,8000,sequential,0,1,1,1,1,0.005111
500000,500,32,1000,8000,sequential,0,1,1,1,1,0.004772
500000,500,33,1000,8000,sequential,0,1,1,1,1,0.005014
500000,500,34,1000,8000,sequential,0,1,1,1,1,0.008783
500000,500,35,1000,8000,sequential,0,1,1,1,1,0.008887
500000,500,36,1000,8000,sequential,0,1,1,1,1,0.004925
500000,500,37,1000,8000,sequential,0,1,1,1,1,0.004948
500000,500,38,1000,8000,sequential,0,1,1,1,1,0.004958
500000,500,39,1000,8000,sequential,0,1,1,1,1,0.005023
500000,500,40,1000,8000,sequential,0,1,1,1,1,0.005045
500000,500,41,1000,8000,sequential,0,1,1,1,1,0.004892
500000,500,42,1000,8000,sequential,0,1,1,1,1,0.005156
500000,500,43,1000,8000,sequential,0,1,1,1,1,0.005093
500000,500,44,1000,8000,sequential,0,1,1,1,1,0.005587
500000,500,45,1000,8000,sequential,0,1,1,1,1,0.006477
500000,500,46,1000,8000,sequential,0,1,1,1,1,0.005231
500000,500,47,1000,8000,sequential,0,1,1,1,1,0.005041
500000,500,48,1000,8000,sequential,0,1,1,1,1,0.005086
500000,500,49,1000,8000,sequential,0,1,1,1,1,0.005102
500000,500,50,1000,8000,sequential,0,1,1,1,1,0.009029
500000,500,51,1000,8000,sequential,0,1,1,1,1,0.004876
500000,500,52,1000,8000,sequential,0,1,1,1,1,0.004884
500000,500,53,1000,8000,sequential,0,1,1,1,1,0.004817
500000,500,54,1000,8000,sequential,0,1,1,1,1,0.005048
500000,500,55,1000,8000,sequential,0,1,1,1,1,0.005106
500000,500,56,1000,8000,sequential,0,1,1,1,1,0.004946
500000,500,57,1000,8000,sequential,0,1,1,1,1,0.005392
500000,500,58,1000,8000,sequential,0,1,1,1,1,0.005146
500000,500,59,1000,8000,sequential,0,1,1,1,1,0.005221
500000,500,60,1000,8000,sequential,0,1,1,1,1,0.00512
500000,500,61,1000,8000,sequential,0,1,1,1,1,0.004786
500000,500,62,1000,8000,sequential,0,1,1,1,1,0.004887
500000,500,63,1000,8000,sequential,0,1,1,1,1,0.005055
500000,500,64,1000,8000,sequential,0,1,1,1,1,0.005112
500000,500,65,1000,8000,sequential,0,1,1,1,1,0.004919
500000,500,66,1000,8000,sequential,0,1,1,1,1,0.005347
500000,500,67,1000,8000,sequential,0,1,1,1,1,0.005294
500000,500,68,1000,8000,sequential,0,1,1,1,1,0.005108
500000,500,69,1000,8000,sequential,0,1,1,1,1,0.005263
500000,500,70,1000,8000,sequential,0,1,1,1,1,0.005107
500000,500,71,1000,8000,sequential,0,1,1,1,1,0.005238
500000,500,72,1000,8000,sequential,0,1,1,1,1,0.005549
500000,500,73,1000,8000,sequential,0,1,1,1,1,0.008844
500000,500,74,1000,8000,sequential,0,1,1,1,1,0.00496
500000,500,75,1000,8000,sequential,0,1,1,1,1,0.004969
500000,500,76,1000,8000,sequential,0,1,1,1,1,0.00479
500000,500,77,1000,8000,sequential,0,1,1,1,1,0.004801
500000,500,78,1000,8000,sequential,0,1,1,1,1,0.005028
500000,500,79,1000,8000,sequential,0,1,1,1,1,0.005104
500000,500,80,1000,8000,sequential,0,1,1,1,1,0.004926
500000,500,81,1000,8000,sequential,0,1,1,1,1,0.005107
500000,500,82,1000,8000,sequential,0,1,1,1,1,0.004785
500000,500,83,1000,8000,sequential,0,1,1,1,1,0.00494
500000,500,84,1000,8000,sequential,0,1,1,1,1,0.004978
500000,500,85,1000,8000,sequential,0,1,1,1,1,0.004928
500000,500,86,1000,8000,sequential,0,1,1,1,1,0.005081
500000,500,87,1000,8000,sequential,0,1,1,1,1,0.005164
500000,500,88,1000,8000,sequential,0,1,1,1,1,0.005224
500000,500,89,1000,8000,sequential,0,1,1,1,1,0.00485
500000,500,90,1000,8000,sequential,0,1,1,1,1,0.008631
500000,500,91,1000,8000,sequential,0,1,1,1,1,0.004809
500000,500,92,1000,8000,sequential,0,1,1,1,1,0.004819
500000,500,93,1000,8000,sequential,0,1,1,1,1,0.005168
500000,500,94,1000,8000,sequential,0,1,1,1,1,0.005085
500000,500,95,1000,8000,sequential,0,1,1,1,1,0.005219
500000,500,96,1000,8000,sequential,0,1,1,1,1,0.004924
500000,500,97,1000,8000,sequential,0,1,1,1,1,0.005385
500000,500,98,1000,8000,sequential,0,1,1,1,1,0.005259
500000,500,99,1000,8000,sequential,0,1,1,1,1,0.004966
500000,500,100,1000,8000,sequential,0,1,1,1,1,0.00548
500000,500,101,1000,8000,sequential,0,1,1,1,1,0.004931
500000,500,102,1000,8000,sequential,0,1,1,1,1,0.005085
500000,500,103,1000,8000,sequential,0,1,1,1,1,0.004756
500000,500,104,1000,8000,sequential,0,1,1,1,1,0.005129
500000,500,105,1000,8000,sequential,0,1,1,1,1,0.005107
500000,500,106,1000,8000,sequential,0,1,1,1,1,0.008626
500000,500,107,1000,8000,sequential,0,1,1,1,1,0.004977
500000,500,108,1000,8000,sequential,0,1,1,1,1,0.004807
500000,500,109,1000,8000,sequential,0,1,1,1,1,0.005034
500000,500,110,1000,8000,sequential,0,1,1,1,1,0.005246
500000,500,111,1000,8000,sequential,0,1,1,1,1,0.005296
500000,500,112,1000,8000,sequential,0,1,1,1,1,0.005298
500000,500,113,1000,8000,sequential,0,1,1,1,1,0.005258
500000,500,114,1000,8000,sequential,0,1,1,1,1,0.004798
500000,500,115,1000,8000,sequential,0,1,1,1,1,0.005123
500000,500,116,1000,8000,sequential,0,1,1,1,1,0.005086
500000,500,117,1000,8000,sequential,0,1,1,1,1,0.004941
500000,500,118,1000,8000,sequential,0,1,1,1,1,0.005213
500000,500,119,1000,8000,sequential,0,1,1,1,1,0.005123
500000,500,120,1000,8000,sequential,0,1,1,1,1,0.005023
500000,500,121,1000,8000,sequential,0,1,1,1,1,0.004873
500000,500,122,1000,8000,sequential,0,1,1,1,1,0.004829
500000,500,123,1000,8000,sequential,0,1,1,1,1,0.004862
500000,500,124,1000,8000,sequential,0,1,1,1,1,0.005121
500000,500,125,1000,8000,sequential,0,1,1,1,1,0.006443
500000,500,126,1000,8000,sequential,0,1,1,1,1,0.0065
500000,500,127,1000,8000,sequential,0,1,1,1,1,0.004814
500000,500,128,1000,8000,sequential,0,1,1,1,1,0.004995
500000,500,129,1000,8000,sequential,0,1,1,1,1,0.00517
500000,500,130,1000,8000,sequential,0,1,1,1,1,0.004933
500000,500,131,1000,8000,sequential,0,1,1,1,1,0.005309
500000,500,132,1000,8000,sequential,0,1,1,1,1,0.005082
500000,500,133,1000,8000,sequential,0,1,1,1,1,0.005148
500000,500,134,1000,8000,sequential,0,1,1,1,1,0.005387
500000,500,135,1000,8000,sequential,0,1,1,1,1,0.006412
500000,500,136,1000,8000,sequential,0,1,1,1,1,0.008896
500000,500,137,1000,8000,sequential,0,1,1,1,1,0.008875
500000,500,138,1000,8000,sequential,0,1,1,1,1,0.004822
500000,500,139,1000,8000,sequential,0,1,1,1,1,0.004848
500000,500,140,1000,8000,sequential,0,1,1,1,1,0.004858
500000,500,141,1000,8000,sequential,0,1,1,1,1,0.00507
500000,500,142,1000,8000,sequential,0,1,1,1,1,0.004884
500000,500,143,1000,8000,sequential,0,1,1,1,1,0.005139
500000,500,144,1000,8000,sequential,0,1,1,1,1,0.005118
500000,500,145,1000,8000,sequential,0,1,1,1,1,0.004945
500000,500,146,1000,8000,sequential,0,1,1,1,1,0.004783
500000,500,147,1000,8000,sequential,0,1,1,1,1,0.005116
500000,500,148,1000,8000,sequential,0,1,1,1,1,0.004987
500000,500,149,1000,8000,sequential,0,1,1,1,1,0.005062
500000,500,150,1000,8000,sequential,0,1,1,1,1,0.004927
500000,500,151,1000,8000,sequential,0,1,1,1,1,0.00524
500000,500,152,1000,8000,sequential,0,1,1,1,1,0.005336
500000,500,153,1000,8000,sequential,0,1,1,1,1,0.005203
500000,500,154,1000,8000,sequential,0,1,1,1,1,0.004948
500000,500,155,1000,8000,sequential,0,1,1,1,1,0.005155
500000,500,156,1000,8000,sequential,0,1,1,1,1,0.005085
500000,500,157,1000,8000,sequential,0,1,1,1,1,0.005417
500000,500,158,1000,8000,sequential,0,1,1,1,1,0.005021
500000,500,159,1000,8000,sequential,0,1,1,1,1,0.00515
500000,500,160,1000,8000,sequential,0,1,1,1,1,0.004866
500000,500,161,1000,8000,sequential,0,1,1,1,1,0.00488
500000,500,162,1000,8000,sequential,0,1,1,1,1,0.00488
500000,500,163,1000,8000,sequential,0,1,1,1,1,0.004826
500000,500,164,1000,8000,sequential,0,1,1,1,1,0.00514
500000,500,165,1000,8000,sequential,0,1,1,1,1,0.004931
500000,500,166,1000,8000,sequential,0,1,1,1,1,0.005159
500000,500,167,1000,8000,sequential,0,1,1,1,1,0.005042
500000,500,168,1000,8000,sequential,0,1,1,1,1,0.004895
500000,500,169,1000,8000,sequential,0,1,1,1,1,0.004876
500000,500,170,1000,8000,sequential,0,1,1,1,1,0.005001
500000,500,171,1000,8000,sequential,0,1,1,1,1,0.005082
500000,500,172,1000,8000,sequential,0,1,1,1,1,0.005171
500000,500,173,1000,8000,sequential,0,1,1,1,1,0.005166
500000,500,174,1000,8000,sequential,0,1,1,1,1,0.004987
500000,500,175,1000,8000,sequential,0,1,1,1,1,0.005045
500000,500,176,1000,8000,sequential,0,1,1,1,1,0.004854
500000,500,177,1000,8000,sequential,0,1,1,1,1,0.004819
500000,500,178,1000,8000,sequential,0,1,1,1,1,0.004882
500000,500,179,1000,8000,sequential,0,1,1,1,1,0.005068
500000,500,180,1000,8000,sequential,0,1,1,1,1,0.004993
500000,500,181,1000,8000,sequential,0,1,1,1,1,0.005197
500000,500,182,1000,8000,sequential,0,1,1,1,1,0.005061
500000,500,183,1000,8000,sequential,0,1,1,1,1,0.005141
500000,500,184,1000,8000,sequential,0,1,1,1,1,0.005189
500000,500,185,1000,8000,sequential,0,1,1,1,1,0.004819
500000,500,186,1000,8000,sequential,0,1,1,1,1,0.004964
500000,500,187,1000,8000,sequential,0,1,1,1,1,0.005117
500000,500,188,1000,8000,sequential,0,1,1,1,1,0.005058
500000,500,189,1000,8000,sequential,0,1,1,1,1,0.005043
500000,500,190,1000,8000,sequential,0,1,1,1,1,0.004999
500000,500,191,1000,8000,sequential,0,1,1,1,1,0.008418
500000,500,192,1000,8000,sequential,0,1,1,1,1,0.008694
500000,500,193,1000,8000,sequential,0,1,1,1,1,0.008805
500000,500,194,1000,8000,sequential,0,1,1,1,1,0.004853
500000,500,195,1000,8000,sequential,0,1,1,1,1,0.004809
500000,500,196,1000,8000,sequential,0,1,1,1,1,0.005052
500000,500,197,1000,8000,sequential,0,1,1,1,1,0.004972
500000,500,198,1000,8000,sequential,0,1,1,1,1,0.005124
500000,500,199,1000,8000,sequential,0,1,1,1,1,0.005084
500000,500,200,1000,8000,sequential,0,1,1,1,1,0.006466
500000,500,201,1000,8000,sequential,0,1,1,1,1,0.005227
500000,500,202,1000,8000,sequential,0,1,1,1,1,0.005003
500000,500,203,1000,8000,sequential,0,1,1,1,1,0.005066
500000,500,204,1000,8000,sequential,0,1,1,1,1,0.005177
500000,500,205,1000,8000,sequential,0,1,1,1,1,0.004965
500000,500,206,1000,8000,sequential,0,1,1,1,1,0.004938
500000,500,207,1000,8000,sequential,0,1,1,1,1,0.009107
500000,500,208,1000,8000,sequential,0,1,1,1,1,0.005007
500000,500,209,1000,8000,sequential,0,1,1,1,1,0.00498
500000,500,210,1000,8000,sequential,0,1,1,1,1,0.0049
500000,500,211,1000,8000,sequential,0,1,1,1,1,0.004912
500000,500,212,1000,8000,sequential,0,1,1,1,1,0.004952
500000,500,213,1000,8000,sequential,0,1,1,1,1,0.004861
500000,500,214,1000,8000,sequential,0,1,1,1,1,0.00508
500000,500,215,1000,8000,sequential,0,1,1,1,1,0.005319
500000,500,216,1000,8000,sequential,0,1,1,1,1,0.005244
500000,500,217,1000,8000,sequential,0,1,1,1,1,0.005097
500000,500,218,1000,8000,sequential,0,1,1,1,1,0.005334
500000,500,219,1000,8000,sequential,0,1,1,1,1,0.00526
500000,500,220,1000,8000,sequential,0,1,1,1,1,0.005402
500000,500,221,1000,8000,sequential,0,1,1,1,1,0.005287
500000,500,222,1000,8000,sequential,0,1,1,1,1,0.006468
500000,500,223,1000,8000,sequential,0,1,1,1,1,0.008939
500000,500,224,1000,8000,sequential,0,1,1,1,1,0.004888
500000,500,225,1000,8000,sequential,0,1,1,1,1,0.004812
500000,500,226,1000,8000,sequential,0,1,1,1,1,0.005021
500000,500,227,1000,8000,sequential,0,1,1,1,1,0.005128
500000,500,228,1000,8000,sequential,0,1,1,1,1,0.004767
500000,500,229,1000,8000,sequential,0,1,1,1,1,0.005082
500000,500,230,1000,8000,sequential,0,1,1,1,1,0.005345
500000,500,231,1000,8000,sequential,0,1,1,1,1,0.005052
500000,500,232,1000,8000,sequential,0,1,1,1,1,0.00522
500000,500,233,1000,8000,sequential,0,1,1,1,1,0.004983
500000,500,234,1000,8000,sequential,0,1,1,1,1,0.005021
500000,500,235,1000,8000,sequential,0,1,1,1,1,0.005032
500000,500,236,1000,8000,sequential,0,1,1,1,1,0.0053
500000,500,237,1000,8000,sequential,0,1,1,1,1,0.00521
500000,500,238,1000,8000,sequential,0,1,1,1,1,0.005136
500000,500,239,1000,8000,sequential,0,1,1,1,1,0.005279
500000,500,240,1000,8000,sequential,0,1,1,1,1,0.0053
500000,500,241,1000,8000,sequential,0,1,1,1,1,0.005264
500000,500,242,1000,8000,sequential,0,1,1,1,1,0.005024
500000,500,243,1000,8000,sequential,0,1,1,1,1,0.008692
500000,500,244,1000,8000,sequential,0,1,1,1,1,0.004874
500000,500,245,1000,8000,sequential,0,1,1,1,1,0.004876
500000,500,246,1000,8000,sequential,0,1,1,1,1,0.004796
500000,500,247,1000,8000,sequential,0,1,1,1,1,0.004934
500000,500,248,1000,8000,sequential,0,1,1,1,1,0.008749
500000,500,249,1000,8000,sequential,0,1,1,1,1,0.004918
500000,500,250,1000,8000,sequential,0,1,1,1,1,0.004815
500000,500,251,1000,8000,sequential,0,1,1,1,1,0.004774
500000,500,252,1000,8000,sequential,0,1,1,1,1,0.00513
500000,500,253,1000,8000,sequential,0,1,1,1,1,0.004965
500000,500,254,1000,8000,sequential,0,1,1,1,1,0.00522
500000,500,255,1000,8000,sequential,0,1,1,1,1,0.004839
500000,500,256,1000,8000,sequential,0,1,1,1,1,0.004975
500000,500,257,1000,8000,sequential,0,1,1,1,1,0.004761
500000,500,258,1000,8000,sequential,0,1,1,1,1,0.005044
500000,500,259,1000,8000,sequential,0,1,1,1,1,0.005163
500000,500,260,1000,8000,sequential,0,1,1,1,1,0.005263
500000,500,261,1000,8000,sequential,0,1,1,1,1,0.005263
500000,500,262,1000,8000,sequential,0,1,1,1,1,0.005304
500000,500,263,1000,8000,sequential,0,1,1,1,1,0.008725
500000,500,264,1000,8000,sequential,0,1,1,1,1,0.008189
500000,500,265,1000,8000,sequential,0,1,1,1,1,0.005252
500000,500,266,1000,8000,sequential,0,1,1,1,1,0.004961
500000,500,267,1000,8000,sequential,0,1,1,1,1,0.005156
500000,500,268,1000,8000,sequential,0,1,1,1,1,0.005059
500000,500,269,1000,8000,sequential,0,1,1,1,1,0.005206
500000,500,270,1000,8000,sequential,0,1,1,1,1,0.005063
500000,500,271,1000,8000,sequential,0,1,1,1,1,0.005027
500000,500,272,1000,8000,sequential,0,1,1,1,1,0.00498
500000,500,273,1000,8000,sequential,0,1,1,1,1,0.005129
500000,500,274,1000,8000,sequential,0,1,1,1,1,0.004823
500000,500,275,1000,8000,sequential,0,1,1,1,1,0.004991
500000,500,276,1000,8000,sequential,0,1,1,1,1,0.004906
500000,500,277,1000,8000,sequential,0,1,1,1,1,0.005041
500000,500,278,1000,8000,sequential,0,1,1,1,1,0.004912
500000,500,279,1000,8000,sequential,0,1,1,1,1,0.008725
500000,500,280,1000,8000,sequential,0,1,1,1,1,0.004861
500000,500,281,1000,8000,sequential,0,1,1,1,1,0.005067
500000,500,282,1000,8000,sequential,0,1,1,1,1,0.004992
500000,500,283,1000,8000,sequential,0,1,1,1,1,0.005289
500000,500,284,1000,8000,sequential,0,1,1,1,1,0.004952
500000,500,285,1000,8000,sequential,0,1,1,1,1,0.005103
500000,500,286,1000,8000,sequential,0,1,1,1,1,0.005511
500000,500,287,1000,8000,sequential,0,1,1,1,1,0.005525
500000,500,288,1000,8000,sequential,0,1,1,1,1,0.005152
500000,500,289,1000,8000,sequential,0,1,1,1,1,0.005025
500000,500,290,1000,8000,sequential,0,1,1,1,1,0.004802
500000,500,291,1000,8000,sequential,0,1,1,1,1,0.005044
500000,500,292,1000,8000,sequential,0,1,1,1,1,0.005191
500000,500,293,1000,8000,sequential,0,1,1,1,1,0.005107
500000,500,294,1000,8000,sequential,0,1,1,1,1,0.005022
500000,500,295,1000,8000,sequential,0,1,1,1,1,0.008846
500000,500,296,1000,8000,sequential,0,1,1,1,1,0.008365
500000,500,297,1000,8000,sequential,0,1,1,1,1,0.005063
500000,500,298,1000,8000,sequential,0,1,1,1,1,0.004787
500000,500,299,1000,8000,sequential,0,1,1,1,1,0.004854
500000,500,300,1000,8000,sequential,0,1,1,1,1,0.004996
500000,500,301,1000,8000,sequential,0,1,1,1,1,0.004892
500000,500,302,1000,8000,sequential,0,1,1,1,1,0.005179
500000,500,303,1000,8000,sequential,0,1,1,1,1,0.005339
500000,500,304,1000,8000,sequential,0,1,1,1,1,0.00529
500000,500,305,1000,8000,sequential,0,1,1,1,1,0.005062
500000,500,306,1000,8000,sequential,0,1,1,1,1,0.005167
500000,500,307,1000,8000,sequential,0,1,1,1,1,0.005044
500000,500,308,1000,8000,sequential,0,1,1,1,1,0.005008
500000,500,309,1000,8000,sequential,0,1,1,1,1,0.005132
500000,500,310,1000,8000,sequential,0,1,1,1,1,0.005113
500000,500,311,1000,8000,sequential,0,1,1,1,1,0.007581
500000,500,312,1000,8000,sequential,0,1,1,1,1,0.008916
500000,500,313,1000,8000,sequential,0,1,1,1,1,0.004817
500000,500,314,1000,8000,sequential,0,1,1,1,1,0.004825
500000,500,315,1000,8000,sequential,0,1,1,1,1,0.005233
500000,500,316,1000,8000,sequential,0,1,1,1,1,0.004796
500000,500,317,1000,8000,sequential,0,1,1,1,1,0.004899
500000,500,318,1000,8000,sequential,0,1,1,1,1,0.00497
500000,500,319,1000,8000,sequential,0,1,1,1,1,0.005042
500000,500,320,1000,8000,sequential,0,1,1,1,1,0.004956
500000,500,321,1000,8000,sequential,0,1,1,1,1,0.00511
500000,500,322,1000,8000,sequential,0,1,1,1,1,0.005097
500000,500,323,1000,8000,sequential,0,1,1,1,1,0.004959
500000,500,324,1000,8000,sequential,0,1,1,1,1,0.005102
500000,500,325,1000,8000,sequential,0,1,1,1,1,0.005376
500000,500,326,1000,8000,sequential,0,1,1,1,1,0.005203
500000,500,327,1000,8000,sequential,0,1,1,1,1,0.005163
500000,500,328,1000,8000,sequential,0,1,1,1,1,0.005098
500000,500,329,1000,8000,sequential,0,1,1,1,1,0.005078
500000,500,330,1000,8000,sequential,0,1,1,1,1,0.005101
500000,500,331,1000,8000,sequential,0,1,1,1,1,0.004901
500000,500,332,1000,8000,sequential,0,1,1,1,1,0.005172
500000,500,333,1000,8000,sequential,0,1,1,1,1,0.004826
500000,500,334,1000,8000,sequential,0,1,1,1,1,0.008955
500000,500,335,1000,8000,sequential,0,1,1,1,1,0.004844
500000,500,336,1000,8000,sequential,0,1,1,1,1,0.004824
500000,500,337,1000,8000,sequential,0,1,1,1,1,0.005028
500000,500,338,1000,8000,sequential,0,1,1,1,1,0.005337
500000,500,339,1000,8000,sequential,0,1,1,1,1,0.005004
500000,500,340,1000,8000,sequential,0,1,1,1,1,0.005046
500000,500,341,1000,8000,sequential,0,1,1,1,1,0.005105
500000,500,342,1000,8000,sequential,0,1,1,1,1,0.00493
500000,500,343,1000,8000,sequential,0,1,1,1,1,0.005138
500000,500,344,1000,8000,sequential,0,1,1,1,1,0.005167
500000,500,345,1000,8000,sequential,0,1,1,1,1,0.00538
500000,500,346,1000,8000,sequential,0,1,1,1,1,0.005063
500000,500,347,1000,8000,sequential,0,1,1,1,1,0.005092
500000,500,348,1000,8000,sequential,0,1,1,1,1,0.004974
500000,500,349,1000,8000,sequential,0,1,1,1,1,0.009102
500000,500,350,1000,8000,sequential,0,1,1,1,1,0.004842
500000,500,351,1000,8000,sequential,0,1,1,1,1,0.005047
500000,500,352,1000,8000,sequential,0,1,1,1,1,0.007776
500000,500,353,1000,8000,sequential,0,1,1,1,1,0.004819
500000,500,354,1000,8000,sequential,0,1,1,1,1,0.005057
500000,500,355,1000,8000,sequential,0,1,1,1,1,0.004994
500000,500,356,1000,8000,sequential,0,1,1,1,1,0.004863
500000,500,357,1000,8000,sequential,0,1,1,1,1,0.005168
500000,500,358,1000,8000,sequential,0,1,1,1,1,0.00475
500000,500,359,1000,8000,sequential,0,1,1,1,1,0.004759
500000,500,360,1000,8000,sequential,0,1,1,1,1,0.004899
500000,500,361,1000,8000,sequential,0,1,1,1,1,0.004995
500000,500,362,1000,8000,sequential,0,1,1,1,1,0.004982
500000,500,363,1000,8000,sequential,0,1,1,1,1,0.004817
500000,500,364,1000,8000,sequential,0,1,1,1,1,0.00485
500000,500,365,1000,8000,sequential,0,1,1,1,1,0.008866
500000,500,366,1000,8000,sequential,0,1,1,1,1,0.004984
500000,500,367,1000,8000,sequential,0,1,1,1,1,0.004853
500000,500,368,1000,8000,sequential,0,1,1,1,1,0.00499
500000,500,369,1000,8000,sequential,0,1,1,1,1,0.005033
500000,500,370,1000,8000,sequential,0,1,1,1,1,0.005085
500000,500,371,1000,8000,sequential,0,1,1,1,1,0.005112
500000,500,372,1000,8000,sequential,0,1,1,1,1,0.004879
500000,500,373,1000,8000,sequential,0,1,1,1,1,0.004985
500000,500,374,1000,8000,sequential,0,1,1,1,1,0.005127
500000,500,375,1000,8000,sequential,0,1,1,1,1,0.005136
500000,500,376,1000,8000,sequential,0,1,1,1,1,0.004759
500000,500,377,1000,8000,sequential,0,1,1,1,1,0.005066
500000,500,378,1000,8000,sequential,0,1,1,1,1,0.005196
500000,500,379,1000,8000,sequential,0,1,1,1,1,0.005014
500000,500,380,1000,8000,sequential,0,1,1,1,1,0.008951
500000,500,381,1000,8000,sequential,0,1,1,1,1,0.008988
500000,500,382,1000,8000,sequential,0,1,1,1,1,0.004822
500000,500,383,1000,8000,sequential,0,1,1,1,1,0.004934
500000,500,384,1000,8000,sequential,0,1,1,1,1,0.004983
500000,500,385,1000,8000,sequential,0,1,1,1,1,0.005106
500000,500,386,1000,8000,sequential,0,1,1,1,1,0.004766
500000,500,387,1000,8000,sequential,0,1,1,1,1,0.005189
500000,500,388,1000,8000,sequential,0,1,1,1,1,0.005155
500000,500,389,1000,8000,sequential,0,1,1,1,1,0.0055
500000,500,390,1000,8000,sequential,0,1,1,1,1,0.005283
500000,500,391,1000,8000,sequential,0,1,1,1,1,0.005121
500000,500,392,1000,8000,sequential,0,1,1,1,1,0.005503
500000,500,393,1000,8000,sequential,0,1,1,1,1,0.004915
500000,500,394,1000,8000,sequential,0,1,1,1,1,0.004984
500000,500,395,1000,8000,sequential,0,1,1,1,1,0.005098
500000,500,396,1000,8000,sequential,0,1,1,1,1,0.005632
500000,500,397,1000,8000,sequential,0,1,1,1,1,0.008917
500000,500,398,1000,8000,sequential,0,1,1,1,1,0.004866
500000,500,399,1000,8000,sequential,0,1,1,1,1,0.004824
500000,500,400,1000,8000,sequential,0,1,1,1,1,0.00509
500000,500,401,1000,8000,sequential,0,1,1,1,1,0.005034
500000,500,402,1000,8000,sequential,0,1,1,1,1,0.004967
500000,500,403,1000,8000,sequential,0,1,1,1,1,0.004925
500000,500,404,1000,8000,sequential,0,1,1,1,1,0.004887
500000,500,405,1000,8000,sequential,0,1,1,1,1,0.004898
500000,500,406,1000,8000,sequential,0,1,1,1,1,0.005169
500000,500,407,1000,8000,sequential,0,1,1,1,1,0.005255
500000,500,408,1000,8000,sequential,0,1,1,1,1,0.005145
500000,500,409,1000,8000,sequential,0,1,1,1,1,0.005001
500000,500,410,1000,8000,sequential,0,1,1,1,1,0.005008
500000,500,411,1000,8000,sequential,0,1,1,1,1,0.005057
500000,500,412,1000,8000,sequential,0,1,1,1,1,0.004895
500000,500,413,1000,8000,sequential,0,1,1,1,1,0.005031
500000,500,414,1000,8000,sequential,0,1,1,1,1,0.005014
500000,500,415,1000,8000,sequential,0,1,1,1,1,0.004793
500000,500,416,1000,8000,sequential,0,1,1,1,1,0.005176
500000,500,417,1000,8000,sequential,0,1,1,1,1,0.005306
500000,500,418,1000,8000,sequential,0,1,1,1,1,0.004733
500000,500,419,1000,8000,sequential,0,1,1,1,1,0.004786
500000,500,420,1000,8000,sequential,0,1,1,1,1,0.008895
500000,500,421,1000,8000,sequential,0,1,1,1,1,0.004816
500000,500,422,1000,8000,sequential,0,1,1,1,1,0.004989
500000,500,423,1000,8000,sequential,0,1,1,1,1,0.005074
500000,500,424,1000,8000,sequential,0,1,1,1,1,0.008793
500000,500,425,1000,8000,sequential,0,1,1,1,1,0.008504
500000,500,426,1000,8000,sequential,0,1,1,1,1,0.008342
500000,500,427,1000,8000,sequential,0,1,1,1,1,0.00891
500000,500,428,1000,8000,sequential,0,1,1,1,1,0.007795
500000,500,429,1000,8000,sequential,0,1,1,1,1,0.005004
500000,500,430,1000,8000,sequential,0,1,1,1,1,0.00515
500000,500,431,1000,8000,sequential,0,1,1,1,1,0.004997
500000,500,432,1000,8000,sequential,0,1,1,1,1,0.00514
500000,500,433,1000,8000,sequential,0,1,1,1,1,0.005074
500000,500,434,1000,8000,sequential,0,1,1,1,1,0.008134
500000,500,435,1000,8000,sequential,0,1,1,1,1,0.007695
500000,500,436,1000,8000,sequential,0,1,1,1,1,0.00481
500000,500,437,1000,8000,sequential,0,1,1,1,1,0.004795
500000,500,438,1000,8000,sequential,0,1,1,1,1,0.004869
500000,500,439,1000,8000,sequential,0,1,1,1,1,0.00476
500000,500,440,1000,8000,sequential,0,1,1,1,1,0.00482
500000,500,441,1000,8000,sequential,0,1,1,1,1,0.005038
500000,500,442,1000,8000,sequential,0,1,1,1,1,0.004579
500000,500,443,1000,8000,sequential,0,1,1,1,1,0.00461
500000,500,444,1000,8000,sequential,0,1,1,1,1,0.004857
500000,500,445,1000,8000,sequential,0,1,1,1,1,0.004847
500000,500,446,1000,8000,sequential,0,1,1,1,1,0.004556
500000,500,447,1000,8000,sequential,0,1,1,1,1,0.006463
500000,500,448,1000,8000,sequential,0,1,1,1,1,0.004959
500000,500,449,1000,8000,sequential,0,1,1,1,1,0.00451
500000,500,450,1000,8000,sequential,0,1,1,1,1,0.005059
500000,500,451,1000,8000,sequential,0,1,1,1,1,0.004845
500000,500,452,1000,8000,sequential,0,1,1,1,1,0.004806
500000,500,453,1000,8000,sequential,0,1,1,1,1,0.00482
500000,500,454,1000,8000,sequential,0,1,1,1,1,0.004851
500000,500,455,1000,8000,sequential,0,1,1,1,1,0.004823
500000,500,456,1000,8000,sequential,0,1,1,1,1,0.004561
500000,500,457,1000,8000,sequential,0,1,1,1,1,0.004866
500000,500,458,1000,8000,sequential,0,1,1,1,1,0.00458
500000,500,459,1000,8000,sequential,0,1,1,1,1,0.004854
500000,500,460,1000,8000,sequential,0,1,1,1,1,0.004876
500000,500,461,1000,8000,sequential,0,1,1,1,1,0.004885
500000,500,462,1000,8000,sequential,0,1,1,1,1,0.004914
500000,500,463,1000,8000,sequential,0,1,1,1,1,0.004911
500000,500,464,1000,8000,sequential,0,1,1,1,1,0.004554
500000,500,465,1000,8000,sequential,0,1,1,1,1,0.004936
500000,500,466,1000,8000,sequential,0,1,1,1,1,0.004829
500000,500,467,1000,8000,sequential,0,1,1,1,1,0.004841
500000,500,468,1000,8000,sequential,0,1,1,1,1,0.004834
500000,500,469,1000,8000,sequential,0,1,1,1,1,0.004551
500000,500,470,1000,8000,sequential,0,1,1,1,1,0.004725
500000,500,471,1000,8000,sequential,0,1,1,1,1,0.004594
500000,500,472,1000,8000,sequential,0,1,1,1,1,0.004904
500000,500,473,1000,8000,sequential,0,1,1,1,1,0.004838
500000,500,474,1000,8000,sequential,0,1,1,1,1,0.004828
500000,500,475,1000,8000,sequential,0,1,1,1,1,0.004564
500000,500,476,1000,8000,sequential,0,1,1,1,1,0.004928
500000,500,477,1000,8000,sequential,0,1,1,1,1,0.005116
500000,500,478,1000,8000,sequential,0,1,1,1,1,0.0048
500000,500,479,1000,8000,sequential,0,1,1,1,1,0.00455
500000,500,480,1000,8000,sequential,0,1,1,1,1,0.004589
500000,500,481,1000,8000,sequential,0,1,1,1,1,0.004596
500000,500,482,1000,8000,sequential,0,1,1,1,1,0.005021
500000,500,483,1000,8000,sequential,0,1,1,1,1,0.005035
500000,500,484,1000,8000,sequential,0,1,1,1,1,0.005096
500000,500,485,1000,8000,sequential,0,1,1,1,1,0.004805
500000,500,486,1000,8000,sequential,0,1,1,1,1,0.004976
500000,500,487,1000,8000,sequential,0,1,1,1,1,0.004821
500000,500,488,1000,8000,sequential,0,1,1,1,1,0.004845
500000,500,489,1000,8000,sequential,0,1,1,1,1,0.004548
500000,500,490,1000,8000,sequential,0,1,1,1,1,0.004802
500000,500,491,1000,8000,sequential,0,1,1,1,1,0.004813
500000,500,492,1000,8000,sequential,0,1,1,1,1,0.004848
500000,500,493,1000,8000,sequential,0,1,1,1,1,0.004791
500000,500,494,1000,8000,sequential,0,1,1,1,1,0.004764
500000,500,495,1000,8000,sequential,0,1,1,1,1,0.004562
500000,500,496,1000,8000,sequential,0,1,1,1,1,0.004873
500000,500,497,1000,8000,sequential,0,1,1,1,1,0.004562
500000,500,498,1000,8000,sequential,0,1,1,1,1,0.004523
500000,500,499,1000,8000,sequential,0,1,1,1,1,0.004785
500000,500,0,1000,8000,sequential,0,1,5,5,1,0.017581
500000,500,1,1000,8000,sequential,0,1,5,5,1,0.01759
500000,500,2,1000,8000,sequential,0,1,5,5,1,0.017663
500000,500,3,1000,8000,sequential,0,1,5,5,1,0.017664
500000,500,4,1000,8000,sequential,0,1,5,5,1,0.01765
500000,500,5,1000,8000,sequential,0,1,5,5,1,0.017729
500000,500,6,1000,8000,sequential,0,1,5,5,1,0.017649
500000,500,7,1000,8000,sequential,0,1,5,5,1,0.017577
500000,500,8,1000,8000,sequential,0,1,5,5,1,0.017605
500000,500,9,1000,8000,sequential,0,1,5,5,1,0.017596
500000,500,10,1000,8000,sequential,0,1,5,5,1,0.017598
500000,500,11,1000,8000,sequential,0,1,5,5,1,0.017615
500000,500,12,1000,8000,sequential,0,1,5,5,1,0.028149
500000,500,13,1000,8000,sequential,0,1,5,5,1,0.028315
500000,500,14,1000,8000,sequential,0,1,5,5,1,0.017621
500000,500,15,1000,8000,sequential,0,1,5,5,1,0.017623
500000,500,16,1000,8000,sequential,0,1,5,5,1,0.017662
500000,500,17,1000,8000,sequential,0,1,5,5,1,0.017441
500000,500,18,1000,8000,sequential,0,1,5,5,1,0.017674
500000,500,19,1000,8000,sequential,0,1,5,5,1,0.017748
500000,500,20,1000,8000,sequential,0,1,5,5,1,0.017599
500000,500,21,1000,8000,sequential,0,1,5,5,1,0.01759
500000,500,22,1000,8000,sequential,0,1,5,5,1,0.017577
500000,500,23,1000,8000,sequential,0,1,5,5,1,0.017674
500000,500,24,1000,8000,sequential,0,1,5,5,1,0.017637
500000,500,25,1000,8000,sequential,0,1,5,5,1,0.017657
500000,500,26,1000,8000,sequential,0,1,5,5,1,0.018124
500000,500,27,1000,8000,sequential,0,1,5,5,1,0.01758
500000,500,28,1000,8000,sequential,0,1,5,5,1,0.017563
500000,500,29,1000,8000,sequential,0,1,5,5,1,0.018748
500000,500,30,1000,8000,sequential,0,1,5,5,1,0.018129
500000,500,31,1000,8000,sequential,0,1,5,5,1,0.017832
500000,500,32,1000,8000,sequential,0,1,5,5,1,0.017593
500000,500,33,1000,8000,sequential,0,1,5,5,1,0.029035
500000,500,34,1000,8000,sequential,0,1,5,5,1,0.028131
500000,500,35,1000,8000,sequential,0,1,5,5,1,0.017629
500000,500,36,1000,8000,sequential,0,1,5,5,1,0.018762
500000,500,37,1000,8000,sequential,0,1,5,5,1,0.017746
500000,500,38,1000,8000,sequential,0,1,5,5,1,0.017587
500000,500,39,1000,8000,sequential,0,1,5,5,1,0.017683
500000,500,40,1000,8000,sequential,0,1,5,5,1,0.017798
500000,500,41,1000,8000,sequential,0,1,5,5,1,0.017622
500000,500,42,1000,8000,sequential,0,1,5,5,1,0.017623
500000,500,43,1000,8000,sequential,0,1,5,5,1,0.017557
500000,500,44,1000,8000,sequential,0,1,5,5,1,0.017605
500000,500,45,1000,8000,sequential,0,1,5,5,1,0.018136
500000,500,46,1000,8000,sequential,0,1,5,5,1,0.017484
500000,500,47,1000,8000,sequential,0,1,5,5,1,0.017967
500000,500,48,1000,8000,sequential,0,1,5,5,1,0.02875
500000,500,49,1000,8000,sequential,0,1,5,5,1,0.018426
500000,500,50,1000,8000,sequential,0,1,5,5,1,0.017605
500000,500,51,1000,8000,sequential,0,1,5,5,1,0.017522
500000,500,52,1000,8000,sequential,0,1,5,5,1,0.017669
500000,500,53,1000,8000,sequential,0,1,5,5,1,0.017601
500000,500,54,1000,8000,sequential,0,1,5,5,1,0.017638
500000,500,55,1000,8000,sequential,0,1,5,5,1,0.01765
500000,500,56,1000,8000,sequential,0,1,5,5,1,0.017746
500000,500,57,1000,8000,sequential,0,1,5,5,1,0.017637
500000,500,58,1000,8000,sequential,0,1,5,5,1,0.018017
500000,500,59,1000,8000,sequential,0,1,5,5,1,0.017607
500000,500,60,1000,8000,sequential,0,1,5,5,1,0.017616
500000,500,61,1000,8000,sequential,0,1,5,5,1,0.017602
500000,500,62,1000,8000,sequential,0,1,5,5,1,0.020336
500000,500,63,1000,8000,sequential,0,1,5,5,1,0.026587
500000,500,64,1000,8000,sequential,0,1,5,5,1,0.017514
500000,500,65,1000,8000,sequential,0,1,5,5,1,0.017464
500000,500,66,1000,8000,sequential,0,1,5,5,1,0.017455
500000,500,67,1000,8000,sequential,0,1,5,5,1,0.017536
500000,500,68,1000,8000,sequential,0,1,5,5,1,0.01765
500000,500,69,1000,8000,sequential,0,1,5,5,1,0.017608
500000,500,70,1000,8000,sequential,0,1,5,5,1,0.018837
500000,500,71,1000,8000,sequential,0,1,5,5,1,0.017562
500000,500,72,1000,8000,sequential,0,1,5,5,1,0.017706
500000,500,73,1000,8000,sequential,0,1,5,5,1,0.017811
500000,500,74,1000,8000,sequential,0,1,5,5,1,0.017638
500000,500,75,1000,8000,sequential,0,1,5,5,1,0.017544
500000,500,76,1000,8000,sequential,0,1,5,5,1,0.017637
500000,500,77,1000,8000,sequential,0,1,5,5,1,0.028824
500000,500,78,1000,8000,sequential,0,1,5,5,1,0.018738
500000,500,79,1000,8000,sequential,0,1,5,5,1,0.017589
500000,500,80,1000,8000,sequential,0,1,5,5,1,0.01768
500000,500,81,1000,8000,sequential,0,1,5,5,1,0.017642
500000,500,82,1000,8000,sequential,0,1,5,5,1,0.017576
500000,500,83,1000,8000,sequential,0,1,5,5,1,0.017671
500000,500,84,1000,8000,sequential,0,1,5,5,1,0.017582
500000,500,85,1000,8000,sequential,0,1,5,5,1,0.017566
500000,500,86,1000,8000,sequential,0,1,5,5,1,0.018526
500000,500,87,1000,8000,sequential,0,1,5,5,1,0.017628
500000,500,88,1000,8000,sequential,0,1,5,5,1,0.017569
500000,500,89,1000,8000,sequential,0,1,5,5,1,0.017606
500000,500,90,1000,8000,sequential,0,1,5,5,1,0.017606
500000,500,91,1000,8000,sequential,0,1,5,5,1,0.017715
500000,500,92,1000,8000,sequential,0,1,5,5,1,0.028242
500000,500,93,1000,8000,sequential,0,1,5,5,1,0.01771
500000,500,94,1000,8000,sequential,0,1,5,5,1,0.017719
500000,500,95,1000,8000,sequential,0,1,5,5,1,0.017652
500000,500,96,1000,8000,sequential,0,1,5,5,1,0.017535
500000,500,97,1000,8000,sequential,0,1,5,5,1,0.017613
500000,500,98,1000,8000,sequential,0,1,5,5,1,0.017716
500000,500,99,1000,8000,sequential,0,1,5,5,1,0.01751
500000,500,100,1000,8000,sequential,0,1,5,5,1,0.017564
500000,500,101,1000,8000,sequential,0,1,5,5,1,0.01762
500000,500,102,1000,8000,sequential,0,1,5,5,1,0.017512
500000,500,103,1000,8000,sequential,0,1,5,5,1,0.017602
500000,500,104,1000,8000,sequential,0,1,5,5,1,0.01758
500000,500,105,1000,8000,sequential,0,1,5,5,1,0.017523
500000,500,106,1000,8000,sequential,0,1,5,5,1,0.017465
500000,500,107,1000,8000,sequential,0,1,5,5,1,0.017618
500000,500,108,1000,8000,sequential,0,1,5,5,1,0.017696
500000,500,109,1000,8000,sequential,0,1,5,5,1,0.018021
500000,500,110,1000,8000,sequential,0,1,5,5,1,0.017695
500000,500,111,1000,8000,sequential,0,1,5,5,1,0.017698
500000,500,112,1000,8000,sequential,0,1,5,5,1,0.01764
500000,500,113,1000,8000,sequential,0,1,5,5,1,0.028083
500000,500,114,1000,8000,sequential,0,1,5,5,1,0.017588
500000,500,115,1000,8000,sequential,0,1,5,5,1,0.01775
500000,500,116,1000,8000,sequential,0,1,5,5,1,0.017627
500000,500,117,1000,8000,sequential,0,1,5,5,1,0.017518
500000,500,118,1000,8000,sequential,0,1,5,5,1,0.017559
500000,500,119,1000,8000,sequential,0,1,5,5,1,0.017666
500000,500,120,1000,8000,sequential,0,1,5,5,1,0.017707
500000,500,121,1000,8000,sequential,0,1,5,5,1,0.017627
500000,500,122,1000,8000,sequential,0,1,5,5,1,0.017691
500000,500,123,1000,8000,sequential,0,1,5,5,1,0.017768
500000,500,124,1000,8000,sequential,0,1,5,5,1,0.017737
500000,500,125,1000,8000,sequential,0,1,5,5,1,0.017719
500000,500,126,1000,8000,sequential,0,1,5,5,1,0.017461
500000,500,127,1000,8000,sequential,0,1,5,5,1,0.017695
500000,500,128,1000,8000,sequential,0,1,5,5,1,0.019044
500000,500,129,1000,8000,sequential,0,1,5,5,1,0.01772
500000,500,130,1000,8000,sequential,0,1,5,5,1,0.017655
500000,500,131,1000,8000,sequential,0,1,5,5,1,0.017676
500000,500,132,1000,8000,sequential,0,1,5,5,1,0.017551
500000,500,133,1000,8000,sequential,0,1,5,5,1,0.01768
500000,500,134,1000,8000,sequential,0,1,5,5,1,0.018039
500000,500,135,1000,8000,sequential,0,1,5,5,1,0.018602
500000,500,136,1000,8000,sequential,0,1,5,5,1,0.018005
500000,500,137,1000,8000,sequential,0,1,5,5,1,0.017765
500000,500,138,1000,8000,sequential,0,1,5,5,1,0.017672
500000,500,139,1000,8000,sequential,0,1,5,5,1,0.017613
500000,500,140,1000,8000,sequential,0,1,5,5,1,0.017757
500000,500,141,1000,8000,sequential,0,1,5,5,1,0.01765
500000,500,142,1000,8000,sequential,0,1,5,5,1,0.017625
500000,500,143,1000,8000,sequential,0,1,5,5,1,0.018648
500000,500,144,1000,8000,sequential,0,1,5,5,1,0.017525
500000,500,145,1000,8000,sequential,0,1,5,5,1,0.017831
500000,500,146,1000,8000,sequential,0,1,5,5,1,0.017731
500000,500,147,1000,8000,sequential,0,1,5,5,1,0.017639
500000,500,148,1000,8000,sequential,0,1,5,5,1,0.017599
500000,500,149,1000,8000,sequential,0,1,5,5,1,0.017581
500000,500,150,1000,8000,sequential,0,1,5,5,1,0.017535
500000,500,151,1000,8000,sequential,0,1,5,5,1,0.017736
500000,500,152,1000,8000,sequential,0,1,5,5,1,0.017554
500000,500,153,1000,8000,sequential,0,1,5,5,1,0.017543
500000,500,154,1000,8000,sequential,0,1,5,5,1,0.017532
500000,500,155,1000,8000,sequential,0,1,5,5,1,0.017624
500000,500,156,1000,8000,sequential,0,1,5,5,1,0.017565
500000,500,157,1000,8000,sequential,0,1,5,5,1,0.018425
500000,500,158,1000,8000,sequential,0,1,5,5,1,0.017788
500000,500,159,1000,8000,sequential,0,1,5,5,1,0.01755
500000,500,160,1000,8000,sequential,0,1,5,5,1,0.017566
500000,500,161,1000,8000,sequential,0,1,5,5,1,0.017639
500000,500,162,1000,8000,sequential,0,1,5,5,1,0.017571
500000,500,163,1000,8000,sequential,0,1,5,5,1,0.017758
500000,500,164,1000,8000,sequential,0,1,5,5,1,0.01755
500000,500,165,1000,8000,sequential,0,1,5,5,1,0.017947
500000,500,166,1000,8000,sequential,0,1,5,5,1,0.017738
500000,500,167,1000,8000,sequential,0,1,5,5,1,0.017629
500000,500,168,1000,8000,sequential,0,1,5,5,1,0.017611
500000,500,169,1000,8000,sequential,0,1,5,5,1,0.017917
500000,500,170,1000,8000,sequential,0,1,5,5,1,0.017525
500000,500,171,1000,8000,sequential,0,1,5,5,1,0.017654
500000,500,172,1000,8000,sequential,0,1,5,5,1,0.02853
500000,500,173,1000,8000,sequential,0,1,5,5,1,0.017616
500000,500,174,1000,8000,sequential,0,1,5,5,1,0.017423
500000,500,175,1000,8000,sequential,0,1,5,5,1,0.017563
500000,500,176,1000,8000,sequential,0,1,5,5,1,0.017533
500000,500,177,1000,8000,sequential,0,1,5,5,1,0.01899
500000,500,178,1000,8000,sequential,0,1,5,5,1,0.017605
500000,500,179,1000,8000,sequential,0,1,5,5,1,0.017641
500000,500,180,1000,8000,sequential,0,1,5,5,1,0.017583
500000,500,181,1000,8000,sequential,0,1,5,5,1,0.017716
500000,500,182,1000,8000,sequential,0,1,5,5,1,0.017604
500000,500,183,1000,8000,sequential,0,1,5,5,1,0.017606
500000,500,184,1000,8000,sequential,0,1,5,5,1,0.018042
500000,500,185,1000,8000,sequential,0,1,5,5,1,0.017726
500000,500,186,1000,8000,sequential,0,1,5,5,1,0.017554
500000,500,187,1000,8000,sequential,0,1,5,5,1,0.017533
500000,500,188,1000,8000,sequential,0,1,5,5,1,0.017366
500000,500,189,1000,8000,sequential,0,1,5,5,1,0.017358
500000,500,190,1000,8000,sequential,0,1,5,5,1,0.018675
500000,500,191,1000,8000,sequential,0,1,5,5,1,0.017628
500000,500,192,1000,8000,sequential,0,1,5,5,1,0.017523
500000,500,193,1000,8000,sequential,0,1,5,5,1,0.028541
500000,500,194,1000,8000,sequential,0,1,5,5,1,0.018071
500000,500,195,1000,8000,sequential,0,1,5,5,1,0.018149
500000,500,196,1000,8000,sequential,0,1,5,5,1,0.017521
500000,500,197,1000,8000,sequential,0,1,5,5,1,0.018789
500000,500,198,1000,8000,sequential,0,1,5,5,1,0.01765
500000,500,199,1000,8000,sequential,0,1,5,5,1,0.017671
500000,500,200,1000,8000,sequential,0,1,5,5,1,0.017655
500000,500,201,1000,8000,sequential,0,1,5,5,1,0.017573
500000,500,202,1000,8000,sequential,0,1,5,5,1,0.017636
500000,500,203,1000,8000,sequential,0,1,5,5,1,0.01774
500000,500,204,1000,8000,sequential,0,1,5,5,1,0.017599
500000,500,205,1000,8000,sequential,0,1,5,5,1,0.017574
500000,500,206,1000,8000,sequential,0,1,5,5,1,0.017578
500000,500,207,1000,8000,sequential,0,1,5,5,1,0.018153
500000,500,208,1000,8000,sequential,0,1,5,5,1,0.028753
500000,500,209,1000,8000,sequential,0,1,5,5,1,0.017825
500000,500,210,1000,8000,sequential,0,1,5,5,1,0.017637
500000,500,211,1000,8000,sequential,0,1,5,5,1,0.017696
500000,500,212,1000,8000,sequential,0,1,5,5,1,0.017465
500000,500,213,1000,8000,sequential,0,1,5,5,1,0.017526
500000,500,214,1000,8000,sequential,0,1,5,5,1,0.017595
500000,500,215,1000,8000,sequential,0,1,5,5,1,0.017724
500000,500,216,1000,8000,sequential,0,1,5,5,1,0.017715
500000,500,217,1000,8000,sequential,0,1,5,5,1,0.017585
500000,500,218,1000,8000,sequential,0,1,5,5,1,0.017567
500000,500,219,1000,8000,sequential,0,1,5,5,1,0.017693
500000,500,220,1000,8000,sequential,0,1,5,5,1,0.017787
500000,500,221,1000,8000,sequential,0,1,5,5,1,0.017612
500000,500,222,1000,8000,sequential,0,1,5,5,1,0.026902
500000,500,223,1000,8000,sequential,0,1,5,5,1,0.028516
500000,500,224,1000,8000,sequential,0,1,5,5,1,0.017993
500000,500,225,1000,8000,sequential,0,1,5,5,1,0.017688
500000,500,226,1000,8000,sequential,0,1,5,5,1,0.017655
500000,500,227,1000,8000,sequential,0,1,5,5,1,0.017718
500000,500,228,1000,8000,sequential,0,1,5,5,1,0.018057
500000,500,229,1000,8000,sequential,0,1,5,5,1,0.017584
500000,500,230,1000,8000,sequential,0,1,5,5,1,0.01774
500000,500,231,1000,8000,sequential,0,1,5,5,1,0.017723
500000,500,232,1000,8000,sequential,0,1,5,5,1,0.017595
500000,500,233,1000,8000,sequential,0,1,5,5,1,0.017581
500000,500,234,1000,8000,sequential,0,1,5,5,1,0.017678
500000,500,235,1000,8000,sequential,0,1,5,5,1,0.017547
500000,500,236,1000,8000,sequential,0,1,5,5,1,0.01747
500000,500,237,1000,8000,sequential,0,1,5,5,1,0.017584
500000,500,238,1000,8000,sequential,0,1,5,5,1,0.017527
500000,500,239,1000,8000,sequential,0,1,5,5,1,0.018118
500000,500,240,1000,8000,sequential,0,1,5,5,1,0.017607
500000,500,241,1000,8000,sequential,0,1,5,5,1,0.017526
500000,500,242,1000,8000,sequential,0,1,5,5,1,0.017693
500000,500,243,1000,8000,sequential,0,1,5,5,1,0.017587
500000,500,244,1000,8000,sequential,0,1,5,5,1,0.017589
500000,500,245,1000,8000,sequential,0,1,5,5,1,0.017616
500000,500,246,1000,8000,sequential,0,1,5,5,1,0.017662
500000,500,247,1000,8000,sequential,0,1,5,5,1,0.017598
500000,500,248,1000,8000,sequential,0,1,5,5,1,0.017615
500000,500,249,1000,8000,sequential,0,1,5,5,1,0.017712
500000,500,250,1000,8000,sequential,0,1,5,5,1,0.017615
500000,500,251,1000,8000,sequential,0,1,5,5,1,0.017567
500000,500,252,1000,8000,sequential,0,1,5,5,1,0.017605
500000,500,253,1000,8000,sequential,0,1,5,5,1,0.018673
500000,500,254,1000,8000,sequential,0,1,5,5,1,0.017508
500000,500,255,1000,8000,sequential,0,1,5,5,1,0.017571
500000,500,256,1000,8000,sequential,0,1,5,5,1,0.017575
500000,500,257,1000,8000,sequential,0,1,5,5,1,0.017554
500000,500,258,1000,8000,sequential,0,1,5,5,1,0.017739
500000,500,259,1000,8000,sequential,0,1,5,5,1,0.017608
500000,500,260,1000,8000,sequential,0,1,5,5,1,0.017529
500000,500,261,1000,8000,sequential,0,1,5,5,1,0.017673
500000,500,262,1000,8000,sequential,0,1,5,5,1,0.017658
500000,500,263,1000,8000,sequential,0,1,5,5,1,0.0176
500000,500,264,1000,8000,sequential,0,1,5,5,1,0.017594
500000,500,265,1000,8000,sequential,0,1,5,5,1,0.017537
500000,500,266,1000,8000,sequential,0,1,5,5,1,0.017637
500000,500,267,1000,8000,sequential,0,1,5,5,1,0.01762
500000,500,268,1000,8000,sequential,0,1,5,5,1,0.017742
500000,500,269,1000,8000,sequential,0,1,5,5,1,0.017592
500000,500,270,1000,8000,sequential,0,1,5,5,1,0.017685
500000,500,271,1000,8000,sequential,0,1,5,5,1,0.017579
500000,500,272,1000,8000,sequential,0,1,5,5,1,0.016798
500000,500,273,1000,8000,sequential,0,1,5,5,1,0.017597
500000,500,274,1000,8000,sequential,0,1,5,5,1,0.017568
500000,500,275,1000,8000,sequential,0,1,5,5,1,0.017589
500000,500,276,1000,8000,sequential,0,1,5,5,1,0.017613
500000,500,277,1000,8000,sequential,0,1,5,5,1,0.017526
500000,500,278,1000,8000,sequential,0,1,5,5,1,0.017545
500000,500,279,1000,8000,sequential,0,1,5,5,1,0.017721
500000,500,280,1000,8000,sequential,0,1,5,5,1,0.017661
500000,500,281,1000,8000,sequential,0,1,5,5,1,0.017695
500000,500,282,1000,8000,sequential,0,1,5,5,1,0.017663
500000,500,283,1000,8000,sequential,0,1,5,5,1,0.017797
500000,500,284,1000,8000,sequential,0,1,5,5,1,0.017601
500000,500,285,1000,8000,sequential,0,1,5,5,1,0.017541
500000,500,286,1000,8000,sequential,0,1,5,5,1,0.017627
500000,500,287,1000,8000,sequential,0,1,5,5,1,0.017729
500000,500,288,1000,8000,sequential,0,1,5,5,1,0.01768
500000,500,289,1000,8000,sequential,0,1,5,5,1,0.01768
500000,500,290,1000,8000,sequential,0,1,5,5,1,0.017592
500000,500,291,1000,8000,sequential,0,1,5,5,1,0.017638
500000,500,292,1000,8000,sequential,0,1,5,5,1,0.017584
500000,500,293,1000,8000,sequential,0,1,5,5,1,0.017811
500000,500,294,1000,8000,sequential,0,1,5,5,1,0.018735
500000,500,295,1000,8000,sequential,0,1,5,5,1,0.017572
500000,500,296,1000,8000,sequential,0,1,5,5,1,0.017542
500000,500,297,1000,8000,sequential,0,1,5,5,1,0.017658
500000,500,298,1000,8000,sequential,0,1,5,5,1,0.017591
500000,500,299,1000,8000,sequential,0,1,5,5,1,0.01753
500000,500,300,1000,8000,sequential,0,1,5,5,1,0.01758
500000,500,301,1000,8000,sequential,0,1,5,5,1,0.017693
500000,500,302,1000,8000,sequential,0,1,5,5,1,0.017462
500000,500,303,1000,8000,sequential,0,1,5,5,1,0.017752
500000,500,304,1000,8000,sequential,0,1,5,5,1,0.01765
500000,500,305,1000,8000,sequential,0,1,5,5,1,0.017588
500000,500,306,1000,8000,sequential,0,1,5,5,1,0.017654
500000,500,307,1000,8000,sequential,0,1,5,5,1,0.01756
500000,500,308,1000,8000,sequential,0,1,5,5,1,0.017512
500000,500,309,1000,8000,sequential,0,1,5,5,1,0.017784
500000,500,310,1000,8000,sequential,0,1,5,5,1,0.017589
500000,500,311,1000,8000,sequential,0,1,5,5,1,0.017612
500000,500,312,1000,8000,sequential,0,1,5,5,1,0.018841
500000,500,313,1000,8000,sequential,0,1,5,5,1,0.017588
500000,500,314,1000,8000,sequential,0,1,5,5,1,0.017701
500000,500,315,1000,8000,sequential,0,1,5,5,1,0.017616
500000,500,316,1000,8000,sequential,0,1,5,5,1,0.017611
500000,500,317,1000,8000,sequential,0,1,5,5,1,0.019137
500000,500,318,1000,8000,sequential,0,1,5,5,1,0.027963
500000,500,319,1000,8000,sequential,0,1,5,5,1,0.017758
500000,500,320,1000,8000,sequential,0,1,5,5,1,0.017521
500000,500,321,1000,8000,sequential,0,1,5,5,1,0.017698
500000,500,322,1000,8000,sequential,0,1,5,5,1,0.017633
500000,500,323,1000,8000,sequential,0,1,5,5,1,0.01879
500000,500,324,1000,8000,sequential,0,1,5,5,1,0.017658
500000,500,325,1000,8000,sequential,0,1,5,5,1,0.017563
500000,500,326,1000,8000,sequential,0,1,5,5,1,0.017712
500000,500,327,1000,8000,sequential,0,1,5,5,1,0.017789
500000,500,328,1000,8000,sequential,0,1,5,5,1,0.017734
500000,500,329,1000,8000,sequential,0,1,5,5,1,0.018203
500000,500,330,1000,8000,sequential,0,1,5,5,1,0.017834
500000,500,331,1000,8000,sequential,0,1,5,5,1,0.01761
500000,500,332,1000,8000,sequential,0,1,5,5,1,0.028565
500000,500,333,1000,8000,sequential,0,1,5,5,1,0.017536
500000,500,334,1000,8000,sequential,0,1,5,5,1,0.017607
500000,500,335,1000,8000,sequential,0,1,5,5,1,0.017686
500000,500,336,1000,8000,sequential,0,1,5,5,1,0.017685
500000,500,337,1000,8000,sequential,0,1,5,5,1,0.018692
500000,500,338,1000,8000,sequential,0,1,5,5,1,0.029172
500000,500,339,1000,8000,sequential,0,1,5,5,1,0.026186
500000,500,340,1000,8000,sequential,0,1,5,5,1,0.017656
500000,500,341,1000,8000,sequential,0,1,5,5,1,0.017625
500000,500,342,1000,8000,sequential,0,1,5,5,1,0.017642
500000,500,343,1000,8000,sequential,0,1,5,5,1,0.017586
500000,500,344,1000,8000,sequential,0,1,5,5,1,0.017621
500000,500,345,1000,8000,sequential,0,1,5,5,1,0.017553
500000,500,346,1000,8000,sequential,0,1,5,5,1,0.01755
500000,500,347,1000,8000,sequential,0,1,5,5,1,0.01767
500000,500,348,1000,8000,sequential,0,1,5,5,1,0.018071
500000,500,349,1000,8000,sequential,0,1,5,5,1,0.017599
500000,500,350,1000,8000,sequential,0,1,5,5,1,0.017718
500000,500,351,1000,8000,sequential,0,1,5,5,1,0.017641
500000,500,352,1000,8000,sequential,0,1,5,5,1,0.017623
500000,500,353,1000,8000,sequential,0,1,5,5,1,0.017587
500000,500,354,1000,8000,sequential,0,1,5,5,1,0.017509
500000,500,355,1000,8000,sequential,0,1,5,5,1,0.017533
500000,500,356,1000,8000,sequential,0,1,5,5,1,0.017591
500000,500,357,1000,8000,sequential,0,1,5,5,1,0.017672
500000,500,358,1000,8000,sequential,0,1,5,5,1,0.017794
500000,500,359,1000,8000,sequential,0,1,5,5,1,0.017651
500000,500,360,1000,8000,sequential,0,1,5,5,1,0.017618
500000,500,361,1000,8000,sequential,0,1,5,5,1,0.018268
500000,500,362,1000,8000,sequential,0,1,5,5,1,0.017638
500000,500,363,1000,8000,sequential,0,1,5,5,1,0.017692
500000,500,364,1000,8000,sequential,0,1,5,5,1,0.017663
500000,500,365,1000,8000,sequential,0,1,5,5,1,0.017595
500000,500,366,1000,8000,sequential,0,1,5,5,1,0.017663
500000,500,367,1000,8000,sequential,0,1,5,5,1,0.0177
500000,500,368,1000,8000,sequential,0,1,5,5,1,0.01757
500000,500,369,1000,8000,sequential,0,1,5,5,1,0.017652
500000,500,370,1000,8000,sequential,0,1,5,5,1,0.017567
500000,500,371,1000,8000,sequential,0,1,5,5,1,0.017563
500000,500,372,1000,8000,sequential,0,1,5,5,1,0.017593
500000,500,373,1000,8000,sequential,0,1,5,5,1,0.017827
500000,500,374,1000,8000,sequential,0,1,5,5,1,0.017536
500000,500,375,1000,8000,sequential,0,1,5,5,1,0.017698
500000,500,376,1000,8000,sequential,0,1,5,5,1,0.017554
500000,500,377,1000,8000,sequential,0,1,5,5,1,0.017522
500000,500,378,1000,8000,sequential,0,1,5,5,1,0.017602
500000,500,379,1000,8000,sequential,0,1,5,5,1,0.017718
500000,500,380,1000,8000,sequential,0,1,5,5,1,0.017516
500000,500,381,1000,8000,sequential,0,1,5,5,1,0.017639
500000,500,382,1000,8000,sequential,0,1,5,5,1,0.01776
500000,500,383,1000,8000,sequential,0,1,5,5,1,0.017629
500000,500,384,1000,8000,sequential,0,1,5,5,1,0.017606
500000,500,385,1000,8000,sequential,0,1,5,5,1,0.017661
500000,500,386,1000,8000,sequential,0,1,5,5,1,0.017612
500000,500,387,1000,8000,sequential,0,1,5,5,1,0.017753
500000,500,388,1000,8000,sequential,0,1,5,5,1,0.017632
500000,500,389,1000,8000,sequential,0,1,5,5,1,0.017502
500000,500,390,1000,8000,sequential,0,1,5,5,1,0.017632
500000,500,391,1000,8000,sequential,0,1,5,5,1,0.017588
500000,500,392,1000,8000,sequential,0,1,5,5,1,0.017529
500000,500,393,1000,8000,sequential,0,1,5,5,1,0.017643
500000,500,394,1000,8000,sequential,0,1,5,5,1,0.018746
500000,500,395,1000,8000,sequential,0,1,5,5,1,0.017639
500000,500,396,1000,8000,sequential,0,1,5,5,1,0.017675
500000,500,397,1000,8000,sequential,0,1,5,5,1,0.017538
500000,500,398,1000,8000,sequential,0,1,5,5,1,0.017584
500000,500,399,1000,8000,sequential,0,1,5,5,1,0.017747
500000,500,400,1000,8000,sequential,0,1,5,5,1,0.017748
500000,500,401,1000,8000,sequential,0,1,5,5,1,0.017587
500000,500,402,1000,8000,sequential,0,1,5,5,1,0.018549
500000,500,403,1000,8000,sequential,0,1,5,5,1,0.017583
500000,500,404,1000,8000,sequential,0,1,5,5,1,0.017584
500000,500,405,1000,8000,sequential,0,1,5,5,1,0.017686
500000,500,406,1000,8000,sequential,0,1,5,5,1,0.017637
500000,500,407,1000,8000,sequential,0,1,5,5,1,0.017624
500000,500,408,1000,8000,sequential,0,1,5,5,1,0.017676
500000,500,409,1000,8000,sequential,0,1,5,5,1,0.017753
500000,500,410,1000,8000,sequential,0,1,5,5,1,0.017653
500000,500,411,1000,8000,sequential,0,1,5,5,1,0.017624
500000,500,412,1000,8000,sequential,0,1,5,5,1,0.018736
500000,500,413,1000,8000,sequential,0,1,5,5,1,0.017606
500000,500,414,1000,8000,sequential,0,1,5,5,1,0.017719
500000,500,415,1000,8000,sequential,0,1,5,5,1,0.017542
500000,500,416,1000,8000,sequential,0,1,5,5,1,0.017663
500000,500,417,1000,8000,sequential,0,1,5,5,1,0.017623
500000,500,418,1000,8000,sequential,0,1,5,5,1,0.017616
500000,500,419,1000,8000,sequential,0,1,5,5,1,0.017767
500000,500,420,1000,8000,sequential,0,1,5,5,1,0.017707
500000,500,421,1000,8000,sequential,0,1,5,5,1,0.017697
500000,500,422,1000,8000,sequential,0,1,5,5,1,0.017625
500000,500,423,1000,8000,sequential,0,1,5,5,1,0.017704
500000,500,424,1000,8000,sequential,0,1,5,5,1,0.017563
500000,500,425,1000,8000,sequential,0,1,5,5,1,0.017481
500000,500,426,1000,8000,sequential,0,1,5,5,1,0.018278
500000,500,427,1000,8000,sequential,0,1,5,5,1,0.017681
500000,500,428,1000,8000,sequential,0,1,5,5,1,0.017502
500000,500,429,1000,8000,sequential,0,1,5,5,1,0.017923
500000,500,430,1000,8000,sequential,0,1,5,5,1,0.017525
500000,500,431,1000,8000,sequential,0,1,5,5,1,0.017609
500000,500,432,1000,8000,sequential,0,1,5,5,1,0.017711
500000,500,433,1000,8000,sequential,0,1,5,5,1,0.017571
500000,500,434,1000,8000,sequential,0,1,5,5,1,0.017809
500000,500,435,1000,8000,sequential,0,1,5,5,1,0.017477
500000,500,436,1000,8000,sequential,0,1,5,5,1,0.017556
500000,500,437,1000,8000,sequential,0,1,5,5,1,0.017756
500000,500,438,1000,8000,sequential,0,1,5,5,1,0.017649
500000,500,439,1000,8000,sequential,0,1,5,5,1,0.017558
500000,500,440,1000,8000,sequential,0,1,5,5,1,0.017602
500000,500,441,1000,8000,sequential,0,1,5,5,1,0.017556
500000,500,442,1000,8000,sequential,0,1,5,5,1,0.017576
500000,500,443,1000,8000,sequential,0,1,5,5,1,0.018752
500000,500,444,1000,8000,sequential,0,1,5,5,1,0.01768
500000,500,445,1000,8000,sequential,0,1,5,5,1,0.017706
500000,500,446,1000,8000,sequential,0,1,5,5,1,0.017497
500000,500,447,1000,8000,sequential,0,1,5,5,1,0.018136
500000,500,448,1000,8000,sequential,0,1,5,5,1,0.017532
500000,500,449,1000,8000,sequential,0,1,5,5,1,0.01748
500000,500,450,1000,8000,sequential,0,1,5,5,1,0.017468
500000,500,451,1000,8000,sequential,0,1,5,5,1,0.017474
500000,500,452,1000,8000,sequential,0,1,5,5,1,0.017599
500000,500,453,1000,8000,sequential,0,1,5,5,1,0.017517
500000,500,454,1000,8000,sequential,0,1,5,5,1,0.017564
500000,500,455,1000,8000,sequential,0,1,5,5,1,0.017569
500000,500,456,1000,8000,sequential,0,1,5,5,1,0.017465
500000,500,457,1000,8000,sequential,0,1,5,5,1,0.018691
500000,500,458,1000,8000,sequential,0,1,5,5,1,0.017542
500000,500,459,1000,8000,sequential,0,1,5,5,1,0.018798
500000,500,460,1000,8000,sequential,0,1,5,5,1,0.017643
500000,500,461,1000,8000,sequential,0,1,5,5,1,0.017511
500000,500,462,1000,8000,sequential,0,1,5,5,1,0.0175
500000,500,463,1000,8000,sequential,0,1,5,5,1,0.017474
500000,500,464,1000,8000,sequential,0,1,5,5,1,0.017459
500000,500,465,1000,8000,sequential,0,1,5,5,1,0.017605
500000,500,466,1000,8000,sequential,0,1,5,5,1,0.017728
500000,500,467,1000,8000,sequential,0,1,5,5,1,0.01751
500000,500,468,1000,8000,sequential,0,1,5,5,1,0.017508
500000,500,469,1000,8000,sequential,0,1,5,5,1,0.017556
500000,500,470,1000,8000,sequential,0,1,5,5,1,0.01763
500000,500,471,1000,8000,sequential,0,1,5,5,1,0.017609
500000,500,472,1000,8000,sequential,0,1,5,5,1,0.017651
500000,500,473,1000,8000,sequential,0,1,5,5,1,0.017526
500000,500,474,1000,8000,sequential,0,1,5,5,1,0.018786
500000,500,475,1000,8000,sequential,0,1,5,5,1,0.017771
500000,500,476,1000,8000,sequential,0,1,5,5,1,0.017543
500000,500,477,1000,8000,sequential,0,1,5,5,1,0.017592
500000,500,478,1000,8000,sequential,0,1,5,5,1,0.017492
500000,500,479,1000,8000,sequential,0,1,5,5,1,0.017689
500000,500,480,1000,8000,sequential,0,1,5,5,1,0.017528
500000,500,481,1000,8000,sequential,0,1,5,5,1,0.01755
500000,500,482,1000,8000,sequential,0,1,5,5,1,0.017979
500000,500,483,1000,8000,sequential,0,1,5,5,1,0.017481
500000,500,484,1000,8000,sequential,0,1,5,5,1,0.017521
500000,500,485,1000,8000,sequential,0,1,5,5,1,0.017509
500000,500,486,1000,8000,sequential,0,1,5,5,1,0.017516
500000,500,487,1000,8000,sequential,0,1,5,5,1,0.017416
500000,500,488,1000,8000,sequential,0,1,5,5,1,0.01754
500000,500,489,1000,8000,sequential,0,1,5,5,1,0.017515
500000,500,490,1000,8000,sequential,0,1,5,5,1,0.017501
500000,500,491,1000,8000,sequential,0,1,5,5,1,0.017569
500000,500,492,1000,8000,sequential,0,1,5,5,1,0.017663
500000,500,493,1000,8000,sequential,0,1,5,5,1,0.017638
500000,500,494,1000,8000,sequential,0,1,5,5,1,0.017771
500000,500,495,1000,8000,sequential,0,1,5,5,1,0.017506
500000,500,496,1000,8000,sequential,0,1,5,5,1,0.017683
500000,500,497,1000,8000,sequential,0,1,5,5,1,0.017236
500000,500,498,1000,8000,sequential,0,1,5,5,1,0.017262
500000,500,499,1000,8000,sequential,0,1,5,5,1,0.01724
500000,500,0,1000,8000,strided,1,8,1,1,0.5,0.007774
500000,500,1,1000,8000,strided,1,8,1,1,0.5,0.007781
500000,500,2,1000,8000,strided,1,8,1,1,0.5,0.007717
500000,500,3,1000,8000,strided,1,8,1,1,0.5,0.007615
500000,500,4,1000,8000,strided,1,8,1,1,0.5,0.007717
500000,500,5,1000,8000,strided,1,8,1,1,0.5,0.007479
500000,500,6,1000,8000,strided,1,8,1,1,0.5,0.007886
500000,500,7,1000,8000,strided,1,8,1,1,0.5,0.0085
500000,500,8,1000,8000,strided,1,8,1,1,0.5,0.007733
500000,500,9,1000,8000,strided,1,8,1,1,0.5,0.007656
500000,500,10,1000,8000,strided,1,8,1,1,0.5,0.007643
500000,500,11,1000,8000,strided,1,8,1,1,0.5,0.007614
500000,500,12,1000,8000,strided,1,8,1,1,0.5,0.007713
500000,500,13,1000,8000,strided,1,8,1,1,0.5,0.007689
500000,500,14,1000,8000,strided,1,8,1,1,0.5,0.008112
500000,500,15,1000,8000,strided,1,8,1,1,0.5,0.007909
500000,500,16,1000,8000,strided,1,8,1,1,0.5,0.007743
500000,500,17,1000,8000,strided,1,8,1,1,0.5,0.007612
500000,500,18,1000,8000,strided,1,8,1,1,0.5,0.007826
500000,500,19,1000,8000,strided,1,8,1,1,0.5,0.00779
500000,500,20,1000,8000,strided,1,8,1,1,0.5,0.007557
500000,500,21,1000,8000,strided,1,8,1,1,0.5,0.007552
500000,500,22,1000,8000,strided,1,8,1,1,0.5,0.008414
500000,500,23,1000,8000,strided,1,8,1,1,0.5,0.007759
500000,500,24,1000,8000,strided,1,8,1,1,0.5,0.007602
500000,500,25,1000,8000,strided,1,8,1,1,0.5,0.00756
500000,500,26,1000,8000,strided,1,8,1,1,0.5,0.007638
500000,500,27,1000,8000,strided,1,8,1,1,0.5,0.00764
500000,500,28,1000,8000,strided,1,8,1,1,0.5,0.007698
500000,500,29,1000,8000,strided,1,8,1,1,0.5,0.007606
500000,500,30,1000,8000,strided,1,8,1,1,0.5,0.007739
500000,500,31,1000,8000,strided,1,8,1,1,0.5,0.007744
500000,500,32,1000,8000,strided,1,8,1,1,0.5,0.008038
500000,500,33,1000,8000,strided,1,8,1,1,0.5,0.008042
500000,500,34,1000,8000,strided,1,8,1,1,0.5,0.0077
500000,500,35,1000,8000,strided,1,8,1,1,0.5,0.007617
500000,500,36,1000,8000,strided,1,8,1,1,0.5,0.007716
500000,500,37,1000,8000,strided,1,8,1,1,0.5,0.007659
500000,500,38,1000,8000,strided,1,8,1,1,0.5,0.007579
500000,500,39,1000,8000,strided,1,8,1,1,0.5,0.007693
500000,500,40,1000,8000,strided,1,8,1,1,0.5,0.007532
500000,500,41,1000,8000,strided,1,8,1,1,0.5,0.007767
500000,500,42,1000,8000,strided,1,8,1,1,0.5,0.007558
500000,500,43,1000,8000,strided,1,8,1,1,0.5,0.007733
500000,500,44,1000,8000,strided,1,8,1,1,0.5,0.00808
500000,500,45,1000,8000,strided,1,8,1,1,0.5,0.007857
500000,500,46,1000,8000,strided,1,8,1,1,0.5,0.008082
500000,500,47,1000,8000,strided,1,8,1,1,0.5,0.007807
500000,500,48,1000,8000,strided,1,8,1,1,0.5,0.007776
500000,500,49,1000,8000,strided,1,8,1,1,0.5,0.007632
500000,500,50,1000,8000,strided,1,8,1,1,0.5,0.007856
500000,500,51,1000,8000,strided,1,8,1,1,0.5,0.007912
500000,500,52,1000,8000,strided,1,8,1,1,0.5,0.007766
500000,500,53,1000,8000,strided,1,8,1,1,0.5,0.007661
500000,500,54,1000,8000,strided,1,8,1,1,0.5,0.007929
500000,500,55,1000,8000,strided,1,8,1,1,0.5,0.007618
500000,500,56,1000,8000,strided,1,8,1,1,0.5,0.007626
500000,500,57,1000,8000,strided,1,8,1,1,0.5,0.007651
500000,500,58,1000,8000,strided,1,8,1,1,0.5,0.007623
500000,500,59,1000,8000,strided,1,8,1,1,0.5,0.008425
500000,500,60,1000,8000,strided,1,8,1,1,0.5,0.007811
500000,500,61,1000,8000,strided,1,8,1,1,0.5,0.007847
500000,500,62,1000,8000,strided,1,8,1,1,0.5,0.007691
500000,500,63,1000,8000,strided,1,8,1,1,0.5,0.007759
500000,500,64,1000,8000,strided,1,8,1,1,0.5,0.007888
500000,500,65,1000,8000,strided,1,8,1,1,0.5,0.007732
500000,500,66,1000,8000,strided,1,8,1,1,0.5,0.007526
500000,500,67,1000,8000,strided,1,8,1,1,0.5,0.007558
500000,500,68,1000,8000,strided,1,8,1,1,0.5,0.007575
500000,500,69,1000,8000,strided,1,8,1,1,0.5,0.007724
500000,500,70,1000,8000,strided,1,8,1,1,0.5,0.007952
500000,500,71,1000,8000,strided,1,8,1,1,0.5,0.00783
500000,500,72,1000,8000,strided,1,8,1,1,0.5,0.007756
500000,500,73,1000,8000,strided,1,8,1,1,0.5,0.007986
500000,500,74,1000,8000,strided,1,8,1,1,0.5,0.007951
500000,500,75,1000,8000,strided,1,8,1,1,0.5,0.008182
500000,500,76,1000,8000,strided,1,8,1,1,0.5,0.007997
500000,500,77,1000,8000,strided,1,8,1,1,0.5,0.007928
500000,500,78,1000,8000,strided,1,8,1,1,0.5,0.007634
500000,500,79,1000,8000,strided,1,8,1,1,0.5,0.007711
500000,500,80,1000,8000,strided,1,8,1,1,0.5,0.00817
500000,500,81,1000,8000,strided,1,8,1,1,0.5,0.007683
500000,500,82,1000,8000,strided,1,8,1,1,0.5,0.007545
500000,500,83,1000,8000,strided,1,8,1,1,0.5,0.007654
500000,500,84,1000,8000,strided,1,8,1,1,0.5,0.007545
500000,500,85,1000,8000,strided,1,8,1,1,0.5,0.007574
500000,500,86,1000,8000,strided,1,8,1,1,0.5,0.008123
500000,500,87,1000,8000,strided,1,8,1,1,0.5,0.00788
500000,500,88,1000,8000,strided,1,8,1,1,0.5,0.007808
500000,500,89,1000,8000,strided,1,8,1,1,0.5,0.007803
500000,500,90,1000,8000,strided,1,8,1,1,0.5,0.007997
500000,500,91,1000,8000,strided,1,8,1,1,0.5,0.007766
500000,500,92,1000,8000,strided,1,8,1,1,0.5,0.007657
500000,500,93,1000,8000,strided,1,8,1,1,0.5,0.007594
500000,500,94,1000,8000,strided,1,8,1,1,0.5,0.00763
500000,500,95,1000,8000,strided,1,8,1,1,0.5,0.007848
500000,500,96,1000,8000,strided,1,8,1,1,0.5,0.007785
500000,500,97,1000,8000,strided,1,8,1,1,0.5,0.007687
500000,500,98,1000,8000,strided,1,8,1,1,0.5,0.007911
500000,500,99,1000,8000,strided,1,8,1,1,0.5,0.007963
500000,500,100,1000,8000,strided,1,8,1,1,0.5,0.007664
500000,500,101,1000,8000,strided,1,8,1,1,0.5,0.007658
500000,500,102,1000,8000,strided,1,8,1,1,0.5,0.007517
500000,500,103,1000,8000,strided,1,8,1,1,0.5,0.007756
500000,500,104,1000,8000,strided,1,8,1,1,0.5,0.007617
500000,500,105,1000,8000,strided,1,8,1,1,0.5,0.0077
500000,500,106,1000,8000,strided,1,8,1,1,0.5,0.007596
500000,500,107,1000,8000,strided,1,8,1,1,0.5,0.007744
500000,500,108,1000,8000,strided,1,8,1,1,0.5,0.00789
500000,500,109,1000,8000,strided,1,8,1,1,0.5,0.007607
500000,500,110,1000,8000,strided,1,8,1,1,0.5,0.007603
500000,500,111,1000,8000,strided,1,8,1,1,0.5,0.007592
500000,500,112,1000,8000,strided,1,8,1,1,0.5,0.007725
500000,500,113,1000,8000,strided,1,8,1,1,0.5,0.007751
500000,500,114,1000,8000,strided,1,8,1,1,0.5,0.007636
500000,500,115,1000,8000,strided,1,8,1,1,0.5,0.007618
500000,500,116,1000,8000,strided,1,8,1,1,0.5,0.007778
500000,500,117,1000,8000,strided,1,8,1,1,0.5,0.007578
500000,500,118,1000,8000,strided,1,8,1,1,0.5,0.007688
500000,500,119,1000,8000,strided,1,8,1,1,0.5,0.007721
500000,500,120,1000,8000,strided,1,8,1,1,0.5,0.007557
500000,500,121,1000,8000,strided,1,8,1,1,0.5,0.007688
500000,500,122,1000,8000,strided,1,8,1,1,0.5,0.007658
500000,500,123,1000,8000,strided,1,8,1,1,0.5,0.007748
500000,500,124,1000,8000,strided,1,8,1,1,0.5,0.007871
500000,500,125,1000,8000,strided,1,8,1,1,0.5,0.007644
500000,500,126,1000,8000,strided,1,8,1,1,0.5,0.00765
500000,500,127,1000,8000,strided,1,8,1,1,0.5,0.007875
500000,500,128,1000,8000,strided,1,8,1,1,0.5,0.008502
500000,500,129,1000,8000,strided,1,8,1,1,0.5,0.008075
500000,500,130,1000,8000,strided,1,8,1,1,0.5,0.007895
500000,500,131,1000,8000,strided,1,8,1,1,0.5,0.007632
500000,500,132,1000,8000,strided,1,8,1,1,0.5,0.007883
500000,500,133,1000,8000,strided,1,8,1,1,0.5,0.007741
500000,500,134,1000,8000,strided,1,8,1,1,0.5,0.007556
500000,500,135,1000,8000,strided,1,8,1,1,0.5,0.007578
500000,500,136,1000,8000,strided,1,8,1,1,0.5,0.007883
500000,500,137,1000,8000,strided,1,8,1,1,0.5,0.007637
500000,500,138,1000,8000,strided,1,8,1,1,0.5,0.007589
500000,500,139,1000,8000,strided,1,8,1,1,0.5,0.007674
500000,500,140,1000,8000,strided,1,8,1,1,0.5,0.007697
500000,500,141,1000,8000,strided,1,8,1,1,0.5,0.007927
500000,500,142,1000,8000,strided,1,8,1,1,0.5,0.007989
500000,500,143,1000,8000,strided,1,8,1,1,0.5,0.008831
500000,500,144,1000,8000,strided,1,8,1,1,0.5,0.008061
500000,500,145,1000,8000,strided,1,8,1,1,0.5,0.007867
500000,500,146,1000,8000,strided,1,8,1,1,0.5,0.007873
500000,500,147,1000,8000,strided,1,8,1,1,0.5,0.008239
500000,500,148,1000,8000,strided,1,8,1,1,0.5,0.007615
500000,500,149,1000,8000,strided,1,8,1,1,0.5,0.007617
500000,500,150,1000,8000,strided,1,8,1,1,0.5,0.007629
500000,500,151,1000,8000,strided,1,8,1,1,0.5,0.007565
500000,500,152,1000,8000,strided,1,8,1,1,0.5,0.007367
500000,500,153,1000,8000,strided,1,8,1,1,0.5,0.007589
500000,500,154,1000,8000,strided,1,8,1,1,0.5,0.007667
500000,500,155,1000,8000,strided,1,8,1,1,0.5,0.007694
500000,500,156,1000,8000,strided,1,8,1,1,0.5,0.007648
500000,500,157,1000,8000,strided,1,8,1,1,0.5,0.007602
500000,500,158,1000,8000,strided,1,8,1,1,0.5,0.00759
500000,500,159,1000,8000,strided,1,8,1,1,0.5,0.007859
500000,500,160,1000,8000,strided,1,8,1,1,0.5,0.007942
500000,500,161,1000,8000,strided,1,8,1,1,0.5,0.007813
500000,500,162,1000,8000,strided,1,8,1,1,0.5,0.007694
500000,500,163,1000,8000,strided,1,8,1,1,0.5,0.007916
500000,500,164,1000,8000,strided,1,8,1,1,0.5,0.007648
500000,500,165,1000,8000,strided,1,8,1,1,0.5,0.007765
500000,500,166,1000,8000,strided,1,8,1,1,0.5,0.007532
500000,500,167,1000,8000,strided,1,8,1,1,0.5,0.007772
500000,500,168,1000,8000,strided,1,8,1,1,0.5,0.007516
500000,500,169,1000,8000,strided,1,8,1,1,0.5,0.008055
500000,500,170,1000,8000,strided,1,8,1,1,0.5,0.007564
500000,500,171,1000,8000,strided,1,8,1,1,0.5,0.007815
500000,500,172,1000,8000,strided,1,8,1,1,0.5,0.007678
500000,500,173,1000,8000,strided,1,8,1,1,0.5,0.007665
500000,500,174,1000,8000,strided,1,8,1,1,0.5,0.007511
500000,500,175,1000,8000,strided,1,8,1,1,0.5,0.008184
500000,500,176,1000,8000,strided,1,8,1,1,0.5,0.007866
500000,500,177,1000,8000,strided,1,8,1,1,0.5,0.007734
500000,500,178,1000,8000,strided,1,8,1,1,0.5,0.007782
500000,500,179,1000,8000,strided,1,8,1,1,0.5,0.007681
500000,500,180,1000,8000,strided,1,8,1,1,0.5,0.007991
500000,500,181,1000,8000,strided,1,8,1,1,0.5,0.007683
500000,500,182,1000,8000,strided,1,8,1,1,0.5,0.007733
500000,500,183,1000,8000,strided,1,8,1,1,0.5,0.007741
500000,500,184,1000,8000,strided,1,8,1,1,0.5,0.007568
500000,500,185,1000,8000,strided,1,8,1,1,0.5,0.007629
500000,500,186,1000,8000,strided,1,8,1,1,0.5,0.007687
500000,500,187,1000,8000,strided,1,8,1,1,0.5,0.007817
500000,500,188,1000,8000,strided,1,8,1,1,0.5,0.007712
500000,500,189,1000,8000,strided,1,8,1,1,0.5,0.007646
500000,500,190,1000,8000,strided,1,8,1,1,0.5,0.007532
500000,500,191,1000,8000,strided,1,8,1,1,0.5,0.008785
500000,500,192,1000,8000,strided,1,8,1,1,0.5,0.008218
500000,500,193,1000,8000,strided,1,8,1,1,0.5,0.007728
500000,500,194,1000,8000,strided,1,8,1,1,0.5,0.0076
500000,500,195,1000,8000,strided,1,8,1,1,0.5,0.007784
500000,500,196,1000,8000,strided,1,8,1,1,0.5,0.007799
500000,500,197,1000,8000,strided,1,8,1,1,0.5,0.007747
500000,500,198,1000,8000,strided,1,8,1,1,0.5,0.007675
500000,500,199,1000,8000,strided,1,8,1,1,0.5,0.008086
500000,500,200,1000,8000,strided,1,8,1,1,0.5,0.0078
500000,500,201,1000,8000,strided,1,8,1,1,0.5,0.007567
500000,500,202,1000,8000,strided,1,8,1,1,0.5,0.007637
500000,500,203,1000,8000,strided,1,8,1,1,0.5,0.007728
500000,500,204,1000,8000,strided,1,8,1,1,0.5,0.007818
500000,500,205,1000,8000,strided,1,8,1,1,0.5,0.007695
500000,500,206,1000,8000,strided,1,8,1,1,0.5,0.007656
500000,500,207,1000,8000,strided,1,8,1,1,0.5,0.007673
500000,500,208,1000,8000,strided,1,8,1,1,0.5,0.00768
500000,500,209,1000,8000,strided,1,8,1,1,0.5,0.007666
500000,500,210,1000,8000,strided,1,8,1,1,0.5,0.007592
500000,500,211,1000,8000,strided,1,8,1,1,0.5,0.007521
500000,500,212,1000,8000,strided,1,8,1,1,0.5,0.007809
500000,500,213,1000,8000,strided,1,8,1,1,0.5,0.01209
500000,500,214,1000,8000,strided,1,8,1,1,0.5,0.007872
500000,500,215,1000,8000,strided,1,8,1,1,0.5,0.007787
500000,500,216,1000,8000,strided,1,8,1,1,0.5,0.007586
500000,500,217,1000,8000,strided,1,8,1,1,0.5,0.007505
500000,500,218,1000,8000,strided,1,8,1,1,0.5,0.007756
500000,500,219,1000,8000,strided,1,8,1,1,0.5,0.00757
500000,500,220,1000,8000,strided,1,8,1,1,0.5,0.007741
500000,500,221,1000,8000,strided,1,8,1,1,0.5,0.007809
500000,500,222,1000,8000,strided,1,8,1,1,0.5,0.007517
500000,500,223,1000,8000,strided,1,8,1,1,0.5,0.007505
500000,500,224,1000,8000,strided,1,8,1,1,0.5,0.007632
500000,500,225,1000,8000,strided,1,8,1,1,0.5,0.00765
500000,500,226,1000,8000,strided,1,8,1,1,0.5,0.007584
500000,500,227,1000,8000,strided,1,8,1,1,0.5,0.007757
500000,500,228,1000,8000,strided,1,8,1,1,0.5,0.007874
500000,500,229,1000,8000,strided,1,8,1,1,0.5,0.011731
500000,500,230,1000,8000,strided,1,8,1,1,0.5,0.008052
500000,500,231,1000,8000,strided,1,8,1,1,0.5,0.007803
500000,500,232,1000,8000,strided,1,8,1,1,0.5,0.007796
500000,500,233,1000,8000,strided,1,8,1,1,0.5,0.0078
500000,500,234,1000,8000,strided,1,8,1,1,0.5,0.007635
500000,500,235,1000,8000,strided,1,8,1,1,0.5,0.007646
500000,500,236,1000,8000,strided,1,8,1,1,0.5,0.007556
500000,500,237,1000,8000,strided,1,8,1,1,0.5,0.007706
500000,500,238,1000,8000,strided,1,8,1,1,0.5,0.007648
500000,500,239,1000,8000,strided,1,8,1,1,0.5,0.0075
500000,500,240,1000,8000,strided,1,8,1,1,0.5,0.007747
500000,500,241,1000,8000,strided,1,8,1,1,0.5,0.00776
500000,500,242,1000,8000,strided,1,8,1,1,0.5,0.007795
500000,500,243,1000,8000,strided,1,8,1,1,0.5,0.01141
500000,500,244,1000,8000,strided,1,8,1,1,0.5,0.008282
500000,500,245,1000,8000,strided,1,8,1,1,0.5,0.007915
500000,500,246,1000,8000,strided,1,8,1,1,0.5,0.007751
500000,500,247,1000,8000,strided,1,8,1,1,0.5,0.007993
500000,500,248,1000,8000,strided,1,8,1,1,0.5,0.007675
500000,500,249,1000,8000,strided,1,8,1,1,0.5,0.007647
500000,500,250,1000,8000,strided,1,8,1,1,0.5,0.00779
500000,500,251,1000,8000,strided,1,8,1,1,0.5,0.007499
500000,500,252,1000,8000,strided,1,8,1,1,0.5,0.008004
500000,500,253,1000,8000,strided,1,8,1,1,0.5,0.007618
500000,500,254,1000,8000,strided,1,8,1,1,0.5,0.007982
500000,500,255,1000,8000,strided,1,8,1,1,0.5,0.007515
500000,500,256,1000,8000,strided,1,8,1,1,0.5,0.0076
500000,500,257,1000,8000,strided,1,8,1,1,0.5,0.007942
500000,500,258,1000,8000,strided,1,8,1,1,0.5,0.007899
500000,500,259,1000,8000,strided,1,8,1,1,0.5,0.008091
500000,500,260,1000,8000,strided,1,8,1,1,0.5,0.007881
500000,500,261,1000,8000,strided,1,8,1,1,0.5,0.007893
500000,500,262,1000,8000,strided,1,8,1,1,0.5,0.007559
500000,500,263,1000,8000,strided,1,8,1,1,0.5,0.007732
500000,500,264,1000,8000,strided,1,8,1,1,0.5,0.007537
500000,500,265,1000,8000,strided,1,8,1,1,0.5,0.007705
500000,500,266,1000,8000,strided,1,8,1,1,0.5,0.007894
500000,500,267,1000,8000,strided,1,8,1,1,0.5,0.007812
500000,500,268,1000,8000,strided,1,8,1,1,0.5,0.00889
500000,500,269,1000,8000,strided,1,8,1,1,0.5,0.007591
500000,500,270,1000,8000,strided,1,8,1,1,0.5,0.007643
500000,500,271,1000,8000,strided,1,8,1,1,0.5,0.007775
500000,500,272,1000,8000,strided,1,8,1,1,0.5,0.007568
500000,500,273,1000,8000,strided,1,8,1,1,0.5,0.007627
500000,500,274,1000,8000,strided,1,8,1,1,0.5,0.007947
500000,500,275,1000,8000,strided,1,8,1,1,0.5,0.012072
500000,500,276,1000,8000,strided,1,8,1,1,0.5,0.008085
500000,500,277,1000,8000,strided,1,8,1,1,0.5,0.007879
500000,500,278,1000,8000,strided,1,8,1,1,0.5,0.00787
500000,500,279,1000,8000,strided,1,8,1,1,0.5,0.007671
500000,500,280,1000,8000,strided,1,8,1,1,0.5,0.007603
500000,500,281,1000,8000,strided,1,8,1,1,0.5,0.007708
500000,500,282,1000,8000,strided,1,8,1,1,0.5,0.007615
500000,500,283,1000,8000,strided,1,8,1,1,0.5,0.007655
500000,500,284,1000,8000,strided,1,8,1,1,0.5,0.007684
500000,500,285,1000,8000,strided,1,8,1,1,0.5,0.00765
500000,500,286,1000,8000,strided,1,8,1,1,0.5,0.007739
500000,500,287,1000,8000,strided,1,8,1,1,0.5,0.007838
500000,500,288,1000,8000,strided,1,8,1,1,0.5,0.007678
500000,500,289,1000,8000,strided,1,8,1,1,0.5,0.007626
500000,500,290,1000,8000,strided,1,8,1,1,0.5,0.007687
500000,500,291,1000,8000,strided,1,8,1,1,0.5,0.008228
500000,500,292,1000,8000,strided,1,8,1,1,0.5,0.0076
500000,500,293,1000,8000,strided,1,8,1,1,0.5,0.008681
500000,500,294,1000,8000,strided,1,8,1,1,0.5,0.007709
500000,500,295,1000,8000,strided,1,8,1,1,0.5,0.007789
500000,500,296,1000,8000,strided,1,8,1,1,0.5,0.007775
500000,500,297,1000,8000,strided,1,8,1,1,0.5,0.008011
500000,500,298,1000,8000,strided,1,8,1,1,0.5,0.007942
500000,500,299,1000,8000,strided,1,8,1,1,0.5,0.007751
500000,500,300,1000,8000,strided,1,8,1,1,0.5,0.007937
500000,500,301,1000,8000,strided,1,8,1,1,0.5,0.007896
500000,500,302,1000,8000,strided,1,8,1,1,0.5,0.007482
500000,500,303,1000,8000,strided,1,8,1,1,0.5,0.007744
500000,500,304,1000,8000,strided,1,8,1,1,0.5,0.007646
500000,500,305,1000,8000,strided,1,8,1,1,0.5,0.007785
500000,500,306,1000,8000,strided,1,8,1,1,0.5,0.007605
500000,500,307,1000,8000,strided,1,8,1,1,0.5,0.012346
500000,500,308,1000,8000,strided,1,8,1,1,0.5,0.008368
500000,500,309,1000,8000,strided,1,8,1,1,0.5,0.007855
500000,500,310,1000,8000,strided,1,8,1,1,0.5,0.007546
500000,500,311,1000,8000,strided,1,8,1,1,0.5,0.007865
500000,500,312,1000,8000,strided,1,8,1,1,0.5,0.007703
500000,500,313,1000,8000,strided,1,8,1,1,0.5,0.007987
500000,500,314,1000,8000,strided,1,8,1,1,0.5,0.007791
500000,500,315,1000,8000,strided,1,8,1,1,0.5,0.007833
500000,500,316,1000,8000,strided,1,8,1,1,0.5,0.007648
500000,500,317,1000,8000,strided,1,8,1,1,0.5,0.008141
500000,500,318,1000,8000,strided,1,8,1,1,0.5,0.007823
500000,500,319,1000,8000,strided,1,8,1,1,0.5,0.007575
500000,500,320,1000,8000,strided,1,8,1,1,0.5,0.007609
500000,500,321,1000,8000,strided,1,8,1,1,0.5,0.007731
500000,500,322,1000,8000,strided,1,8,1,1,0.5,0.007775
500000,500,323,1000,8000,strided,1,8,1,1,0.5,0.00784
500000,500,324,1000,8000,strided,1,8,1,1,0.5,0.007874
500000,500,325,1000,8000,strided,1,8,1,1,0.5,0.007778
500000,500,326,1000,8000,strided,1,8,1,1,0.5,0.007634
500000,500,327,1000,8000,strided,1,8,1,1,0.5,0.007676
500000,500,328,1000,8000,strided,1,8,1,1,0.5,0.00868
500000,500,329,1000,8000,strided,1,8,1,1,0.5,0.007912
500000,500,330,1000,8000,strided,1,8,1,1,0.5,0.007675
500000,500,331,1000,8000,strided,1,8,1,1,0.5,0.007694
500000,500,332,1000,8000,strided,1,8,1,1,0.5,0.007734
500000,500,333,1000,8000,strided,1,8,1,1,0.5,0.007806
500000,500,334,1000,8000,strided,1,8,1,1,0.5,0.007608
500000,500,335,1000,8000,strided,1,8,1,1,0.5,0.007542
500000,500,336,1000,8000,strided,1,8,1,1,0.5,0.007605
500000,500,337,1000,8000,strided,1,8,1,1,0.5,0.00767
500000,500,338,1000,8000,strided,1,8,1,1,0.5,0.007761
500000,500,339,1000,8000,strided,1,8,1,1,0.5,0.007529
500000,500,340,1000,8000,strided,1,8,1,1,0.5,0.007725
500000,500,341,1000,8000,strided,1,8,1,1,0.5,0.007616
500000,500,342,1000,8000,strided,1,8,1,1,0.5,0.007724
500000,500,343,1000,8000,strided,1,8,1,1,0.5,0.007701
500000,500,344,1000,8000,strided,1,8,1,1,0.5,0.007871
500000,500,345,1000,8000,strided,1,8,1,1,0.5,0.007877
500000,500,346,1000,8000,strided,1,8,1,1,0.5,0.007766
500000,500,347,1000,8000,strided,1,8,1,1,0.5,0.007774
500000,500,348,1000,8000,strided,1,8,1,1,0.5,0.007726
500000,500,349,1000,8000,strided,1,8,1,1,0.5,0.007572
500000,500,350,1000,8000,strided,1,8,1,1,0.5,0.007592
500000,500,351,1000,8000,strided,1,8,1,1,0.5,0.007609
500000,500,352,1000,8000,strided,1,8,1,1,0.5,0.007818
500000,500,353,1000,8000,strided,1,8,1,1,0.5,0.00777
500000,500,354,1000,8000,strided,1,8,1,1,0.5,0.007681
500000,500,355,1000,8000,strided,1,8,1,1,0.5,0.007613
500000,500,356,1000,8000,strided,1,8,1,1,0.5,0.007776
500000,500,357,1000,8000,strided,1,8,1,1,0.5,0.0076
500000,500,358,1000,8000,strided,1,8,1,1,0.5,0.007772
500000,500,359,1000,8000,strided,1,8,1,1,0.5,0.007513
500000,500,360,1000,8000,strided,1,8,1,1,0.5,0.00796
500000,500,361,1000,8000,strided,1,8,1,1,0.5,0.007887
500000,500,362,1000,8000,strided,1,8,1,1,0.5,0.007829
500000,500,363,1000,8000,strided,1,8,1,1,0.5,0.007717
500000,500,364,1000,8000,strided,1,8,1,1,0.5,0.0077
500000,500,365,1000,8000,strided,1,8,1,1,0.5,0.007871
500000,500,366,1000,8000,strided,1,8,1,1,0.5,0.007699
500000,500,367,1000,8000,strided,1,8,1,1,0.5,0.007599
500000,500,368,1000,8000,strided,1,8,1,1,0.5,0.007582
500000,500,369,1000,8000,strided,1,8,1,1,0.5,0.007622
500000,500,370,1000,8000,strided,1,8,1,1,0.5,0.007649
500000,500,371,1000,8000,strided,1,8,1,1,0.5,0.007754
500000,500,372,1000,8000,strided,1,8,1,1,0.5,0.007669
500000,500,373,1000,8000,strided,1,8,1,1,0.5,0.008023
500000,500,374,1000,8000,strided,1,8,1,1,0.5,0.007583
500000,500,375,1000,8000,strided,1,8,1,1,0.5,0.00793
500000,500,376,1000,8000,strided,1,8,1,1,0.5,0.007667
500000,500,377,1000,8000,strided,1,8,1,1,0.5,0.007572
500000,500,378,1000,8000,strided,1,8,1,1,0.5,0.00732
500000,500,379,1000,8000,strided,1,8,1,1,0.5,0.00717
500000,500,380,1000,8000,strided,1,8,1,1,0.5,0.007686
500000,500,381,1000,8000,strided,1,8,1,1,0.5,0.007698
500000,500,382,1000,8000,strided,1,8,1,1,0.5,0.008102
500000,500,383,1000,8000,strided,1,8,1,1,0.5,0.007775
500000,500,384,1000,8000,strided,1,8,1,1,0.5,0.007818
500000,500,385,1000,8000,strided,1,8,1,1,0.5,0.00773
500000,500,386,1000,8000,strided,1,8,1,1,0.5,0.007683
500000,500,387,1000,8000,strided,1,8,1,1,0.5,0.007504
500000,500,388,1000,8000,strided,1,8,1,1,0.5,0.007464
500000,500,389,1000,8000,strided,1,8,1,1,0.5,0.007838
500000,500,390,1000,8000,strided,1,8,1,1,0.5,0.007788
500000,500,391,1000,8000,strided,1,8,1,1,0.5,0.007673
500000,500,392,1000,8000,strided,1,8,1,1,0.5,0.007817
500000,500,393,1000,8000,strided,1,8,1,1,0.5,0.007703
500000,500,394,1000,8000,strided,1,8,1,1,0.5,0.007862
500000,500,395,1000,8000,strided,1,8,1,1,0.5,0.007724
500000,500,396,1000,8000,strided,1,8,1,1,0.5,0.007777
500000,500,397,1000,8000,strided,1,8,1,1,0.5,0.008405
500000,500,398,1000,8000,strided,1,8,1,1,0.5,0.007872
500000,500,399,1000,8000,strided,1,8,1,1,0.5,0.007784
500000,500,400,1000,8000,strided,1,8,1,1,0.5,0.007825
500000,500,401,1000,8000,strided,1,8,1,1,0.5,0.00769
500000,500,402,1000,8000,strided,1,8,1,1,0.5,0.007764
500000,500,403,1000,8000,strided,1,8,1,1,0.5,0.007904
500000,500,404,1000,8000,strided,1,8,1,1,0.5,0.007821
500000,500,405,1000,8000,strided,1,8,1,1,0.5,0.007449
500000,500,406,1000,8000,strided,1,8,1,1,0.5,0.007677
500000,500,407,1000,8000,strided,1,8,1,1,0.5,0.0079
500000,500,408,1000,8000,strided,1,8,1,1,0.5,0.007512
500000,500,409,1000,8000,strided,1,8,1,1,0.5,0.007872
500000,500,410,1000,8000,strided,1,8,1,1,0.5,0.007784
500000,500,411,1000,8000,strided,1,8,1,1,0.5,0.011882
500000,500,412,1000,8000,strided,1,8,1,1,0.5,0.008091
500000,500,413,1000,8000,strided,1,8,1,1,0.5,0.007843
500000,500,414,1000,8000,strided,1,8,1,1,0.5,0.007826
500000,500,415,1000,8000,strided,1,8,1,1,0.5,0.007616
500000,500,416,1000,8000,strided,1,8,1,1,0.5,0.007594
500000,500,417,1000,8000,strided,1,8,1,1,0.5,0.007632
500000,500,418,1000,8000,strided,1,8,1,1,0.5,0.007542
500000,500,419,1000,8000,strided,1,8,1,1,0.5,0.007525
500000,500,420,1000,8000,strided,1,8,1,1,0.5,0.007552
500000,500,421,1000,8000,strided,1,8,1,1,0.5,0.012327
500000,500,422,1000,8000,strided,1,8,1,1,0.5,0.007694
500000,500,423,1000,8000,strided,1,8,1,1,0.5,0.007586
500000,500,424,1000,8000,strided,1,8,1,1,0.5,0.007882
500000,500,425,1000,8000,strided,1,8,1,1,0.5,0.007772
500000,500,426,1000,8000,strided,1,8,1,1,0.5,0.007588
500000,500,427,1000,8000,strided,1,8,1,1,0.5,0.007762
500000,500,428,1000,8000,strided,1,8,1,1,0.5,0.008127
500000,500,429,1000,8000,strided,1,8,1,1,0.5,0.007585
500000,500,430,1000,8000,strided,1,8,1,1,0.5,0.007794
500000,500,431,1000,8000,strided,1,8,1,1,0.5,0.007688
500000,500,432,1000,8000,strided,1,8,1,1,0.5,0.007702
500000,500,433,1000,8000,strided,1,8,1,1,0.5,0.00761
500000,500,434,1000,8000,strided,1,8,1,1,0.5,0.007707
500000,500,435,1000,8000,strided,1,8,1,1,0.5,0.007794
500000,500,436,1000,8000,strided,1,8,1,1,0.5,0.007489
500000,500,437,1000,8000,strided,1,8,1,1,0.5,0.008381
500000,500,438,1000,8000,strided,1,8,1,1,0.5,0.007592
500000,500,439,1000,8000,strided,1,8,1,1,0.5,0.007639
500000,500,440,1000,8000,strided,1,8,1,1,0.5,0.007745
500000,500,441,1000,8000,strided,1,8,1,1,0.5,0.007667
500000,500,442,1000,8000,strided,1,8,1,1,0.5,0.007654
500000,500,443,1000,8000,strided,1,8,1,1,0.5,0.007966
500000,500,444,1000,8000,strided,1,8,1,1,0.5,0.007869
500000,500,445,1000,8000,strided,1,8,1,1,0.5,0.007534
500000,500,446,1000,8000,strided,1,8,1,1,0.5,0.007679
500000,500,447,1000,8000,strided,1,8,1,1,0.5,0.007662
500000,500,448,1000,8000,strided,1,8,1,1,0.5,0.007767
500000,500,449,1000,8000,strided,1,8,1,1,0.5,0.009538
500000,500,450,1000,8000,strided,1,8,1,1,0.5,0.007625
500000,500,451,1000,8000,strided,1,8,1,1,0.5,0.007776
500000,500,452,1000,8000,strided,1,8,1,1,0.5,0.007527
500000,500,453,1000,8000,strided,1,8,1,1,0.5,0.007573
500000,500,454,1000,8000,strided,1,8,1,1,0.5,0.007657
500000,500,455,1000,8000,strided,1,8,1,1,0.5,0.007417
500000,500,456,1000,8000,strided,1,8,1,1,0.5,0.007684
500000,500,457,1000,8000,strided,1,8,1,1,0.5,0.007497
500000,500,458,1000,8000,strided,1,8,1,1,0.5,0.007623
500000,500,459,1000,8000,strided,1,8,1,1,0.5,0.007567
500000,500,460,1000,8000,strided,1,8,1,1,0.5,0.007709
500000,500,461,1000,8000,strided,1,8,1,1,0.5,0.007882
500000,500,462,1000,8000,strided,1,8,1,1,0.5,0.007584
500000,500,463,1000,8000,strided,1,8,1,1,0.5,0.007783
500000,500,464,1000,8000,strided,1,8,1,1,0.5,0.007675
500000,500,465,1000,8000,strided,1,8,1,1,0.5,0.008032
500000,500,466,1000,8000,strided,1,8,1,1,0.5,0.008201
500000,500,467,1000,8000,strided,1,8,1,1,0.5,0.007838
500000,500,468,1000,8000,strided,1,8,1,1,0.5,0.007583
500000,500,469,1000,8000,strided,1,8,1,1,0.5,0.007716
500000,500,470,1000,8000,strided,1,8,1,1,0.5,0.007452
500000,500,471,1000,8000,strided,1,8,1,1,0.5,0.008311
500000,500,472,1000,8000,strided,1,8,1,1,0.5,0.00791
500000,500,473,1000,8000,strided,1,8,1,1,0.5,0.007582
500000,500,474,1000,8000,strided,1,8,1,1,0.5,0.007662
500000,500,475,1000,8000,strided,1,8,1,1,0.5,0.007739
500000,500,476,1000,8000,strided,1,8,1,1,0.5,0.009045
500000,500,477,1000,8000,strided,1,8,1,1,0.5,0.007504
500000,500,478,1000,8000,strided,1,8,1,1,0.5,0.007531
500000,500,479,1000,8000,strided,1,8,1,1,0.5,0.007579
500000,500,480,1000,8000,strided,1,8,1,1,0.5,0.008606
500000,500,481,1000,8000,strided,1,8,1,1,0.5,0.008204
500000,500,482,1000,8000,strided,1,8,1,1,0.5,0.007775
500000,500,483,1000,8000,strided,1,8,1,1,0.5,0.007705
500000,500,484,1000,8000,strided,1,8,1,1,0.5,0.007384
500000,500,485,1000,8000,strided,1,8,1,1,0.5,0.012078
500000,500,486,1000,8000,strided,1,8,1,1,0.5,0.012373
500000,500,487,1000,8000,strided,1,8,1,1,0.5,0.007881
500000,500,488,1000,8000,strided,1,8,1,1,0.5,0.007631
500000,500,489,1000,8000,strided,1,8,1,1,0.5,0.007607
500000,500,490,1000,8000,strided,1,8,1,1,0.5,0.007607
500000,500,491,1000,8000,strided,1,8,1,1,0.5,0.007687
500000,500,492,1000,8000,strided,1,8,1,1,0.5,0.007601
500000,500,493,1000,8000,strided,1,8,1,1,0.5,0.007549
500000,500,494,1000,8000,strided,1,8,1,1,0.5,0.007615
500000,500,495,1000,8000,strided,1,8,1,1,0.5,0.007712
500000,500,496,1000,8000,strided,1,8,1,1,0.5,0.013612
500000,500,497,1000,8000,strided,1,8,1,1,0.5,0.00812
500000,500,498,1000,8000,strided,1,8,1,1,0.5,0.007914
500000,500,499,1000,8000,strided,1,8,1,1,0.5,0.007606
500000,500,0,1000,8000,strided,1,8,5,5,0.5,0.021384
500000,500,1,1000,8000,strided,1,8,5,5,0.5,0.019836
500000,500,2,1000,8000,strided,1,8,5,5,0.5,0.019644
500000,500,3,1000,8000,strided,1,8,5,5,0.5,0.020316
500000,500,4,1000,8000,strided,1,8,5,5,0.5,0.020098
500000,500,5,1000,8000,strided,1,8,5,5,0.5,0.020973
500000,500,6,1000,8000,strided,1,8,5,5,0.5,0.020182
500000,500,7,1000,8000,strided,1,8,5,5,0.5,0.020149
500000,500,8,1000,8000,strided,1,8,5,5,0.5,0.020915
500000,500,9,1000,8000,strided,1,8,5,5,0.5,0.02041
500000,500,10,1000,8000,strided,1,8,5,5,0.5,0.019902
500000,500,11,1000,8000,strided,1,8,5,5,0.5,0.020209
500000,500,12,1000,8000,strided,1,8,5,5,0.5,0.020551
500000,500,13,1000,8000,strided,1,8,5,5,0.5,0.020614
500000,500,14,1000,8000,strided,1,8,5,5,0.5,0.019721
500000,500,15,1000,8000,strided,1,8,5,5,0.5,0.019953
500000,500,16,1000,8000,strided,1,8,5,5,0.5,0.020754
500000,500,17,1000,8000,strided,1,8,5,5,0.5,0.019788
500000,500,18,1000,8000,strided,1,8,5,5,0.5,0.020602
500000,500,19,1000,8000,strided,1,8,5,5,0.5,0.020877
500000,500,20,1000,8000,strided,1,8,5,5,0.5,0.020013
500000,500,21,1000,8000,strided,1,8,5,5,0.5,0.020077
500000,500,22,1000,8000,strided,1,8,5,5,0.5,0.020093
500000,500,23,1000,8000,strided,1,8,5,5,0.5,0.019932
500000,500,24,1000,8000,strided,1,8,5,5,0.5,0.020855
500000,500,25,1000,8000,strided,1,8,5,5,0.5,0.020965
500000,500,26,1000,8000,strided,1,8,5,5,0.5,0.020281
500000,500,27,1000,8000,strided,1,8,5,5,0.5,0.020358
500000,500,28,1000,8000,strided,1,8,5,5,0.5,0.0203
500000,500,29,1000,8000,strided,1,8,5,5,0.5,0.020796
500000,500,30,1000,8000,strided,1,8,5,5,0.5,0.020867
500000,500,31,1000,8000,strided,1,8,5,5,0.5,0.02065
500000,500,32,1000,8000,strided,1,8,5,5,0.5,0.020119
500000,500,33,1000,8000,strided,1,8,5,5,0.5,0.02049
500000,500,34,1000,8000,strided,1,8,5,5,0.5,0.020519
500000,500,35,1000,8000,strided,1,8,5,5,0.5,0.020551
500000,500,36,1000,8000,strided,1,8,5,5,0.5,0.020841
500000,500,37,1000,8000,strided,1,8,5,5,0.5,0.020804
500000,500,38,1000,8000,strided,1,8,5,5,0.5,0.021498
500000,500,39,1000,8000,strided,1,8,5,5,0.5,0.021015
500000,500,40,1000,8000,strided,1,8,5,5,0.5,0.020297
500000,500,41,1000,8000,strided,1,8,5,5,0.5,0.02018
500000,500,42,1000,8000,strided,1,8,5,5,0.5,0.020323
500000,500,43,1000,8000,strided,1,8,5,5,0.5,0.019584
500000,500,44,1000,8000,strided,1,8,5,5,0.5,0.020077
500000,500,45,1000,8000,strided,1,8,5,5,0.5,0.019777
500000,500,46,1000,8000,strided,1,8,5,5,0.5,0.021008
500000,500,47,1000,8000,strided,1,8,5,5,0.5,0.02126
500000,500,48,1000,8000,strided,1,8,5,5,0.5,0.02039
500000,500,49,1000,8000,strided,1,8,5,5,0.5,0.020496
500000,500,50,1000,8000,strided,1,8,5,5,0.5,0.020462
500000,500,51,1000,8000,strided,1,8,5,5,0.5,0.020114
500000,500,52,1000,8000,strided,1,8,5,5,0.5,0.020786
500000,500,53,1000,8000,strided,1,8,5,5,0.5,0.021382
500000,500,54,1000,8000,strided,1,8,5,5,0.5,0.020399
500000,500,55,1000,8000,strided,1,8,5,5,0.5,0.020635
500000,500,56,1000,8000,strided,1,8,5,5,0.5,0.019956
500000,500,57,1000,8000,strided,1,8,5,5,0.5,0.020669
500000,500,58,1000,8000,strided,1,8,5,5,0.5,0.020294
500000,500,59,1000,8000,strided,1,8,5,5,0.5,0.020087
500000,500,60,1000,8000,strided,1,8,5,5,0.5,0.019535
500000,500,61,1000,8000,strided,1,8,5,5,0.5,0.019872
500000,500,62,1000,8000,strided,1,8,5,5,0.5,0.020016
500000,500,63,1000,8000,strided,1,8,5,5,0.5,0.020943
500000,500,64,1000,8000,strided,1,8,5,5,0.5,0.020005
500000,500,65,1000,8000,strided,1,8,5,5,0.5,0.020457
500000,500,66,1000,8000,strided,1,8,5,5,0.5,0.02087
500000,500,67,1000,8000,strided,1,8,5,5,0.5,0.019559
500000,500,68,1000,8000,strided,1,8,5,5,0.5,0.020204
500000,500,69,1000,8000,strided,1,8,5,5,0.5,0.019932
500000,500,70,1000,8000,strided,1,8,5,5,0.5,0.020321
500000,500,71,1000,8000,strided,1,8,5,5,0.5,0.019613
500000,500,72,1000,8000,strided,1,8,5,5,0.5,0.019838
500000,500,73,1000,8000,strided,1,8,5,5,0.5,0.031071
500000,500,74,1000,8000,strided,1,8,5,5,0.5,0.031321
500000,500,75,1000,8000,strided,1,8,5,5,0.5,0.03123
500000,500,76,1000,8000,strided,1,8,5,5,0.5,0.021158
500000,500,77,1000,8000,strided,1,8,5,5,0.5,0.01998
500000,500,78,1000,8000,strided,1,8,5,5,0.5,0.020691
500000,500,79,1000,8000,strided,1,8,5,5,0.5,0.019985
500000,500,80,1000,8000,strided,1,8,5,5,0.5,0.019486
500000,500,81,1000,8000,strided,1,8,5,5,0.5,0.019774
500000,500,82,1000,8000,strided,1,8,5,5,0.5,0.019952
500000,500,83,1000,8000,strided,1,8,5,5,0.5,0.019926
500000,500,84,1000,8000,strided,1,8,5,5,0.5,0.020079
500000,500,85,1000,8000,strided,1,8,5,5,0.5,0.01999
500000,500,86,1000,8000,strided,1,8,5,5,0.5,0.019652
500000,500,87,1000,8000,strided,1,8,5,5,0.5,0.020024
500000,500,88,1000,8000,strided,1,8,5,5,0.5,0.020905
500000,500,89,1000,8000,strided,1,8,5,5,0.5,0.02041
500000,500,90,1000,8000,strided,1,8,5,5,0.5,0.02005
500000,500,91,1000,8000,strided,1,8,5,5,0.5,0.019908
500000,500,92,1000,8000,strided,1,8,5,5,0.5,0.020009
500000,500,93,1000,8000,strided,1,8,5,5,0.5,0.019702
500000,500,94,1000,8000,strided,1,8,5,5,0.5,0.019764
500000,500,95,1000,8000,strided,1,8,5,5,0.5,0.020657
500000,500,96,1000,8000,strided,1,8,5,5,0.5,0.019795
500000,500,97,1000,8000,strided,1,8,5,5,0.5,0.020385
500000,500,98,1000,8000,strided,1,8,5,5,0.5,0.020222
500000,500,99,1000,8000,strided,1,8,5,5,0.5,0.020139
500000,500,100,1000,8000,strided,1,8,5,5,0.5,0.020863
500000,500,101,1000,8000,strided,1,8,5,5,0.5,0.032564
500000,500,102,1000,8000,strided,1,8,5,5,0.5,0.020529
500000,500,103,1000,8000,strided,1,8,5,5,0.5,0.020247
500000,500,104,1000,8000,strided,1,8,5,5,0.5,0.020358
500000,500,105,1000,8000,strided,1,8,5,5,0.5,0.020308
500000,500,106,1000,8000,strided,1,8,5,5,0.5,0.020213
500000,500,107,1000,8000,strided,1,8,5,5,0.5,0.019774
500000,500,108,1000,8000,strided,1,8,5,5,0.5,0.019864
500000,500,109,1000,8000,strided,1,8,5,5,0.5,0.021168
500000,500,110,1000,8000,strided,1,8,5,5,0.5,0.020064
500000,500,111,1000,8000,strided,1,8,5,5,0.5,0.019605
500000,500,112,1000,8000,strided,1,8,5,5,0.5,0.019906
500000,500,113,1000,8000,strided,1,8,5,5,0.5,0.020577
500000,500,114,1000,8000,strided,1,8,5,5,0.5,0.01951
500000,500,115,1000,8000,strided,1,8,5,5,0.5,0.021961
500000,500,116,1000,8000,strided,1,8,5,5,0.5,0.022701
500000,500,117,1000,8000,strided,1,8,5,5,0.5,0.020988
500000,500,118,1000,8000,strided,1,8,5,5,0.5,0.021727
500000,500,119,1000,8000,strided,1,8,5,5,0.5,0.019724
500000,500,120,1000,8000,strided,1,8,5,5,0.5,0.019875
500000,500,121,1000,8000,strided,1,8,5,5,0.5,0.019981
500000,500,122,1000,8000,strided,1,8,5,5,0.5,0.020017
500000,500,123,1000,8000,strided,1,8,5,5,0.5,0.02071
500000,500,124,1000,8000,strided,1,8,5,5,0.5,0.019655
500000,500,125,1000,8000,strided,1,8,5,5,0.5,0.020588
500000,500,126,1000,8000,strided,1,8,5,5,0.5,0.021401
500000,500,127,1000,8000,strided,1,8,5,5,0.5,0.020853
500000,500,128,1000,8000,strided,1,8,5,5,0.5,0.020309
500000,500,129,1000,8000,strided,1,8,5,5,0.5,0.020313
500000,500,130,1000,8000,strided,1,8,5,5,0.5,0.020473
500000,500,131,1000,8000,strided,1,8,5,5,0.5,0.020807
500000,500,132,1000,8000,strided,1,8,5,5,0.5,0.020148
500000,500,133,1000,8000,strided,1,8,5,5,0.5,0.019635
500000,500,134,1000,8000,strided,1,8,5,5,0.5,0.020196
500000,500,135,1000,8000,strided,1,8,5,5,0.5,0.020422
500000,500,136,1000,8000,strided,1,8,5,5,0.5,0.019809
500000,500,137,1000,8000,strided,1,8,5,5,0.5,0.020075
500000,500,138,1000,8000,strided,1,8,5,5,0.5,0.020107
500000,500,139,1000,8000,strided,1,8,5,5,0.5,0.020907
500000,500,140,1000,8000,strided,1,8,5,5,0.5,0.019774
500000,500,141,1000,8000,strided,1,8,5,5,0.5,0.020934
500000,500,142,1000,8000,strided,1,8,5,5,0.5,0.020044
500000,500,143,1000,8000,strided,1,8,5,5,0.5,0.020405
500000,500,144,1000,8000,strided,1,8,5,5,0.5,0.020333
500000,500,145,1000,8000,strided,1,8,5,5,0.5,0.02039
500000,500,146,1000,8000,strided,1,8,5,5,0.5,0.02046
500000,500,147,1000,8000,strided,1,8,5,5,0.5,0.021144
500000,500,148,1000,8000,strided,1,8,5,5,0.5,0.020368
500000,500,149,1000,8000,strided,1,8,5,5,0.5,0.01967
500000,500,150,1000,8000,strided,1,8,5,5,0.5,0.020199
500000,500,151,1000,8000,strided,1,8,5,5,0.5,0.020353
500000,500,152,1000,8000,strided,1,8,5,5,0.5,0.020839
500000,500,153,1000,8000,strided,1,8,5,5,0.5,0.019617
500000,500,154,1000,8000,strided,1,8,5,5,0.5,0.020082
500000,500,155,1000,8000,strided,1,8,5,5,0.5,0.019636
500000,500,156,1000,8000,strided,1,8,5,5,0.5,0.0198
500000,500,157,1000,8000,strided,1,8,5,5,0.5,0.020744
500000,500,158,1000,8000,strided,1,8,5,5,0.5,0.020111
500000,500,159,1000,8000,strided,1,8,5,5,0.5,0.020843
500000,500,160,1000,8000,strided,1,8,5,5,0.5,0.021072
500000,500,161,1000,8000,strided,1,8,5,5,0.5,0.020906
500000,500,162,1000,8000,strided,1,8,5,5,0.5,0.019649
500000,500,163,1000,8000,strided,1,8,5,5,0.5,0.020759
500000,500,164,1000,8000,strided,1,8,5,5,0.5,0.021125
500000,500,165,1000,8000,strided,1,8,5,5,0.5,0.020473
500000,500,166,1000,8000,strided,1,8,5,5,0.5,0.020415
500000,500,167,1000,8000,strided,1,8,5,5,0.5,0.019794
500000,500,168,1000,8000,strided,1,8,5,5,0.5,0.020476
500000,500,169,1000,8000,strided,1,8,5,5,0.5,0.020606
500000,500,170,1000,8000,strided,1,8,5,5,0.5,0.019751
500000,500,171,1000,8000,strided,1,8,5,5,0.5,0.020256
500000,500,172,1000,8000,strided,1,8,5,5,0.5,0.019576
500000,500,173,1000,8000,strided,1,8,5,5,0.5,0.020224
500000,500,174,1000,8000,strided,1,8,5,5,0.5,0.020362
500000,500,175,1000,8000,strided,1,8,5,5,0.5,0.019906
500000,500,176,1000,8000,strided,1,8,5,5,0.5,0.020192
500000,500,177,1000,8000,strided,1,8,5,5,0.5,0.019871
500000,500,178,1000,8000,strided,1,8,5,5,0.5,0.020227
500000,500,179,1000,8000,strided,1,8,5,5,0.5,0.021554
500000,500,180,1000,8000,strided,1,8,5,5,0.5,0.021164
500000,500,181,1000,8000,strided,1,8,5,5,0.5,0.020353
500000,500,182,1000,8000,strided,1,8,5,5,0.5,0.019811
500000,500,183,1000,8000,strided,1,8,5,5,0.5,0.020462
500000,500,184,1000,8000,strided,1,8,5,5,0.5,0.020643
500000,500,185,1000,8000,strided,1,8,5,5,0.5,0.020852
500000,500,186,1000,8000,strided,1,8,5,5,0.5,0.019774
500000,500,187,1000,8000,strided,1,8,5,5,0.5,0.01978
500000,500,188,1000,8000,strided,1,8,5,5,0.5,0.020822
500000,500,189,1000,8000,strided,1,8,5,5,0.5,0.021037
500000,500,190,1000,8000,strided,1,8,5,5,0.5,0.020835
500000,500,191,1000,8000,strided,1,8,5,5,0.5,0.020159
500000,500,192,1000,8000,strided,1,8,5,5,0.5,0.020757
500000,500,193,1000,8000,strided,1,8,5,5,0.5,0.032094
500000,500,194,1000,8000,strided,1,8,5,5,0.5,0.032147
500000,500,195,1000,8000,strided,1,8,5,5,0.5,0.019788
500000,500,196,1000,8000,strided,1,8,5,5,0.5,0.020545
500000,500,197,1000,8000,strided,1,8,5,5,0.5,0.019963
500000,500,198,1000,8000,strided,1,8,5,5,0.5,0.02041
500000,500,199,1000,8000,strided,1,8,5,5,0.5,0.019692
500000,500,200,1000,8000,strided,1,8,5,5,0.5,0.020063
500000,500,201,1000,8000,strided,1,8,5,5,0.5,0.020433
500000,500,202,1000,8000,strided,1,8,5,5,0.5,0.020986
500000,500,203,1000,8000,strided,1,8,5,5,0.5,0.019595
500000,500,204,1000,8000,strided,1,8,5,5,0.5,0.020078
500000,500,205,1000,8000,strided,1,8,5,5,0.5,0.019671
500000,500,206,1000,8000,strided,1,8,5,5,0.5,0.020453
500000,500,207,1000,8000,strided,1,8,5,5,0.5,0.020499
500000,500,208,1000,8000,strided,1,8,5,5,0.5,0.03269
500000,500,209,1000,8000,strided,1,8,5,5,0.5,0.020407
500000,500,210,1000,8000,strided,1,8,5,5,0.5,0.019663
500000,500,211,1000,8000,strided,1,8,5,5,0.5,0.019609
500000,500,212,1000,8000,strided,1,8,5,5,0.5,0.020115
500000,500,213,1000,8000,strided,1,8,5,5,0.5,0.020817
500000,500,214,1000,8000,strided,1,8,5,5,0.5,0.020498
500000,500,215,1000,8000,strided,1,8,5,5,0.5,0.020202
500000,500,216,1000,8000,strided,1,8,5,5,0.5,0.020017
500000,500,217,1000,8000,strided,1,8,5,5,0.5,0.020572
500000,500,218,1000,8000,strided,1,8,5,5,0.5,0.020215
500000,500,219,1000,8000,strided,1,8,5,5,0.5,0.02011
500000,500,220,1000,8000,strided,1,8,5,5,0.5,0.020047
500000,500,221,1000,8000,strided,1,8,5,5,0.5,0.020814
500000,500,222,1000,8000,strided,1,8,5,5,0.5,0.020556
500000,500,223,1000,8000,strided,1,8,5,5,0.5,0.019722
500000,500,224,1000,8000,strided,1,8,5,5,0.5,0.019881
500000,500,225,1000,8000,strided,1,8,5,5,0.5,0.019708
500000,500,226,1000,8000,strided,1,8,5,5,0.5,0.019854
500000,500,227,1000,8000,strided,1,8,5,5,0.5,0.020786
500000,500,228,1000,8000,strided,1,8,5,5,0.5,0.021751
500000,500,229,1000,8000,strided,1,8,5,5,0.5,0.02029
500000,500,230,1000,8000,strided,1,8,5,5,0.5,0.020819
500000,500,231,1000,8000,strided,1,8,5,5,0.5,0.020932
500000,500,232,1000,8000,strided,1,8,5,5,0.5,0.02104
500000,500,233,1000,8000,strided,1,8,5,5,0.5,0.020355
500000,500,234,1000,8000,strided,1,8,5,5,0.5,0.019562
500000,500,235,1000,8000,strided,1,8,5,5,0.5,0.020039
500000,500,236,1000,8000,strided,1,8,5,5,0.5,0.020034
500000,500,237,1000,8000,strided,1,8,5,5,0.5,0.020595
500000,500,238,1000,8000,strided,1,8,5,5,0.5,0.020967
500000,500,239,1000,8000,strided,1,8,5,5,0.5,0.020215
500000,500,240,1000,8000,strided,1,8,5,5,0.5,0.020496
500000,500,241,1000,8000,strided,1,8,5,5,0.5,0.020561
500000,500,242,1000,8000,strided,1,8,5,5,0.5,0.020467
500000,500,243,1000,8000,strided,1,8,5,5,0.5,0.022523
500000,500,244,1000,8000,strided,1,8,5,5,0.5,0.019825
500000,500,245,1000,8000,strided,1,8,5,5,0.5,0.019694
500000,500,246,1000,8000,strided,1,8,5,5,0.5,0.019542
500000,500,247,1000,8000,strided,1,8,5,5,0.5,0.020357
500000,500,248,1000,8000,strided,1,8,5,5,0.5,0.020192
500000,500,249,1000,8000,strided,1,8,5,5,0.5,0.020649
500000,500,250,1000,8000,strided,1,8,5,5,0.5,0.019865
500000,500,251,1000,8000,strided,1,8,5,5,0.5,0.020482
500000,500,252,1000,8000,strided,1,8,5,5,0.5,0.020232
500000,500,253,1000,8000,strided,1,8,5,5,0.5,0.020343
500000,500,254,1000,8000,strided,1,8,5,5,0.5,0.020433
500000,500,255,1000,8000,strided,1,8,5,5,0.5,0.020148
500000,500,256,1000,8000,strided,1,8,5,5,0.5,0.021432
500000,500,257,1000,8000,strided,1,8,5,5,0.5,0.020961
500000,500,258,1000,8000,strided,1,8,5,5,0.5,0.020377
500000,500,259,1000,8000,strided,1,8,5,5,0.5,0.019697
500000,500,260,1000,8000,strided,1,8,5,5,0.5,0.019986
500000,500,261,1000,8000,strided,1,8,5,5,0.5,0.019977
500000,500,262,1000,8000,strided,1,8,5,5,0.5,0.020234
500000,500,263,1000,8000,strided,1,8,5,5,0.5,0.019545
500000,500,264,1000,8000,strided,1,8,5,5,0.5,0.020949
500000,500,265,1000,8000,strided,1,8,5,5,0.5,0.019574
500000,500,266,1000,8000,strided,1,8,5,5,0.5,0.01973
500000,500,267,1000,8000,strided,1,8,5,5,0.5,0.020311
500000,500,268,1000,8000,strided,1,8,5,5,0.5,0.019751
500000,500,269,1000,8000,strided,1,8,5,5,0.5,0.020813
500000,500,270,1000,8000,strided,1,8,5,5,0.5,0.020695
500000,500,271,1000,8000,strided,1,8,5,5,0.5,0.020196
500000,500,272,1000,8000,strided,1,8,5,5,0.5,0.020269
500000,500,273,1000,8000,strided,1,8,5,5,0.5,0.02003
500000,500,274,1000,8000,strided,1,8,5,5,0.5,0.019959
500000,500,275,1000,8000,strided,1,8,5,5,0.5,0.02073
500000,500,276,1000,8000,strided,1,8,5,5,0.5,0.019766
500000,500,277,1000,8000,strided,1,8,5,5,0.5,0.020107
500000,500,278,1000,8000,strided,1,8,5,5,0.5,0.020911
500000,500,279,1000,8000,strided,1,8,5,5,0.5,0.020829
500000,500,280,1000,8000,strided,1,8,5,5,0.5,0.020372
500000,500,281,1000,8000,strided,1,8,5,5,0.5,0.020442
500000,500,282,1000,8000,strided,1,8,5,5,0.5,0.020793
500000,500,283,1000,8000,strided,1,8,5,5,0.5,0.020222
500000,500,284,1000,8000,strided,1,8,5,5,0.5,0.019779
500000,500,285,1000,8000,strided,1,8,5,5,0.5,0.021081
500000,500,286,1000,8000,strided,1,8,5,5,0.5,0.032084
500000,500,287,1000,8000,strided,1,8,5,5,0.5,0.03013
500000,500,288,1000,8000,strided,1,8,5,5,0.5,0.019715
500000,500,289,1000,8000,strided,1,8,5,5,0.5,0.020215
500000,500,290,1000,8000,strided,1,8,5,5,0.5,0.020403
500000,500,291,1000,8000,strided,1,8,5,5,0.5,0.019676
500000,500,292,1000,8000,strided,1,8,5,5,0.5,0.020564
500000,500,293,1000,8000,strided,1,8,5,5,0.5,0.020756
500000,500,294,1000,8000,strided,1,8,5,5,0.5,0.020959
500000,500,295,1000,8000,strided,1,8,5,5,0.5,0.020358
500000,500,296,1000,8000,strided,1,8,5,5,0.5,0.020176
500000,500,297,1000,8000,strided,1,8,5,5,0.5,0.020095
500000,500,298,1000,8000,strided,1,8,5,5,0.5,0.019841
500000,500,299,1000,8000,strided,1,8,5,5,0.5,0.021124
500000,500,300,1000,8000,strided,1,8,5,5,0.5,0.02012
500000,500,301,1000,8000,strided,1,8,5,5,0.5,0.019804
500000,500,302,1000,8000,strided,1,8,5,5,0.5,0.020803
500000,500,303,1000,8000,strided,1,8,5,5,0.5,0.020356
500000,500,304,1000,8000,strided,1,8,5,5,0.5,0.019765
500000,500,305,1000,8000,strided,1,8,5,5,0.5,0.020644
500000,500,306,1000,8000,strided,1,8,5,5,0.5,0.019793
500000,500,307,1000,8000,strided,1,8,5,5,0.5,0.032024
500000,500,308,1000,8000,strided,1,8,5,5,0.5,0.020247
500000,500,309,1000,8000,strided,1,8,5,5,0.5,0.020069
500000,500,310,1000,8000,strided,1,8,5,5,0.5,0.020551
500000,500,311,1000,8000,strided,1,8,5,5,0.5,0.020221
500000,500,312,1000,8000,strided,1,8,5,5,0.5,0.020048
500000,500,313,1000,8000,strided,1,8,5,5,0.5,0.020649
500000,500,314,1000,8000,strided,1,8,5,5,0.5,0.02014
500000,500,315,1000,8000,strided,1,8,5,5,0.5,0.020766
500000,500,316,1000,8000,strided,1,8,5,5,0.5,0.020742
500000,500,317,1000,8000,strided,1,8,5,5,0.5,0.020299
500000,500,318,1000,8000,strided,1,8,5,5,0.5,0.019766
500000,500,319,1000,8000,strided,1,8,5,5,0.5,0.020856
500000,500,320,1000,8000,strided,1,8,5,5,0.5,0.022916
500000,500,321,1000,8000,strided,1,8,5,5,0.5,0.031392
500000,500,322,1000,8000,strided,1,8,5,5,0.5,0.020721
500000,500,323,1000,8000,strided,1,8,5,5,0.5,0.020147
500000,500,324,1000,8000,strided,1,8,5,5,0.5,0.02082
500000,500,325,1000,8000,strided,1,8,5,5,0.5,0.019578
500000,500,326,1000,8000,strided,1,8,5,5,0.5,0.019823
500000,500,327,1000,8000,strided,1,8,5,5,0.5,0.020456
500000,500,328,1000,8000,strided,1,8,5,5,0.5,0.020782
500000,500,329,1000,8000,strided,1,8,5,5,0.5,0.020537
500000,500,330,1000,8000,strided,1,8,5,5,0.5,0.020203
500000,500,331,1000,8000,strided,1,8,5,5,0.5,0.019653
500000,500,332,1000,8000,strided,1,8,5,5,0.5,0.020374
500000,500,333,1000,8000,strided,1,8,5,5,0.5,0.020723
500000,500,334,1000,8000,strided,1,8,5,5,0.5,0.020253
500000,500,335,1000,8000,strided,1,8,5,5,0.5,0.022375
500000,500,336,1000,8000,strided,1,8,5,5,0.5,0.026139
500000,500,337,1000,8000,strided,1,8,5,5,0.5,0.020115
500000,500,338,1000,8000,strided,1,8,5,5,0.5,0.019852
500000,500,339,1000,8000,strided,1,8,5,5,0.5,0.019574
500000,500,340,1000,8000,strided,1,8,5,5,0.5,0.019944
500000,500,341,1000,8000,strided,1,8,5,5,0.5,0.019421
500000,500,342,1000,8000,strided,1,8,5,5,0.5,0.020209
500000,500,343,1000,8000,strided,1,8,5,5,0.5,0.020206
500000,500,344,1000,8000,strided,1,8,5,5,0.5,0.019706
500000,500,345,1000,8000,strided,1,8,5,5,0.5,0.019549
500000,500,346,1000,8000,strided,1,8,5,5,0.5,0.020671
500000,500,347,1000,8000,strided,1,8,5,5,0.5,0.019766
500000,500,348,1000,8000,strided,1,8,5,5,0.5,0.019932
500000,500,349,1000,8000,strided,1,8,5,5,0.5,0.020297
500000,500,350,1000,8000,strided,1,8,5,5,0.5,0.032289
500000,500,351,1000,8000,strided,1,8,5,5,0.5,0.019943
500000,500,352,1000,8000,strided,1,8,5,5,0.5,0.02039
500000,500,353,1000,8000,strided,1,8,5,5,0.5,0.019706
500000,500,354,1000,8000,strided,1,8,5,5,0.5,0.020781
500000,500,355,1000,8000,strided,1,8,5,5,0.5,0.019697
500000,500,356,1000,8000,strided,1,8,5,5,0.5,0.020833
500000,500,357,1000,8000,strided,1,8,5,5,0.5,0.020603
500000,500,358,1000,8000,strided,1,8,5,5,0.5,0.02008
500000,500,359,1000,8000,strided,1,8,5,5,0.5,0.021161
500000,500,360,1000,8000,strided,1,8,5,5,0.5,0.020255
500000,500,361,1000,8000,strided,1,8,5,5,0.5,0.020023
500000,500,362,1000,8000,strided,1,8,5,5,0.5,0.020806
500000,500,363,1000,8000,strided,1,8,5,5,0.5,0.020651
500000,500,364,1000,8000,strided,1,8,5,5,0.5,0.032449
500000,500,365,1000,8000,strided,1,8,5,5,0.5,0.020928
500000,500,366,1000,8000,strided,1,8,5,5,0.5,0.020679
500000,500,367,1000,8000,strided,1,8,5,5,0.5,0.020086
500000,500,368,1000,8000,strided,1,8,5,5,0.5,0.019952
500000,500,369,1000,8000,strided,1,8,5,5,0.5,0.019821
500000,500,370,1000,8000,strided,1,8,5,5,0.5,0.020157
500000,500,371,1000,8000,strided,1,8,5,5,0.5,0.020757
500000,500,372,1000,8000,strided,1,8,5,5,0.5,0.019771
500000,500,373,1000,8000,strided,1,8,5,5,0.5,0.01953
500000,500,374,1000,8000,strided,1,8,5,5,0.5,0.020495
500000,500,375,1000,8000,strided,1,8,5,5,0.5,0.020131
500000,500,376,1000,8000,strided,1,8,5,5,0.5,0.019926
500000,500,377,1000,8000,strided,1,8,5,5,0.5,0.01957
500000,500,378,1000,8000,strided,1,8,5,5,0.5,0.02005
500000,500,379,1000,8000,strided,1,8,5,5,0.5,0.021423
500000,500,380,1000,8000,strided,1,8,5,5,0.5,0.019944
500000,500,381,1000,8000,strided,1,8,5,5,0.5,0.020218
500000,500,382,1000,8000,strided,1,8,5,5,0.5,0.020762
500000,500,383,1000,8000,strided,1,8,5,5,0.5,0.020229
500000,500,384,1000,8000,strided,1,8,5,5,0.5,0.019702
500000,500,385,1000,8000,strided,1,8,5,5,0.5,0.019797
500000,500,386,1000,8000,strided,1,8,5,5,0.5,0.020751
500000,500,387,1000,8000,strided,1,8,5,5,0.5,0.021068
500000,500,388,1000,8000,strided,1,8,5,5,0.5,0.020716
500000,500,389,1000,8000,strided,1,8,5,5,0.5,0.02063
500000,500,390,1000,8000,strided,1,8,5,5,0.5,0.01988
500000,500,391,1000,8000,strided,1,8,5,5,0.5,0.020122
500000,500,392,1000,8000,strided,1,8,5,5,0.5,0.019701
500000,500,393,1000,8000,strided,1,8,5,5,0.5,0.02019
500000,500,394,1000,8000,strided,1,8,5,5,0.5,0.019647
500000,500,395,1000,8000,strided,1,8,5,5,0.5,0.019653
500000,500,396,1000,8000,strided,1,8,5,5,0.5,0.019982
500000,500,397,1000,8000,strided,1,8,5,5,0.5,0.020137
500000,500,398,1000,8000,strided,1,8,5,5,0.5,0.019947
500000,500,399,1000,8000,strided,1,8,5,5,0.5,0.020909
500000,500,400,1000,8000,strided,1,8,5,5,0.5,0.020516
500000,500,401,1000,8000,strided,1,8,5,5,0.5,0.020249
500000,500,402,1000,8000,strided,1,8,5,5,0.5,0.020655
500000,500,403,1000,8000,strided,1,8,5,5,0.5,0.021023
500000,500,404,1000,8000,strided,1,8,5,5,0.5,0.020475
500000,500,405,1000,8000,strided,1,8,5,5,0.5,0.019775
500000,500,406,1000,8000,strided,1,8,5,5,0.5,0.019781
500000,500,407,1000,8000,strided,1,8,5,5,0.5,0.019891
500000,500,408,1000,8000,strided,1,8,5,5,0.5,0.019699
500000,500,409,1000,8000,strided,1,8,5,5,0.5,0.01973
500000,500,410,1000,8000,strided,1,8,5,5,0.5,0.019521
500000,500,411,1000,8000,strided,1,8,5,5,0.5,0.020232
500000,500,412,1000,8000,strided,1,8,5,5,0.5,0.020664
500000,500,413,1000,8000,strided,1,8,5,5,0.5,0.02074
500000,500,414,1000,8000,strided,1,8,5,5,0.5,0.020186
500000,500,415,1000,8000,strided,1,8,5,5,0.5,0.020146
500000,500,416,1000,8000,strided,1,8,5,5,0.5,0.020227
500000,500,417,1000,8000,strided,1,8,5,5,0.5,0.020713
500000,500,418,1000,8000,strided,1,8,5,5,0.5,0.02047
500000,500,419,1000,8000,strided,1,8,5,5,0.5,0.020542
500000,500,420,1000,8000,strided,1,8,5,5,0.5,0.019863
500000,500,421,1000,8000,strided,1,8,5,5,0.5,0.019723
500000,500,422,1000,8000,strided,1,8,5,5,0.5,0.020173
500000,500,423,1000,8000,strided,1,8,5,5,0.5,0.020983
500000,500,424,1000,8000,strided,1,8,5,5,0.5,0.020175
500000,500,425,1000,8000,strided,1,8,5,5,0.5,0.020139
500000,500,426,1000,8000,strided,1,8,5,5,0.5,0.020907
500000,500,427,1000,8000,strided,1,8,5,5,0.5,0.020011
500000,500,428,1000,8000,strided,1,8,5,5,0.5,0.021018
500000,500,429,1000,8000,strided,1,8,5,5,0.5,0.019879
500000,500,430,1000,8000,strided,1,8,5,5,0.5,0.020418
500000,500,431,1000,8000,strided,1,8,5,5,0.5,0.020599
500000,500,432,1000,8000,strided,1,8,5,5,0.5,0.020192
500000,500,433,1000,8000,strided,1,8,5,5,0.5,0.020913
500000,500,434,1000,8000,strided,1,8,5,5,0.5,0.031067
500000,500,435,1000,8000,strided,1,8,5,5,0.5,0.031124
500000,500,436,1000,8000,strided,1,8,5,5,0.5,0.030643
500000,500,437,1000,8000,strided,1,8,5,5,0.5,0.020166
500000,500,438,1000,8000,strided,1,8,5,5,0.5,0.019635
500000,500,439,1000,8000,strided,1,8,5,5,0.5,0.020624
500000,500,440,1000,8000,strided,1,8,5,5,0.5,0.019756
500000,500,441,1000,8000,strided,1,8,5,5,0.5,0.020569
500000,500,442,1000,8000,strided,1,8,5,5,0.5,0.020322
500000,500,443,1000,8000,strided,1,8,5,5,0.5,0.01996
500000,500,444,1000,8000,strided,1,8,5,5,0.5,0.020491
500000,500,445,1000,8000,strided,1,8,5,5,0.5,0.020683
500000,500,446,1000,8000,strided,1,8,5,5,0.5,0.021274
500000,500,447,1000,8000,strided,1,8,5,5,0.5,0.020132
500000,500,448,1000,8000,strided,1,8,5,5,0.5,0.020286
500000,500,449,1000,8000,strided,1,8,5,5,0.5,0.020014
500000,500,450,1000,8000,strided,1,8,5,5,0.5,0.019954
500000,500,451,1000,8000,strided,1,8,5,5,0.5,0.020326
500000,500,452,1000,8000,strided,1,8,5,5,0.5,0.020309
500000,500,453,1000,8000,strided,1,8,5,5,0.5,0.019786
500000,500,454,1000,8000,strided,1,8,5,5,0.5,0.02048
500000,500,455,1000,8000,strided,1,8,5,5,0.5,0.019614
500000,500,456,1000,8000,strided,1,8,5,5,0.5,0.020179
500000,500,457,1000,8000,strided,1,8,5,5,0.5,0.0202
500000,500,458,1000,8000,strided,1,8,5,5,0.5,0.020134
500000,500,459,1000,8000,strided,1,8,5,5,0.5,0.019905
500000,500,460,1000,8000,strided,1,8,5,5,0.5,0.020473
500000,500,461,1000,8000,strided,1,8,5,5,0.5,0.019658
500000,500,462,1000,8000,strided,1,8,5,5,0.5,0.020301
500000,500,463,1000,8000,strided,1,8,5,5,0.5,0.020344
500000,500,464,1000,8000,strided,1,8,5,5,0.5,0.020317
500000,500,465,1000,8000,strided,1,8,5,5,0.5,0.019734
500000,500,466,1000,8000,strided,1,8,5,5,0.5,0.020856
500000,500,467,1000,8000,strided,1,8,5,5,0.5,0.02027
500000,500,468,1000,8000,strided,1,8,5,5,0.5,0.019621
500000,500,469,1000,8000,strided,1,8,5,5,0.5,0.020538
500000,500,470,1000,8000,strided,1,8,5,5,0.5,0.020638
500000,500,471,1000,8000,strided,1,8,5,5,0.5,0.020512
500000,500,472,1000,8000,strided,1,8,5,5,0.5,0.020217
500000,500,473,1000,8000,strided,1,8,5,5,0.5,0.019834
500000,500,474,1000,8000,strided,1,8,5,5,0.5,0.020065
500000,500,475,1000,8000,strided,1,8,5,5,0.5,0.0197
500000,500,476,1000,8000,strided,1,8,5,5,0.5,0.021176
500000,500,477,1000,8000,strided,1,8,5,5,0.5,0.02019
500000,500,478,1000,8000,strided,1,8,5,5,0.5,0.02071
500000,500,479,1000,8000,strided,1,8,5,5,0.5,0.019872
500000,500,480,1000,8000,strided,1,8,5,5,0.5,0.020527
500000,500,481,1000,8000,strided,1,8,5,5,0.5,0.02079
500000,500,482,1000,8000,strided,1,8,5,5,0.5,0.020946
500000,500,483,1000,8000,strided,1,8,5,5,0.5,0.019674
500000,500,484,1000,8000,strided,1,8,5,5,0.5,0.019619
500000,500,485,1000,8000,strided,1,8,5,5,0.5,0.020475
500000,500,486,1000,8000,strided,1,8,5,5,0.5,0.019482
500000,500,487,1000,8000,strided,1,8,5,5,0.5,0.02089
500000,500,488,1000,8000,strided,1,8,5,5,0.5,0.020368
500000,500,489,1000,8000,strided,1,8,5,5,0.5,0.019817
500000,500,490,1000,8000,strided,1,8,5,5,0.5,0.020767
500000,500,491,1000,8000,strided,1,8,5,5,0.5,0.021377
500000,500,492,1000,8000,strided,1,8,5,5,0.5,0.020679
500000,500,493,1000,8000,strided,1,8,5,5,0.5,0.020487
500000,500,494,1000,8000,strided,1,8,5,5,0.5,0.020758
500000,500,495,1000,8000,strided,1,8,5,5,0.5,0.019864
500000,500,496,1000,8000,strided,1,8,5,5,0.5,0.019681
500000,500,497,1000,8000,strided,1,8,5,5,0.5,0.020361
500000,500,498,1000,8000,strided,1,8,5,5,0.5,0.019696
500000,500,499,1000,8000,strided,1,8,5,5,0.5,0.020518
500000,500,0,1000,8000,random,2,1,1,1,0.1,0.046898
500000,500,1,1000,8000,random,2,1,1,1,0.1,0.04662
500000,500,2,1000,8000,random,2,1,1,1,0.1,0.04664
500000,500,3,1000,8000,random,2,1,1,1,0.1,0.047616
500000,500,4,1000,8000,random,2,1,1,1,0.1,0.047212
500000,500,5,1000,8000,random,2,1,1,1,0.1,0.046859
500000,500,6,1000,8000,random,2,1,1,1,0.1,0.046808
500000,500,7,1000,8000,random,2,1,1,1,0.1,0.046658
500000,500,8,1000,8000,random,2,1,1,1,0.1,0.047199
500000,500,9,1000,8000,random,2,1,1,1,0.1,0.046964
500000,500,10,1000,8000,random,2,1,1,1,0.1,0.047161
500000,500,11,1000,8000,random,2,1,1,1,0.1,0.046689
500000,500,12,1000,8000,random,2,1,1,1,0.1,0.04698
500000,500,13,1000,8000,random,2,1,1,1,0.1,0.046854
500000,500,14,1000,8000,random,2,1,1,1,0.1,0.046937
500000,500,15,1000,8000,random,2,1,1,1,0.1,0.04718
500000,500,16,1000,8000,random,2,1,1,1,0.1,0.047151
500000,500,17,1000,8000,random,2,1,1,1,0.1,0.047943
500000,500,18,1000,8000,random,2,1,1,1,0.1,0.04648
500000,500,19,1000,8000,random,2,1,1,1,0.1,0.04609
500000,500,20,1000,8000,random,2,1,1,1,0.1,0.046496
500000,500,21,1000,8000,random,2,1,1,1,0.1,0.046643
500000,500,22,1000,8000,random,2,1,1,1,0.1,0.046949
500000,500,23,1000,8000,random,2,1,1,1,0.1,0.046426
500000,500,24,1000,8000,random,2,1,1,1,0.1,0.046659
500000,500,25,1000,8000,random,2,1,1,1,0.1,0.046615
500000,500,26,1000,8000,random,2,1,1,1,0.1,0.046944
500000,500,27,1000,8000,random,2,1,1,1,0.1,0.047554
500000,500,28,1000,8000,random,2,1,1,1,0.1,0.047186
500000,500,29,1000,8000,random,2,1,1,1,0.1,0.04705
500000,500,30,1000,8000,random,2,1,1,1,0.1,0.047006
500000,500,31,1000,8000,random,2,1,1,1,0.1,0.046419
500000,500,32,1000,8000,random,2,1,1,1,0.1,0.047388
500000,500,33,1000,8000,random,2,1,1,1,0.1,0.04693
500000,500,34,1000,8000,random,2,1,1,1,0.1,0.046295
500000,500,35,1000,8000,random,2,1,1,1,0.1,0.046799
500000,500,36,1000,8000,random,2,1,1,1,0.1,0.046621
500000,500,37,1000,8000,random,2,1,1,1,0.1,0.047378
500000,500,38,1000,8000,random,2,1,1,1,0.1,0.046213
500000,500,39,1000,8000,random,2,1,1,1,0.1,0.047383
500000,500,40,1000,8000,random,2,1,1,1,0.1,0.046688
500000,500,41,1000,8000,random,2,1,1,1,0.1,0.047012
500000,500,42,1000,8000,random,2,1,1,1,0.1,0.047353
500000,500,43,1000,8000,random,2,1,1,1,0.1,0.046831
500000,500,44,1000,8000,random,2,1,1,1,0.1,0.046797
500000,500,45,1000,8000,random,2,1,1,1,0.1,0.046988
500000,500,46,1000,8000,random,2,1,1,1,0.1,0.046567
500000,500,47,1000,8000,random,2,1,1,1,0.1,0.047572
500000,500,48,1000,8000,random,2,1,1,1,0.1,0.047289
500000,500,49,1000,8000,random,2,1,1,1,0.1,0.04676
500000,500,50,1000,8000,random,2,1,1,1,0.1,0.04628
500000,500,51,1000,8000,random,2,1,1,1,0.1,0.046559
500000,500,52,1000,8000,random,2,1,1,1,0.1,0.046311
500000,500,53,1000,8000,random,2,1,1,1,0.1,0.046442
500000,500,54,1000,8000,random,2,1,1,1,0.1,0.046221
500000,500,55,1000,8000,random,2,1,1,1,0.1,0.047492
500000,500,56,1000,8000,random,2,1,1,1,0.1,0.047038
500000,500,57,1000,8000,random,2,1,1,1,0.1,0.04767
500000,500,58,1000,8000,random,2,1,1,1,0.1,0.046935
500000,500,59,1000,8000,random,2,1,1,1,0.1,0.071447
500000,500,60,1000,8000,random,2,1,1,1,0.1,0.046848
500000,500,61,1000,8000,random,2,1,1,1,0.1,0.046412
500000,500,62,1000,8000,random,2,1,1,1,0.1,0.04647
500000,500,63,1000,8000,random,2,1,1,1,0.1,0.046298
500000,500,64,1000,8000,random,2,1,1,1,0.1,0.046799
500000,500,65,1000,8000,random,2,1,1,1,0.1,0.047316
500000,500,66,1000,8000,random,2,1,1,1,0.1,0.046776
500000,500,67,1000,8000,random,2,1,1,1,0.1,0.047264
500000,500,68,1000,8000,random,2,1,1,1,0.1,0.04719
500000,500,69,1000,8000,random,2,1,1,1,0.1,0.046801
500000,500,70,1000,8000,random,2,1,1,1,0.1,0.046998
500000,500,71,1000,8000,random,2,1,1,1,0.1,0.058086
500000,500,72,1000,8000,random,2,1,1,1,0.1,0.047284
500000,500,73,1000,8000,random,2,1,1,1,0.1,0.046887
500000,500,74,1000,8000,random,2,1,1,1,0.1,0.046621
500000,500,75,1000,8000,random,2,1,1,1,0.1,0.046391
500000,500,76,1000,8000,random,2,1,1,1,0.1,0.046377
500000,500,77,1000,8000,random,2,1,1,1,0.1,0.046894
500000,500,78,1000,8000,random,2,1,1,1,0.1,0.046526
500000,500,79,1000,8000,random,2,1,1,1,0.1,0.046688
500000,500,80,1000,8000,random,2,1,1,1,0.1,0.046946
500000,500,81,1000,8000,random,2,1,1,1,0.1,0.047316
500000,500,82,1000,8000,random,2,1,1,1,0.1,0.046402
500000,500,83,1000,8000,random,2,1,1,1,0.1,0.067781
500000,500,84,1000,8000,random,2,1,1,1,0.1,0.046643
500000,500,85,1000,8000,random,2,1,1,1,0.1,0.046979
500000,500,86,1000,8000,random,2,1,1,1,0.1,0.046489
500000,500,87,1000,8000,random,2,1,1,1,0.1,0.046901
500000,500,88,1000,8000,random,2,1,1,1,0.1,0.046388
500000,500,89,1000,8000,random,2,1,1,1,0.1,0.047042
500000,500,90,1000,8000,random,2,1,1,1,0.1,0.046247
500000,500,91,1000,8000,random,2,1,1,1,0.1,0.047141
500000,500,92,1000,8000,random,2,1,1,1,0.1,0.046379
500000,500,93,1000,8000,random,2,1,1,1,0.1,0.046385
500000,500,94,1000,8000,random,2,1,1,1,0.1,0.046952
500000,500,95,1000,8000,random,2,1,1,1,0.1,0.046258
500000,500,96,1000,8000,random,2,1,1,1,0.1,0.047743
500000,500,97,1000,8000,random,2,1,1,1,0.1,0.046777
500000,500,98,1000,8000,random,2,1,1,1,0.1,0.046433
500000,500,99,1000,8000,random,2,1,1,1,0.1,0.046893
500000,500,100,1000,8000,random,2,1,1,1,0.1,0.04669
500000,500,101,1000,8000,random,2,1,1,1,0.1,0.046501
500000,500,102,1000,8000,random,2,1,1,1,0.1,0.046657
500000,500,103,1000,8000,random,2,1,1,1,0.1,0.046823
500000,500,104,1000,8000,random,2,1,1,1,0.1,0.046564
500000,500,105,1000,8000,random,2,1,1,1,0.1,0.046069
500000,500,106,1000,8000,random,2,1,1,1,0.1,0.057458
500000,500,107,1000,8000,random,2,1,1,1,0.1,0.046399
500000,500,108,1000,8000,random,2,1,1,1,0.1,0.04733
500000,500,109,1000,8000,random,2,1,1,1,0.1,0.047079
500000,500,110,1000,8000,random,2,1,1,1,0.1,0.046808
500000,500,111,1000,8000,random,2,1,1,1,0.1,0.046778
500000,500,112,1000,8000,random,2,1,1,1,0.1,0.046402
500000,500,113,1000,8000,random,2,1,1,1,0.1,0.052276
500000,500,114,1000,8000,random,2,1,1,1,0.1,0.05966
500000,500,115,1000,8000,random,2,1,1,1,0.1,0.046831
500000,500,116,1000,8000,random,2,1,1,1,0.1,0.047081
500000,500,117,1000,8000,random,2,1,1,1,0.1,0.048545
500000,500,118,1000,8000,random,2,1,1,1,0.1,0.046459
500000,500,119,1000,8000,random,2,1,1,1,0.1,0.047129
500000,500,120,1000,8000,random,2,1,1,1,0.1,0.047193
500000,500,121,1000,8000,random,2,1,1,1,0.1,0.046658
500000,500,122,1000,8000,random,2,1,1,1,0.1,0.047888
500000,500,123,1000,8000,random,2,1,1,1,0.1,0.046767
500000,500,124,1000,8000,random,2,1,1,1,0.1,0.047278
500000,500,125,1000,8000,random,2,1,1,1,0.1,0.048643
500000,500,126,1000,8000,random,2,1,1,1,0.1,0.046955
500000,500,127,1000,8000,random,2,1,1,1,0.1,0.046966
500000,500,128,1000,8000,random,2,1,1,1,0.1,0.046763
500000,500,129,1000,8000,random,2,1,1,1,0.1,0.047571
500000,500,130,1000,8000,random,2,1,1,1,0.1,0.04655
500000,500,131,1000,8000,random,2,1,1,1,0.1,0.046799
500000,500,132,1000,8000,random,2,1,1,1,0.1,0.056553
500000,500,133,1000,8000,random,2,1,1,1,0.1,0.046632
500000,500,134,1000,8000,random,2,1,1,1,0.1,0.046846
500000,500,135,1000,8000,random,2,1,1,1,0.1,0.046904
500000,500,136,1000,8000,random,2,1,1,1,0.1,0.046488
500000,500,137,1000,8000,random,2,1,1,1,0.1,0.047276
500000,500,138,1000,8000,random,2,1,1,1,0.1,0.047997
500000,500,139,1000,8000,random,2,1,1,1,0.1,0.047328
500000,500,140,1000,8000,random,2,1,1,1,0.1,0.051622
500000,500,141,1000,8000,random,2,1,1,1,0.1,0.046295
500000,500,142,1000,8000,random,2,1,1,1,0.1,0.046106
500000,500,143,1000,8000,random,2,1,1,1,0.1,0.04642
500000,500,144,1000,8000,random,2,1,1,1,0.1,0.047325
500000,500,145,1000,8000,random,2,1,1,1,0.1,0.046556
500000,500,146,1000,8000,random,2,1,1,1,0.1,0.047146
500000,500,147,1000,8000,random,2,1,1,1,0.1,0.047108
500000,500,148,1000,8000,random,2,1,1,1,0.1,0.046207
500000,500,149,1000,8000,random,2,1,1,1,0.1,0.047197
500000,500,150,1000,8000,random,2,1,1,1,0.1,0.048332
500000,500,151,1000,8000,random,2,1,1,1,0.1,0.046784
500000,500,152,1000,8000,random,2,1,1,1,0.1,0.046782
500000,500,153,1000,8000,random,2,1,1,1,0.1,0.046903
500000,500,154,1000,8000,random,2,1,1,1,0.1,0.047109
500000,500,155,1000,8000,random,2,1,1,1,0.1,0.048525
500000,500,156,1000,8000,random,2,1,1,1,0.1,0.046539
500000,500,157,1000,8000,random,2,1,1,1,0.1,0.053616
500000,500,158,1000,8000,random,2,1,1,1,0.1,0.054493
500000,500,159,1000,8000,random,2,1,1,1,0.1,0.046297
500000,500,160,1000,8000,random,2,1,1,1,0.1,0.046485
500000,500,161,1000,8000,random,2,1,1,1,0.1,0.047179
500000,500,162,1000,8000,random,2,1,1,1,0.1,0.047391
500000,500,163,1000,8000,random,2,1,1,1,0.1,0.047016
500000,500,164,1000,8000,random,2,1,1,1,0.1,0.047183
500000,500,165,1000,8000,random,2,1,1,1,0.1,0.046729
500000,500,166,1000,8000,random,2,1,1,1,0.1,0.04719
500000,500,167,1000,8000,random,2,1,1,1,0.1,0.046853
500000,500,168,1000,8000,random,2,1,1,1,0.1,0.047081
500000,500,169,1000,8000,random,2,1,1,1,0.1,0.047145
500000,500,170,1000,8000,random,2,1,1,1,0.1,0.04824
500000,500,171,1000,8000,random,2,1,1,1,0.1,0.04642
500000,500,172,1000,8000,random,2,1,1,1,0.1,0.046717
500000,500,173,1000,8000,random,2,1,1,1,0.1,0.046907
500000,500,174,1000,8000,random,2,1,1,1,0.1,0.047359
500000,500,175,1000,8000,random,2,1,1,1,0.1,0.04754
500000,500,176,1000,8000,random,2,1,1,1,0.1,0.049568
500000,500,177,1000,8000,random,2,1,1,1,0.1,0.046637
500000,500,178,1000,8000,random,2,1,1,1,0.1,0.047153
500000,500,179,1000,8000,random,2,1,1,1,0.1,0.046663
500000,500,180,1000,8000,random,2,1,1,1,0.1,0.049617
500000,500,181,1000,8000,random,2,1,1,1,0.1,0.046726
500000,500,182,1000,8000,random,2,1,1,1,0.1,0.046134
500000,500,183,1000,8000,random,2,1,1,1,0.1,0.058942
500000,500,184,1000,8000,random,2,1,1,1,0.1,0.047172
500000,500,185,1000,8000,random,2,1,1,1,0.1,0.046713
500000,500,186,1000,8000,random,2,1,1,1,0.1,0.04664
500000,500,187,1000,8000,random,2,1,1,1,0.1,0.047013
500000,500,188,1000,8000,random,2,1,1,1,0.1,0.046413
500000,500,189,1000,8000,random,2,1,1,1,0.1,0.047051
500000,500,190,1000,8000,random,2,1,1,1,0.1,0.046626
500000,500,191,1000,8000,random,2,1,1,1,0.1,0.046708
500000,500,192,1000,8000,random,2,1,1,1,0.1,0.047846
500000,500,193,1000,8000,random,2,1,1,1,0.1,0.046976
500000,500,194,1000,8000,random,2,1,1,1,0.1,0.046713
500000,500,195,1000,8000,random,2,1,1,1,0.1,0.046836
500000,500,196,1000,8000,random,2,1,1,1,0.1,0.057554
500000,500,197,1000,8000,random,2,1,1,1,0.1,0.046921
500000,500,198,1000,8000,random,2,1,1,1,0.1,0.061274
500000,500,199,1000,8000,random,2,1,1,1,0.1,0.046893
500000,500,200,1000,8000,random,2,1,1,1,0.1,0.046857
500000,500,201,1000,8000,random,2,1,1,1,0.1,0.04653
500000,500,202,1000,8000,random,2,1,1,1,0.1,0.046952
500000,500,203,1000,8000,random,2,1,1,1,0.1,0.046601
500000,500,204,1000,8000,random,2,1,1,1,0.1,0.071525
500000,500,205,1000,8000,random,2,1,1,1,0.1,0.047069
500000,500,206,1000,8000,random,2,1,1,1,0.1,0.046608
500000,500,207,1000,8000,random,2,1,1,1,0.1,0.046603
500000,500,208,1000,8000,random,2,1,1,1,0.1,0.046499
500000,500,209,1000,8000,random,2,1,1,1,0.1,0.04716
500000,500,210,1000,8000,random,2,1,1,1,0.1,0.046733
500000,500,211,1000,8000,random,2,1,1,1,0.1,0.051533
500000,500,212,1000,8000,random,2,1,1,1,0.1,0.046902
500000,500,213,1000,8000,random,2,1,1,1,0.1,0.047814
500000,500,214,1000,8000,random,2,1,1,1,0.1,0.046319
500000,500,215,1000,8000,random,2,1,1,1,0.1,0.046235
500000,500,216,1000,8000,random,2,1,1,1,0.1,0.053464
500000,500,217,1000,8000,random,2,1,1,1,0.1,0.047015
500000,500,218,1000,8000,random,2,1,1,1,0.1,0.046961
500000,500,219,1000,8000,random,2,1,1,1,0.1,0.046783
500000,500,220,1000,8000,random,2,1,1,1,0.1,0.046276
500000,500,221,1000,8000,random,2,1,1,1,0.1,0.046891
500000,500,222,1000,8000,random,2,1,1,1,0.1,0.057458
500000,500,223,1000,8000,random,2,1,1,1,0.1,0.047044
500000,500,224,1000,8000,random,2,1,1,1,0.1,0.047208
500000,500,225,1000,8000,random,2,1,1,1,0.1,0.0468
500000,500,226,1000,8000,random,2,1,1,1,0.1,0.046921
500000,500,227,1000,8000,random,2,1,1,1,0.1,0.046981
500000,500,228,1000,8000,random,2,1,1,1,0.1,0.050826
500000,500,229,1000,8000,random,2,1,1,1,0.1,0.048355
500000,500,230,1000,8000,random,2,1,1,1,0.1,0.047125
500000,500,231,1000,8000,random,2,1,1,1,0.1,0.046375
500000,500,232,1000,8000,random,2,1,1,1,0.1,0.04776
500000,500,233,1000,8000,random,2,1,1,1,0.1,0.046701
500000,500,234,1000,8000,random,2,1,1,1,0.1,0.062271
500000,500,235,1000,8000,random,2,1,1,1,0.1,0.046991
500000,500,236,1000,8000,random,2,1,1,1,0.1,0.046839
500000,500,237,1000,8000,random,2,1,1,1,0.1,0.046588
500000,500,238,1000,8000,random,2,1,1,1,0.1,0.046177
500000,500,239,1000,8000,random,2,1,1,1,0.1,0.046129
500000,500,240,1000,8000,random,2,1,1,1,0.1,0.04794
500000,500,241,1000,8000,random,2,1,1,1,0.1,0.071624
500000,500,242,1000,8000,random,2,1,1,1,0.1,0.046707
500000,500,243,1000,8000,random,2,1,1,1,0.1,0.046898
500000,500,244,1000,8000,random,2,1,1,1,0.1,0.047022
500000,500,245,1000,8000,random,2,1,1,1,0.1,0.046959
500000,500,246,1000,8000,random,2,1,1,1,0.1,0.046398
500000,500,247,1000,8000,random,2,1,1,1,0.1,0.061056
500000,500,248,1000,8000,random,2,1,1,1,0.1,0.046578
500000,500,249,1000,8000,random,2,1,1,1,0.1,0.047277
500000,500,250,1000,8000,random,2,1,1,1,0.1,0.046925
500000,500,251,1000,8000,random,2,1,1,1,0.1,0.046868
500000,500,252,1000,8000,random,2,1,1,1,0.1,0.046774
500000,500,253,1000,8000,random,2,1,1,1,0.1,0.047515
500000,500,254,1000,8000,random,2,1,1,1,0.1,0.047517
500000,500,255,1000,8000,random,2,1,1,1,0.1,0.046549
500000,500,256,1000,8000,random,2,1,1,1,0.1,0.046896
500000,500,257,1000,8000,random,2,1,1,1,0.1,0.046844
500000,500,258,1000,8000,random,2,1,1,1,0.1,0.067419
500000,500,259,1000,8000,random,2,1,1,1,0.1,0.046844
500000,500,260,1000,8000,random,2,1,1,1,0.1,0.047505
500000,500,261,1000,8000,random,2,1,1,1,0.1,0.047074
500000,500,262,1000,8000,random,2,1,1,1,0.1,0.046554
500000,500,263,1000,8000,random,2,1,1,1,0.1,0.047126
500000,500,264,1000,8000,random,2,1,1,1,0.1,0.046808
500000,500,265,1000,8000,random,2,1,1,1,0.1,0.046925
500000,500,266,1000,8000,random,2,1,1,1,0.1,0.046428
500000,500,267,1000,8000,random,2,1,1,1,0.1,0.046456
500000,500,268,1000,8000,random,2,1,1,1,0.1,0.046064
500000,500,269,1000,8000,random,2,1,1,1,0.1,0.046746
500000,500,270,1000,8000,random,2,1,1,1,0.1,0.071587
500000,500,271,1000,8000,random,2,1,1,1,0.1,0.046941
500000,500,272,1000,8000,random,2,1,1,1,0.1,0.04753
500000,500,273,1000,8000,random,2,1,1,1,0.1,0.061085
500000,500,274,1000,8000,random,2,1,1,1,0.1,0.046944
500000,500,275,1000,8000,random,2,1,1,1,0.1,0.046395
500000,500,276,1000,8000,random,2,1,1,1,0.1,0.04665
500000,500,277,1000,8000,random,2,1,1,1,0.1,0.046647
500000,500,278,1000,8000,random,2,1,1,1,0.1,0.046786
500000,500,279,1000,8000,random,2,1,1,1,0.1,0.046411
500000,500,280,1000,8000,random,2,1,1,1,0.1,0.046614
500000,500,281,1000,8000,random,2,1,1,1,0.1,0.046615
500000,500,282,1000,8000,random,2,1,1,1,0.1,0.071518
500000,500,283,1000,8000,random,2,1,1,1,0.1,0.04674
500000,500,284,1000,8000,random,2,1,1,1,0.1,0.04712
500000,500,285,1000,8000,random,2,1,1,1,0.1,0.046636
500000,500,286,1000,8000,random,2,1,1,1,0.1,0.046863
500000,500,287,1000,8000,random,2,1,1,1,0.1,0.047235
500000,500,288,1000,8000,random,2,1,1,1,0.1,0.046967
500000,500,289,1000,8000,random,2,1,1,1,0.1,0.046613
500000,500,290,1000,8000,random,2,1,1,1,0.1,0.046328
500000,500,291,1000,8000,random,2,1,1,1,0.1,0.047139
500000,500,292,1000,8000,random,2,1,1,1,0.1,0.047196
500000,500,293,1000,8000,random,2,1,1,1,0.1,0.046085
500000,500,294,1000,8000,random,2,1,1,1,0.1,0.05038
500000,500,295,1000,8000,random,2,1,1,1,0.1,0.046951
500000,500,296,1000,8000,random,2,1,1,1,0.1,0.047383
500000,500,297,1000,8000,random,2,1,1,1,0.1,0.046955
500000,500,298,1000,8000,random,2,1,1,1,0.1,0.04632
500000,500,299,1000,8000,random,2,1,1,1,0.1,0.051826
500000,500,300,1000,8000,random,2,1,1,1,0.1,0.047162
500000,500,301,1000,8000,random,2,1,1,1,0.1,0.046972
500000,500,302,1000,8000,random,2,1,1,1,0.1,0.046554
500000,500,303,1000,8000,random,2,1,1,1,0.1,0.047212
500000,500,304,1000,8000,random,2,1,1,1,0.1,0.046961
500000,500,305,1000,8000,random,2,1,1,1,0.1,0.046452
500000,500,306,1000,8000,random,2,1,1,1,0.1,0.046455
500000,500,307,1000,8000,random,2,1,1,1,0.1,0.048016
500000,500,308,1000,8000,random,2,1,1,1,0.1,0.047026
500000,500,309,1000,8000,random,2,1,1,1,0.1,0.046968
500000,500,310,1000,8000,random,2,1,1,1,0.1,0.047012
500000,500,311,1000,8000,random,2,1,1,1,0.1,0.046651
500000,500,312,1000,8000,random,2,1,1,1,0.1,0.046728
500000,500,313,1000,8000,random,2,1,1,1,0.1,0.047156
500000,500,314,1000,8000,random,2,1,1,1,0.1,0.047988
500000,500,315,1000,8000,random,2,1,1,1,0.1,0.046865
500000,500,316,1000,8000,random,2,1,1,1,0.1,0.046344
500000,500,317,1000,8000,random,2,1,1,1,0.1,0.046532
500000,500,318,1000,8000,random,2,1,1,1,0.1,0.047015
500000,500,319,1000,8000,random,2,1,1,1,0.1,0.047322
500000,500,320,1000,8000,random,2,1,1,1,0.1,0.046926
500000,500,321,1000,8000,random,2,1,1,1,0.1,0.046769
500000,500,322,1000,8000,random,2,1,1,1,0.1,0.046992
500000,500,323,1000,8000,random,2,1,1,1,0.1,0.046524
500000,500,324,1000,8000,random,2,1,1,1,0.1,0.048364
500000,500,325,1000,8000,random,2,1,1,1,0.1,0.053384
500000,500,326,1000,8000,random,2,1,1,1,0.1,0.046995
500000,500,327,1000,8000,random,2,1,1,1,0.1,0.046718
500000,500,328,1000,8000,random,2,1,1,1,0.1,0.046641
500000,500,329,1000,8000,random,2,1,1,1,0.1,0.046692
500000,500,330,1000,8000,random,2,1,1,1,0.1,0.046944
500000,500,331,1000,8000,random,2,1,1,1,0.1,0.048075
500000,500,332,1000,8000,random,2,1,1,1,0.1,0.047148
500000,500,333,1000,8000,random,2,1,1,1,0.1,0.046578
500000,500,334,1000,8000,random,2,1,1,1,0.1,0.046662
500000,500,335,1000,8000,random,2,1,1,1,0.1,0.046612
500000,500,336,1000,8000,random,2,1,1,1,0.1,0.047247
500000,500,337,1000,8000,random,2,1,1,1,0.1,0.047789
500000,500,338,1000,8000,random,2,1,1,1,0.1,0.047617
500000,500,339,1000,8000,random,2,1,1,1,0.1,0.061559
500000,500,340,1000,8000,random,2,1,1,1,0.1,0.046824
500000,500,341,1000,8000,random,2,1,1,1,0.1,0.046822
500000,500,342,1000,8000,random,2,1,1,1,0.1,0.046733
500000,500,343,1000,8000,random,2,1,1,1,0.1,0.046961
500000,500,344,1000,8000,random,2,1,1,1,0.1,0.046796
500000,500,345,1000,8000,random,2,1,1,1,0.1,0.050495
500000,500,346,1000,8000,random,2,1,1,1,0.1,0.046661
500000,500,347,1000,8000,random,2,1,1,1,0.1,0.046977
500000,500,348,1000,8000,random,2,1,1,1,0.1,0.046963
500000,500,349,1000,8000,random,2,1,1,1,0.1,0.046996
500000,500,350,1000,8000,random,2,1,1,1,0.1,0.047113
500000,500,351,1000,8000,random,2,1,1,1,0.1,0.046582
500000,500,352,1000,8000,random,2,1,1,1,0.1,0.047321
500000,500,353,1000,8000,random,2,1,1,1,0.1,0.04623
500000,500,354,1000,8000,random,2,1,1,1,0.1,0.046993
500000,500,355,1000,8000,random,2,1,1,1,0.1,0.046336
500000,500,356,1000,8000,random,2,1,1,1,0.1,0.046683
500000,500,357,1000,8000,random,2,1,1,1,0.1,0.04614
500000,500,358,1000,8000,random,2,1,1,1,0.1,0.046464
500000,500,359,1000,8000,random,2,1,1,1,0.1,0.047378
500000,500,360,1000,8000,random,2,1,1,1,0.1,0.046956
500000,500,361,1000,8000,random,2,1,1,1,0.1,0.048487
500000,500,362,1000,8000,random,2,1,1,1,0.1,0.04683
500000,500,363,1000,8000,random,2,1,1,1,0.1,0.047064
500000,500,364,1000,8000,random,2,1,1,1,0.1,0.046483
500000,500,365,1000,8000,random,2,1,1,1,0.1,0.046393
500000,500,366,1000,8000,random,2,1,1,1,0.1,0.045634
500000,500,367,1000,8000,random,2,1,1,1,0.1,0.046377
500000,500,368,1000,8000,random,2,1,1,1,0.1,0.046902
500000,500,369,1000,8000,random,2,1,1,1,0.1,0.046556
500000,500,370,1000,8000,random,2,1,1,1,0.1,0.046742
500000,500,371,1000,8000,random,2,1,1,1,0.1,0.046802
500000,500,372,1000,8000,random,2,1,1,1,0.1,0.047122
500000,500,373,1000,8000,random,2,1,1,1,0.1,0.04735
500000,500,374,1000,8000,random,2,1,1,1,0.1,0.046789
500000,500,375,1000,8000,random,2,1,1,1,0.1,0.046579
500000,500,376,1000,8000,random,2,1,1,1,0.1,0.046716
500000,500,377,1000,8000,random,2,1,1,1,0.1,0.046544
500000,500,378,1000,8000,random,2,1,1,1,0.1,0.046731
500000,500,379,1000,8000,random,2,1,1,1,0.1,0.060357
500000,500,380,1000,8000,random,2,1,1,1,0.1,0.046952
500000,500,381,1000,8000,random,2,1,1,1,0.1,0.047585
500000,500,382,1000,8000,random,2,1,1,1,0.1,0.061652
500000,500,383,1000,8000,random,2,1,1,1,0.1,0.046846
500000,500,384,1000,8000,random,2,1,1,1,0.1,0.046189
500000,500,385,1000,8000,random,2,1,1,1,0.1,0.046966
500000,500,386,1000,8000,random,2,1,1,1,0.1,0.046546
500000,500,387,1000,8000,random,2,1,1,1,0.1,0.046416
500000,500,388,1000,8000,random,2,1,1,1,0.1,0.046307
500000,500,389,1000,8000,random,2,1,1,1,0.1,0.046607
500000,500,390,1000,8000,random,2,1,1,1,0.1,0.046665
500000,500,391,1000,8000,random,2,1,1,1,0.1,0.04731
500000,500,392,1000,8000,random,2,1,1,1,0.1,0.046787
500000,500,393,1000,8000,random,2,1,1,1,0.1,0.04681
500000,500,394,1000,8000,random,2,1,1,1,0.1,0.047298
500000,500,395,1000,8000,random,2,1,1,1,0.1,0.046698
500000,500,396,1000,8000,random,2,1,1,1,0.1,0.04676
500000,500,397,1000,8000,random,2,1,1,1,0.1,0.047137
500000,500,398,1000,8000,random,2,1,1,1,0.1,0.046858
500000,500,399,1000,8000,random,2,1,1,1,0.1,0.047086
500000,500,400,1000,8000,random,2,1,1,1,0.1,0.047194
500000,500,401,1000,8000,random,2,1,1,1,0.1,0.046291
500000,500,402,1000,8000,random,2,1,1,1,0.1,0.046691
500000,500,403,1000,8000,random,2,1,1,1,0.1,0.047777
500000,500,404,1000,8000,random,2,1,1,1,0.1,0.046978
500000,500,405,1000,8000,random,2,1,1,1,0.1,0.046453
500000,500,406,1000,8000,random,2,1,1,1,0.1,0.047202
500000,500,407,1000,8000,random,2,1,1,1,0.1,0.047037
500000,500,408,1000,8000,random,2,1,1,1,0.1,0.046472
500000,500,409,1000,8000,random,2,1,1,1,0.1,0.046892
500000,500,410,1000,8000,random,2,1,1,1,0.1,0.046872
500000,500,411,1000,8000,random,2,1,1,1,0.1,0.046973
500000,500,412,1000,8000,random,2,1,1,1,0.1,0.047416
500000,500,413,1000,8000,random,2,1,1,1,0.1,0.046786
500000,500,414,1000,8000,random,2,1,1,1,0.1,0.046703
500000,500,415,1000,8000,random,2,1,1,1,0.1,0.060709
500000,500,416,1000,8000,random,2,1,1,1,0.1,0.04806
500000,500,417,1000,8000,random,2,1,1,1,0.1,0.046603
500000,500,418,1000,8000,random,2,1,1,1,0.1,0.046803
500000,500,419,1000,8000,random,2,1,1,1,0.1,0.046673
500000,500,420,1000,8000,random,2,1,1,1,0.1,0.046385
500000,500,421,1000,8000,random,2,1,1,1,0.1,0.04625
500000,500,422,1000,8000,random,2,1,1,1,0.1,0.046379
500000,500,423,1000,8000,random,2,1,1,1,0.1,0.04652
500000,500,424,1000,8000,random,2,1,1,1,0.1,0.046026
500000,500,425,1000,8000,random,2,1,1,1,0.1,0.052272
500000,500,426,1000,8000,random,2,1,1,1,0.1,0.046604
500000,500,427,1000,8000,random,2,1,1,1,0.1,0.060541
500000,500,428,1000,8000,random,2,1,1,1,0.1,0.047097
500000,500,429,1000,8000,random,2,1,1,1,0.1,0.047215
500000,500,430,1000,8000,random,2,1,1,1,0.1,0.046479
500000,500,431,1000,8000,random,2,1,1,1,0.1,0.047055
500000,500,432,1000,8000,random,2,1,1,1,0.1,0.046139
500000,500,433,1000,8000,random,2,1,1,1,0.1,0.046829
500000,500,434,1000,8000,random,2,1,1,1,0.1,0.0464
500000,500,435,1000,8000,random,2,1,1,1,0.1,0.046826
500000,500,436,1000,8000,random,2,1,1,1,0.1,0.046492
500000,500,437,1000,8000,random,2,1,1,1,0.1,0.046882
500000,500,438,1000,8000,random,2,1,1,1,0.1,0.046821
500000,500,439,1000,8000,random,2,1,1,1,0.1,0.047112
500000,500,440,1000,8000,random,2,1,1,1,0.1,0.047521
500000,500,441,1000,8000,random,2,1,1,1,0.1,0.046853
500000,500,442,1000,8000,random,2,1,1,1,0.1,0.047306
500000,500,443,1000,8000,random,2,1,1,1,0.1,0.047195
500000,500,444,1000,8000,random,2,1,1,1,0.1,0.046884
500000,500,445,1000,8000,random,2,1,1,1,0.1,0.045944
500000,500,446,1000,8000,random,2,1,1,1,0.1,0.046729
500000,500,447,1000,8000,random,2,1,1,1,0.1,0.046651
500000,500,448,1000,8000,random,2,1,1,1,0.1,0.047156
500000,500,449,1000,8000,random,2,1,1,1,0.1,0.046532
500000,500,450,1000,8000,random,2,1,1,1,0.1,0.04651
500000,500,451,1000,8000,random,2,1,1,1,0.1,0.047333
500000,500,452,1000,8000,random,2,1,1,1,0.1,0.04697
500000,500,453,1000,8000,random,2,1,1,1,0.1,0.046253
500000,500,454,1000,8000,random,2,1,1,1,0.1,0.046966
500000,500,455,1000,8000,random,2,1,1,1,0.1,0.047052
500000,500,456,1000,8000,random,2,1,1,1,0.1,0.046684
500000,500,457,1000,8000,random,2,1,1,1,0.1,0.047537
500000,500,458,1000,8000,random,2,1,1,1,0.1,0.046672
500000,500,459,1000,8000,random,2,1,1,1,0.1,0.046703
500000,500,460,1000,8000,random,2,1,1,1,0.1,0.04637
500000,500,461,1000,8000,random,2,1,1,1,0.1,0.046831
500000,500,462,1000,8000,random,2,1,1,1,0.1,0.046712
500000,500,463,1000,8000,random,2,1,1,1,0.1,0.047346
500000,500,464,1000,8000,random,2,1,1,1,0.1,0.047593
500000,500,465,1000,8000,random,2,1,1,1,0.1,0.046563
500000,500,466,1000,8000,random,2,1,1,1,0.1,0.046783
500000,500,467,1000,8000,random,2,1,1,1,0.1,0.046762
500000,500,468,1000,8000,random,2,1,1,1,0.1,0.046745
500000,500,469,1000,8000,random,2,1,1,1,0.1,0.047232
500000,500,470,1000,8000,random,2,1,1,1,0.1,0.04733
500000,500,471,1000,8000,random,2,1,1,1,0.1,0.04668
500000,500,472,1000,8000,random,2,1,1,1,0.1,0.047098
500000,500,473,1000,8000,random,2,1,1,1,0.1,0.04685
500000,500,474,1000,8000,random,2,1,1,1,0.1,0.046586
500000,500,475,1000,8000,random,2,1,1,1,0.1,0.046191
500000,500,476,1000,8000,random,2,1,1,1,0.1,0.046616
500000,500,477,1000,8000,random,2,1,1,1,0.1,0.04691
500000,500,478,1000,8000,random,2,1,1,1,0.1,0.047063
500000,500,479,1000,8000,random,2,1,1,1,0.1,0.04745
500000,500,480,1000,8000,random,2,1,1,1,0.1,0.047132
500000,500,481,1000,8000,random,2,1,1,1,0.1,0.047226
500000,500,482,1000,8000,random,2,1,1,1,0.1,0.071347
500000,500,483,1000,8000,random,2,1,1,1,0.1,0.046994
500000,500,484,1000,8000,random,2,1,1,1,0.1,0.046774
500000,500,485,1000,8000,random,2,1,1,1,0.1,0.047226
500000,500,486,1000,8000,random,2,1,1,1,0.1,0.046909
500000,500,487,1000,8000,random,2,1,1,1,0.1,0.047425
500000,500,488,1000,8000,random,2,1,1,1,0.1,0.046581
500000,500,489,1000,8000,random,2,1,1,1,0.1,0.046729
500000,500,490,1000,8000,random,2,1,1,1,0.1,0.046707
500000,500,491,1000,8000,random,2,1,1,1,0.1,0.047069
500000,500,492,1000,8000,random,2,1,1,1,0.1,0.0467
500000,500,493,1000,8000,random,2,1,1,1,0.1,0.047392
500000,500,494,1000,8000,random,2,1,1,1,0.1,0.052401
500000,500,495,1000,8000,random,2,1,1,1,0.1,0.046902
500000,500,496,1000,8000,random,2,1,1,1,0.1,0.046805
500000,500,497,1000,8000,random,2,1,1,1,0.1,0.046446
500000,500,498,1000,8000,random,2,1,1,1,0.1,0.04636
500000,500,499,1000,8000,random,2,1,1,1,0.1,0.046916
500000,500,0,1000,8000,random,2,1,5,5,0.1,0.060853
500000,500,1,1000,8000,random,2,1,5,5,0.1,0.057741
500000,500,2,1000,8000,random,2,1,5,5,0.1,0.058008
500000,500,3,1000,8000,random,2,1,5,5,0.1,0.057613
500000,500,4,1000,8000,random,2,1,5,5,0.1,0.057975
500000,500,5,1000,8000,random,2,1,5,5,0.1,0.06669
500000,500,6,1000,8000,random,2,1,5,5,0.1,0.058229
500000,500,7,1000,8000,random,2,1,5,5,0.1,0.05852
500000,500,8,1000,8000,random,2,1,5,5,0.1,0.057786
500000,500,9,1000,8000,random,2,1,5,5,0.1,0.057631
500000,500,10,1000,8000,random,2,1,5,5,0.1,0.057523
500000,500,11,1000,8000,random,2,1,5,5,0.1,0.05781
500000,500,12,1000,8000,random,2,1,5,5,0.1,0.057463
500000,500,13,1000,8000,random,2,1,5,5,0.1,0.058067
500000,500,14,1000,8000,random,2,1,5,5,0.1,0.057528
500000,500,15,1000,8000,random,2,1,5,5,0.1,0.058659
500000,500,16,1000,8000,random,2,1,5,5,0.1,0.057075
500000,500,17,1000,8000,random,2,1,5,5,0.1,0.088962
500000,500,18,1000,8000,random,2,1,5,5,0.1,0.057937
500000,500,19,1000,8000,random,2,1,5,5,0.1,0.057927
500000,500,20,1000,8000,random,2,1,5,5,0.1,0.057175
500000,500,21,1000,8000,random,2,1,5,5,0.1,0.057053
500000,500,22,1000,8000,random,2,1,5,5,0.1,0.057421
500000,500,23,1000,8000,random,2,1,5,5,0.1,0.05751
500000,500,24,1000,8000,random,2,1,5,5,0.1,0.057127
500000,500,25,1000,8000,random,2,1,5,5,0.1,0.057714
500000,500,26,1000,8000,random,2,1,5,5,0.1,0.05722
500000,500,27,1000,8000,random,2,1,5,5,0.1,0.057402
500000,500,28,1000,8000,random,2,1,5,5,0.1,0.057664
500000,500,29,1000,8000,random,2,1,5,5,0.1,0.086506
500000,500,30,1000,8000,random,2,1,5,5,0.1,0.057528
500000,500,31,1000,8000,random,2,1,5,5,0.1,0.056866
500000,500,32,1000,8000,random,2,1,5,5,0.1,0.057662
500000,500,33,1000,8000,random,2,1,5,5,0.1,0.057344
500000,500,34,1000,8000,random,2,1,5,5,0.1,0.056905
500000,500,35,1000,8000,random,2,1,5,5,0.1,0.056927
500000,500,36,1000,8000,random,2,1,5,5,0.1,0.057542
500000,500,37,1000,8000,random,2,1,5,5,0.1,0.057373
500000,500,38,1000,8000,random,2,1,5,5,0.1,0.058474
500000,500,39,1000,8000,random,2,1,5,5,0.1,0.057111
500000,500,40,1000,8000,random,2,1,5,5,0.1,0.05773
500000,500,41,1000,8000,random,2,1,5,5,0.1,0.057519
500000,500,42,1000,8000,random,2,1,5,5,0.1,0.057338
500000,500,43,1000,8000,random,2,1,5,5,0.1,0.057379
500000,500,44,1000,8000,random,2,1,5,5,0.1,0.058676
500000,500,45,1000,8000,random,2,1,5,5,0.1,0.062394
500000,500,46,1000,8000,random,2,1,5,5,0.1,0.057378
500000,500,47,1000,8000,random,2,1,5,5,0.1,0.057603
500000,500,48,1000,8000,random,2,1,5,5,0.1,0.057341
500000,500,49,1000,8000,random,2,1,5,5,0.1,0.058049
500000,500,50,1000,8000,random,2,1,5,5,0.1,0.059541
500000,500,51,1000,8000,random,2,1,5,5,0.1,0.057331
500000,500,52,1000,8000,random,2,1,5,5,0.1,0.057629
500000,500,53,1000,8000,random,2,1,5,5,0.1,0.057306
500000,500,54,1000,8000,random,2,1,5,5,0.1,0.057043
500000,500,55,1000,8000,random,2,1,5,5,0.1,0.059268
500000,500,56,1000,8000,random,2,1,5,5,0.1,0.057681
500000,500,57,1000,8000,random,2,1,5,5,0.1,0.086736
500000,500,58,1000,8000,random,2,1,5,5,0.1,0.056688
500000,500,59,1000,8000,random,2,1,5,5,0.1,0.057365
500000,500,60,1000,8000,random,2,1,5,5,0.1,0.05719
500000,500,61,1000,8000,random,2,1,5,5,0.1,0.059332
500000,500,62,1000,8000,random,2,1,5,5,0.1,0.057516
500000,500,63,1000,8000,random,2,1,5,5,0.1,0.057567
500000,500,64,1000,8000,random,2,1,5,5,0.1,0.05753
500000,500,65,1000,8000,random,2,1,5,5,0.1,0.057245
500000,500,66,1000,8000,random,2,1,5,5,0.1,0.057539
500000,500,67,1000,8000,random,2,1,5,5,0.1,0.057685
500000,500,68,1000,8000,random,2,1,5,5,0.1,0.060565
500000,500,69,1000,8000,random,2,1,5,5,0.1,0.060909
500000,500,70,1000,8000,random,2,1,5,5,0.1,0.057905
500000,500,71,1000,8000,random,2,1,5,5,0.1,0.057665
500000,500,72,1000,8000,random,2,1,5,5,0.1,0.057085
500000,500,73,1000,8000,random,2,1,5,5,0.1,0.058011
500000,500,74,1000,8000,random,2,1,5,5,0.1,0.057092
500000,500,75,1000,8000,random,2,1,5,5,0.1,0.057174
500000,500,76,1000,8000,random,2,1,5,5,0.1,0.058187
500000,500,77,1000,8000,random,2,1,5,5,0.1,0.062013
500000,500,78,1000,8000,random,2,1,5,5,0.1,0.058635
500000,500,79,1000,8000,random,2,1,5,5,0.1,0.057061
500000,500,80,1000,8000,random,2,1,5,5,0.1,0.089582
500000,500,81,1000,8000,random,2,1,5,5,0.1,0.057871
500000,500,82,1000,8000,random,2,1,5,5,0.1,0.057915
500000,500,83,1000,8000,random,2,1,5,5,0.1,0.057757
500000,500,84,1000,8000,random,2,1,5,5,0.1,0.057476
500000,500,85,1000,8000,random,2,1,5,5,0.1,0.057233
500000,500,86,1000,8000,random,2,1,5,5,0.1,0.056532
500000,500,87,1000,8000,random,2,1,5,5,0.1,0.058176
500000,500,88,1000,8000,random,2,1,5,5,0.1,0.057405
500000,500,89,1000,8000,random,2,1,5,5,0.1,0.059385
500000,500,90,1000,8000,random,2,1,5,5,0.1,0.057236
500000,500,91,1000,8000,random,2,1,5,5,0.1,0.057893
500000,500,92,1000,8000,random,2,1,5,5,0.1,0.066495
500000,500,93,1000,8000,random,2,1,5,5,0.1,0.058126
500000,500,94,1000,8000,random,2,1,5,5,0.1,0.057666
500000,500,95,1000,8000,random,2,1,5,5,0.1,0.05729
500000,500,96,1000,8000,random,2,1,5,5,0.1,0.058226
500000,500,97,1000,8000,random,2,1,5,5,0.1,0.058349
500000,500,98,1000,8000,random,2,1,5,5,0.1,0.057332
500000,500,99,1000,8000,random,2,1,5,5,0.1,0.057575
500000,500,100,1000,8000,random,2,1,5,5,0.1,0.057166
500000,500,101,1000,8000,random,2,1,5,5,0.1,0.05712
500000,500,102,1000,8000,random,2,1,5,5,0.1,0.05745
500000,500,103,1000,8000,random,2,1,5,5,0.1,0.058328
500000,500,104,1000,8000,random,2,1,5,5,0.1,0.057344
500000,500,105,1000,8000,random,2,1,5,5,0.1,0.057232
500000,500,106,1000,8000,random,2,1,5,5,0.1,0.057457
500000,500,107,1000,8000,random,2,1,5,5,0.1,0.057864
500000,500,108,1000,8000,random,2,1,5,5,0.1,0.05766
500000,500,109,1000,8000,random,2,1,5,5,0.1,0.088436
500000,500,110,1000,8000,random,2,1,5,5,0.1,0.057326
500000,500,111,1000,8000,random,2,1,5,5,0.1,0.05744
500000,500,112,1000,8000,random,2,1,5,5,0.1,0.057141
500000,500,113,1000,8000,random,2,1,5,5,0.1,0.058522
500000,500,114,1000,8000,random,2,1,5,5,0.1,0.058395
500000,500,115,1000,8000,random,2,1,5,5,0.1,0.057522
500000,500,116,1000,8000,random,2,1,5,5,0.1,0.057567
500000,500,117,1000,8000,random,2,1,5,5,0.1,0.057392
500000,500,118,1000,8000,random,2,1,5,5,0.1,0.058969
500000,500,119,1000,8000,random,2,1,5,5,0.1,0.057449
500000,500,120,1000,8000,random,2,1,5,5,0.1,0.057459
500000,500,121,1000,8000,random,2,1,5,5,0.1,0.079161
500000,500,122,1000,8000,random,2,1,5,5,0.1,0.057641
500000,500,123,1000,8000,random,2,1,5,5,0.1,0.057818
500000,500,124,1000,8000,random,2,1,5,5,0.1,0.058152
500000,500,125,1000,8000,random,2,1,5,5,0.1,0.058995
500000,500,126,1000,8000,random,2,1,5,5,0.1,0.057089
500000,500,127,1000,8000,random,2,1,5,5,0.1,0.058934
500000,500,128,1000,8000,random,2,1,5,5,0.1,0.058946
500000,500,129,1000,8000,random,2,1,5,5,0.1,0.057937
500000,500,130,1000,8000,random,2,1,5,5,0.1,0.05783
500000,500,131,1000,8000,random,2,1,5,5,0.1,0.057222
500000,500,132,1000,8000,random,2,1,5,5,0.1,0.060489
500000,500,133,1000,8000,random,2,1,5,5,0.1,0.057619
500000,500,134,1000,8000,random,2,1,5,5,0.1,0.057713
500000,500,135,1000,8000,random,2,1,5,5,0.1,0.058855
500000,500,136,1000,8000,random,2,1,5,5,0.1,0.057139
500000,500,137,1000,8000,random,2,1,5,5,0.1,0.057098
500000,500,138,1000,8000,random,2,1,5,5,0.1,0.057982
500000,500,139,1000,8000,random,2,1,5,5,0.1,0.057308
500000,500,140,1000,8000,random,2,1,5,5,0.1,0.057595
500000,500,141,1000,8000,random,2,1,5,5,0.1,0.057955
500000,500,142,1000,8000,random,2,1,5,5,0.1,0.057703
500000,500,143,1000,8000,random,2,1,5,5,0.1,0.057289
500000,500,144,1000,8000,random,2,1,5,5,0.1,0.073891
500000,500,145,1000,8000,random,2,1,5,5,0.1,0.057575
500000,500,146,1000,8000,random,2,1,5,5,0.1,0.057721
500000,500,147,1000,8000,random,2,1,5,5,0.1,0.056952
500000,500,148,1000,8000,random,2,1,5,5,0.1,0.05728
500000,500,149,1000,8000,random,2,1,5,5,0.1,0.057408
500000,500,150,1000,8000,random,2,1,5,5,0.1,0.057427
500000,500,151,1000,8000,random,2,1,5,5,0.1,0.058414
500000,500,152,1000,8000,random,2,1,5,5,0.1,0.057594
500000,500,153,1000,8000,random,2,1,5,5,0.1,0.057241
500000,500,154,1000,8000,random,2,1,5,5,0.1,0.056923
500000,500,155,1000,8000,random,2,1,5,5,0.1,0.089121
500000,500,156,1000,8000,random,2,1,5,5,0.1,0.057358
500000,500,157,1000,8000,random,2,1,5,5,0.1,0.061444
500000,500,158,1000,8000,random,2,1,5,5,0.1,0.068441
500000,500,159,1000,8000,random,2,1,5,5,0.1,0.057473
500000,500,160,1000,8000,random,2,1,5,5,0.1,0.058664
500000,500,161,1000,8000,random,2,1,5,5,0.1,0.062117
500000,500,162,1000,8000,random,2,1,5,5,0.1,0.056963
500000,500,163,1000,8000,random,2,1,5,5,0.1,0.057289
500000,500,164,1000,8000,random,2,1,5,5,0.1,0.058066
500000,500,165,1000,8000,random,2,1,5,5,0.1,0.057219
500000,500,166,1000,8000,random,2,1,5,5,0.1,0.057304
500000,500,167,1000,8000,random,2,1,5,5,0.1,0.057394
500000,500,168,1000,8000,random,2,1,5,5,0.1,0.056997
500000,500,169,1000,8000,random,2,1,5,5,0.1,0.057437
500000,500,170,1000,8000,random,2,1,5,5,0.1,0.057227
500000,500,171,1000,8000,random,2,1,5,5,0.1,0.057634
500000,500,172,1000,8000,random,2,1,5,5,0.1,0.057554
500000,500,173,1000,8000,random,2,1,5,5,0.1,0.05836
500000,500,174,1000,8000,random,2,1,5,5,0.1,0.061538
500000,500,175,1000,8000,random,2,1,5,5,0.1,0.057248
500000,500,176,1000,8000,random,2,1,5,5,0.1,0.057897
500000,500,177,1000,8000,random,2,1,5,5,0.1,0.057632
500000,500,178,1000,8000,random,2,1,5,5,0.1,0.057824
500000,500,179,1000,8000,random,2,1,5,5,0.1,0.057256
500000,500,180,1000,8000,random,2,1,5,5,0.1,0.057127
500000,500,181,1000,8000,random,2,1,5,5,0.1,0.057835
500000,500,182,1000,8000,random,2,1,5,5,0.1,0.05727
500000,500,183,1000,8000,random,2,1,5,5,0.1,0.05758
500000,500,184,1000,8000,random,2,1,5,5,0.1,0.057141
500000,500,185,1000,8000,random,2,1,5,5,0.1,0.088272
500000,500,186,1000,8000,random,2,1,5,5,0.1,0.065742
500000,500,187,1000,8000,random,2,1,5,5,0.1,0.057926
500000,500,188,1000,8000,random,2,1,5,5,0.1,0.058657
500000,500,189,1000,8000,random,2,1,5,5,0.1,0.056746
500000,500,190,1000,8000,random,2,1,5,5,0.1,0.058092
500000,500,191,1000,8000,random,2,1,5,5,0.1,0.05748
500000,500,192,1000,8000,random,2,1,5,5,0.1,0.057568
500000,500,193,1000,8000,random,2,1,5,5,0.1,0.05749
500000,500,194,1000,8000,random,2,1,5,5,0.1,0.057247
500000,500,195,1000,8000,random,2,1,5,5,0.1,0.057446
500000,500,196,1000,8000,random,2,1,5,5,0.1,0.057561
500000,500,197,1000,8000,random,2,1,5,5,0.1,0.089538
500000,500,198,1000,8000,random,2,1,5,5,0.1,0.059741
500000,500,199,1000,8000,random,2,1,5,5,0.1,0.057331
500000,500,200,1000,8000,random,2,1,5,5,0.1,0.057912
500000,500,201,1000,8000,random,2,1,5,5,0.1,0.057006
500000,500,202,1000,8000,random,2,1,5,5,0.1,0.057078
500000,500,203,1000,8000,random,2,1,5,5,0.1,0.057145
500000,500,204,1000,8000,random,2,1,5,5,0.1,0.057504
500000,500,205,1000,8000,random,2,1,5,5,0.1,0.057716
500000,500,206,1000,8000,random,2,1,5,5,0.1,0.057446
500000,500,207,1000,8000,random,2,1,5,5,0.1,0.057185
500000,500,208,1000,8000,random,2,1,5,5,0.1,0.059663
500000,500,209,1000,8000,random,2,1,5,5,0.1,0.088877
500000,500,210,1000,8000,random,2,1,5,5,0.1,0.05805
500000,500,211,1000,8000,random,2,1,5,5,0.1,0.058293
500000,500,212,1000,8000,random,2,1,5,5,0.1,0.058416
500000,500,213,1000,8000,random,2,1,5,5,0.1,0.05848
500000,500,214,1000,8000,random,2,1,5,5,0.1,0.057332
500000,500,215,1000,8000,random,2,1,5,5,0.1,0.05728
500000,500,216,1000,8000,random,2,1,5,5,0.1,0.057525
500000,500,217,1000,8000,random,2,1,5,5,0.1,0.057346
500000,500,218,1000,8000,random,2,1,5,5,0.1,0.057621
500000,500,219,1000,8000,random,2,1,5,5,0.1,0.057165
500000,500,220,1000,8000,random,2,1,5,5,0.1,0.059714
500000,500,221,1000,8000,random,2,1,5,5,0.1,0.057393
500000,500,222,1000,8000,random,2,1,5,5,0.1,0.057518
500000,500,223,1000,8000,random,2,1,5,5,0.1,0.057428
500000,500,224,1000,8000,random,2,1,5,5,0.1,0.057507
500000,500,225,1000,8000,random,2,1,5,5,0.1,0.057508
500000,500,226,1000,8000,random,2,1,5,5,0.1,0.059122
500000,500,227,1000,8000,random,2,1,5,5,0.1,0.057452
500000,500,228,1000,8000,random,2,1,5,5,0.1,0.058559
500000,500,229,1000,8000,random,2,1,5,5,0.1,0.057266
500000,500,230,1000,8000,random,2,1,5,5,0.1,0.057857
500000,500,231,1000,8000,random,2,1,5,5,0.1,0.05852
500000,500,232,1000,8000,random,2,1,5,5,0.1,0.058612
500000,500,233,1000,8000,random,2,1,5,5,0.1,0.057614
500000,500,234,1000,8000,random,2,1,5,5,0.1,0.056962
500000,500,235,1000,8000,random,2,1,5,5,0.1,0.057477
500000,500,236,1000,8000,random,2,1,5,5,0.1,0.059377
500000,500,237,1000,8000,random,2,1,5,5,0.1,0.084294
500000,500,238,1000,8000,random,2,1,5,5,0.1,0.083924
500000,500,239,1000,8000,random,2,1,5,5,0.1,0.05748
500000,500,240,1000,8000,random,2,1,5,5,0.1,0.057349
500000,500,241,1000,8000,random,2,1,5,5,0.1,0.057748
500000,500,242,1000,8000,random,2,1,5,5,0.1,0.057693
500000,500,243,1000,8000,random,2,1,5,5,0.1,0.057178
500000,500,244,1000,8000,random,2,1,5,5,0.1,0.057493
500000,500,245,1000,8000,random,2,1,5,5,0.1,0.05776
500000,500,246,1000,8000,random,2,1,5,5,0.1,0.057477
500000,500,247,1000,8000,random,2,1,5,5,0.1,0.058208
500000,500,248,1000,8000,random,2,1,5,5,0.1,0.058849
500000,500,249,1000,8000,random,2,1,5,5,0.1,0.076063
500000,500,250,1000,8000,random,2,1,5,5,0.1,0.058233
500000,500,251,1000,8000,random,2,1,5,5,0.1,0.057311
500000,500,252,1000,8000,random,2,1,5,5,0.1,0.058131
500000,500,253,1000,8000,random,2,1,5,5,0.1,0.057058
500000,500,254,1000,8000,random,2,1,5,5,0.1,0.058278
500000,500,255,1000,8000,random,2,1,5,5,0.1,0.057928
500000,500,256,1000,8000,random,2,1,5,5,0.1,0.05758
500000,500,257,1000,8000,random,2,1,5,5,0.1,0.058648
500000,500,258,1000,8000,random,2,1,5,5,0.1,0.057442
500000,500,259,1000,8000,random,2,1,5,5,0.1,0.057023
500000,500,260,1000,8000,random,2,1,5,5,0.1,0.058303
500000,500,261,1000,8000,random,2,1,5,5,0.1,0.090655
500000,500,262,1000,8000,random,2,1,5,5,0.1,0.058076
500000,500,263,1000,8000,random,2,1,5,5,0.1,0.058016
500000,500,264,1000,8000,random,2,1,5,5,0.1,0.057133
500000,500,265,1000,8000,random,2,1,5,5,0.1,0.057588
500000,500,266,1000,8000,random,2,1,5,5,0.1,0.058587
500000,500,267,1000,8000,random,2,1,5,5,0.1,0.057914
500000,500,268,1000,8000,random,2,1,5,5,0.1,0.057676
500000,500,269,1000,8000,random,2,1,5,5,0.1,0.057291
500000,500,270,1000,8000,random,2,1,5,5,0.1,0.059138
500000,500,271,1000,8000,random,2,1,5,5,0.1,0.057611
500000,500,272,1000,8000,random,2,1,5,5,0.1,0.072681
500000,500,273,1000,8000,random,2,1,5,5,0.1,0.068306
500000,500,274,1000,8000,random,2,1,5,5,0.1,0.057367
500000,500,275,1000,8000,random,2,1,5,5,0.1,0.057593
500000,500,276,1000,8000,random,2,1,5,5,0.1,0.061185
500000,500,277,1000,8000,random,2,1,5,5,0.1,0.057298
500000,500,278,1000,8000,random,2,1,5,5,0.1,0.057921
500000,500,279,1000,8000,random,2,1,5,5,0.1,0.057134
500000,500,280,1000,8000,random,2,1,5,5,0.1,0.057134
500000,500,281,1000,8000,random,2,1,5,5,0.1,0.058334
500000,500,282,1000,8000,random,2,1,5,5,0.1,0.057083
500000,500,283,1000,8000,random,2,1,5,5,0.1,0.057592
500000,500,284,1000,8000,random,2,1,5,5,0.1,0.088183
500000,500,285,1000,8000,random,2,1,5,5,0.1,0.058018
500000,500,286,1000,8000,random,2,1,5,5,0.1,0.058065
500000,500,287,1000,8000,random,2,1,5,5,0.1,0.056964
500000,500,288,1000,8000,random,2,1,5,5,0.1,0.057402
500000,500,289,1000,8000,random,2,1,5,5,0.1,0.057455
500000,500,290,1000,8000,random,2,1,5,5,0.1,0.057698
500000,500,291,1000,8000,random,2,1,5,5,0.1,0.057678
500000,500,292,1000,8000,random,2,1,5,5,0.1,0.056838
500000,500,293,1000,8000,random,2,1,5,5,0.1,0.057358
500000,500,294,1000,8000,random,2,1,5,5,0.1,0.057423
500000,500,295,1000,8000,random,2,1,5,5,0.1,0.057987
500000,500,296,1000,8000,random,2,1,5,5,0.1,0.058176
500000,500,297,1000,8000,random,2,1,5,5,0.1,0.05759
500000,500,298,1000,8000,random,2,1,5,5,0.1,0.058116
500000,500,299,1000,8000,random,2,1,5,5,0.1,0.05765
500000,500,300,1000,8000,random,2,1,5,5,0.1,0.057485
500000,500,301,1000,8000,random,2,1,5,5,0.1,0.084963
500000,500,302,1000,8000,random,2,1,5,5,0.1,0.057618
500000,500,303,1000,8000,random,2,1,5,5,0.1,0.057828
500000,500,304,1000,8000,random,2,1,5,5,0.1,0.057984
500000,500,305,1000,8000,random,2,1,5,5,0.1,0.057564
500000,500,306,1000,8000,random,2,1,5,5,0.1,0.05743
500000,500,307,1000,8000,random,2,1,5,5,0.1,0.057256
500000,500,308,1000,8000,random,2,1,5,5,0.1,0.057461
500000,500,309,1000,8000,random,2,1,5,5,0.1,0.059365
500000,500,310,1000,8000,random,2,1,5,5,0.1,0.05905
500000,500,311,1000,8000,random,2,1,5,5,0.1,0.056923
500000,500,312,1000,8000,random,2,1,5,5,0.1,0.057447
500000,500,313,1000,8000,random,2,1,5,5,0.1,0.060448
500000,500,314,1000,8000,random,2,1,5,5,0.1,0.057048
500000,500,315,1000,8000,random,2,1,5,5,0.1,0.057912
500000,500,316,1000,8000,random,2,1,5,5,0.1,0.057487
500000,500,317,1000,8000,random,2,1,5,5,0.1,0.057218
500000,500,318,1000,8000,random,2,1,5,5,0.1,0.059092
500000,500,319,1000,8000,random,2,1,5,5,0.1,0.057169
500000,500,320,1000,8000,random,2,1,5,5,0.1,0.058139
500000,500,321,1000,8000,random,2,1,5,5,0.1,0.057866
500000,500,322,1000,8000,random,2,1,5,5,0.1,0.057414
500000,500,323,1000,8000,random,2,1,5,5,0.1,0.056821
500000,500,324,1000,8000,random,2,1,5,5,0.1,0.057796
500000,500,325,1000,8000,random,2,1,5,5,0.1,0.064366
500000,500,326,1000,8000,random,2,1,5,5,0.1,0.057233
500000,500,327,1000,8000,random,2,1,5,5,0.1,0.057811
500000,500,328,1000,8000,random,2,1,5,5,0.1,0.057724
500000,500,329,1000,8000,random,2,1,5,5,0.1,0.057389
500000,500,330,1000,8000,random,2,1,5,5,0.1,0.058003
500000,500,331,1000,8000,random,2,1,5,5,0.1,0.058752
500000,500,332,1000,8000,random,2,1,5,5,0.1,0.058118
500000,500,333,1000,8000,random,2,1,5,5,0.1,0.058306
500000,500,334,1000,8000,random,2,1,5,5,0.1,0.057449
500000,500,335,1000,8000,random,2,1,5,5,0.1,0.057527
500000,500,336,1000,8000,random,2,1,5,5,0.1,0.061578
500000,500,337,1000,8000,random,2,1,5,5,0.1,0.058041
500000,500,338,1000,8000,random,2,1,5,5,0.1,0.057565
500000,500,339,1000,8000,random,2,1,5,5,0.1,0.057387
500000,500,340,1000,8000,random,2,1,5,5,0.1,0.058919
500000,500,341,1000,8000,random,2,1,5,5,0.1,0.05705
500000,500,342,1000,8000,random,2,1,5,5,0.1,0.057237
500000,500,343,1000,8000,random,2,1,5,5,0.1,0.056851
500000,500,344,1000,8000,random,2,1,5,5,0.1,0.0589
500000,500,345,1000,8000,random,2,1,5,5,0.1,0.057433
500000,500,346,1000,8000,random,2,1,5,5,0.1,0.057608
500000,500,347,1000,8000,random,2,1,5,5,0.1,0.057781
500000,500,348,1000,8000,random,2,1,5,5,0.1,0.089645
500000,500,349,1000,8000,random,2,1,5,5,0.1,0.059911
500000,500,350,1000,8000,random,2,1,5,5,0.1,0.057591
500000,500,351,1000,8000,random,2,1,5,5,0.1,0.057132
500000,500,352,1000,8000,random,2,1,5,5,0.1,0.057683
500000,500,353,1000,8000,random,2,1,5,5,0.1,0.057698
500000,500,354,1000,8000,random,2,1,5,5,0.1,0.057579
500000,500,355,1000,8000,random,2,1,5,5,0.1,0.057206
500000,500,356,1000,8000,random,2,1,5,5,0.1,0.05805
500000,500,357,1000,8000,random,2,1,5,5,0.1,0.057158
500000,500,358,1000,8000,random,2,1,5,5,0.1,0.057167
500000,500,359,1000,8000,random,2,1,5,5,0.1,0.056908
500000,500,360,1000,8000,random,2,1,5,5,0.1,0.05716
500000,500,361,1000,8000,random,2,1,5,5,0.1,0.057371
500000,500,362,1000,8000,random,2,1,5,5,0.1,0.059098
500000,500,363,1000,8000,random,2,1,5,5,0.1,0.057559
500000,500,364,1000,8000,random,2,1,5,5,0.1,0.057825
500000,500,365,1000,8000,random,2,1,5,5,0.1,0.067645
500000,500,366,1000,8000,random,2,1,5,5,0.1,0.05813
500000,500,367,1000,8000,random,2,1,5,5,0.1,0.057347
500000,500,368,1000,8000,random,2,1,5,5,0.1,0.057467
500000,500,369,1000,8000,random,2,1,5,5,0.1,0.057883
500000,500,370,1000,8000,random,2,1,5,5,0.1,0.057112
500000,500,371,1000,8000,random,2,1,5,5,0.1,0.058237
500000,500,372,1000,8000,random,2,1,5,5,0.1,0.057201
500000,500,373,1000,8000,random,2,1,5,5,0.1,0.058561
500000,500,374,1000,8000,random,2,1,5,5,0.1,0.057927
500000,500,375,1000,8000,random,2,1,5,5,0.1,0.057944
500000,500,376,1000,8000,random,2,1,5,5,0.1,0.057674
500000,500,377,1000,8000,random,2,1,5,5,0.1,0.089983
500000,500,378,1000,8000,random,2,1,5,5,0.1,0.057673
500000,500,379,1000,8000,random,2,1,5,5,0.1,0.057406
500000,500,380,1000,8000,random,2,1,5,5,0.1,0.057295
500000,500,381,1000,8000,random,2,1,5,5,0.1,0.057612
500000,500,382,1000,8000,random,2,1,5,5,0.1,0.061702
500000,500,383,1000,8000,random,2,1,5,5,0.1,0.057306
500000,500,384,1000,8000,random,2,1,5,5,0.1,0.057161
500000,500,385,1000,8000,random,2,1,5,5,0.1,0.056937
500000,500,386,1000,8000,random,2,1,5,5,0.1,0.057701
500000,500,387,1000,8000,random,2,1,5,5,0.1,0.057523
500000,500,388,1000,8000,random,2,1,5,5,0.1,0.060707
500000,500,389,1000,8000,random,2,1,5,5,0.1,0.060398
500000,500,390,1000,8000,random,2,1,5,5,0.1,0.057596
500000,500,391,1000,8000,random,2,1,5,5,0.1,0.057428
500000,500,392,1000,8000,random,2,1,5,5,0.1,0.057559
500000,500,393,1000,8000,random,2,1,5,5,0.1,0.05726
500000,500,394,1000,8000,random,2,1,5,5,0.1,0.057876
500000,500,395,1000,8000,random,2,1,5,5,0.1,0.057167
500000,500,396,1000,8000,random,2,1,5,5,0.1,0.057262
500000,500,397,1000,8000,random,2,1,5,5,0.1,0.057351
500000,500,398,1000,8000,random,2,1,5,5,0.1,0.057615
500000,500,399,1000,8000,random,2,1,5,5,0.1,0.058048
500000,500,400,1000,8000,random,2,1,5,5,0.1,0.069466
500000,500,401,1000,8000,random,2,1,5,5,0.1,0.079294
500000,500,402,1000,8000,random,2,1,5,5,0.1,0.057263
500000,500,403,1000,8000,random,2,1,5,5,0.1,0.05766
500000,500,404,1000,8000,random,2,1,5,5,0.1,0.057603
500000,500,405,1000,8000,random,2,1,5,5,0.1,0.058892
500000,500,406,1000,8000,random,2,1,5,5,0.1,0.057431
500000,500,407,1000,8000,random,2,1,5,5,0.1,0.057628
500000,500,408,1000,8000,random,2,1,5,5,0.1,0.056981
500000,500,409,1000,8000,random,2,1,5,5,0.1,0.05702
500000,500,410,1000,8000,random,2,1,5,5,0.1,0.057009
500000,500,411,1000,8000,random,2,1,5,5,0.1,0.057341
500000,500,412,1000,8000,random,2,1,5,5,0.1,0.089612
500000,500,413,1000,8000,random,2,1,5,5,0.1,0.088588
500000,500,414,1000,8000,random,2,1,5,5,0.1,0.05701
500000,500,415,1000,8000,random,2,1,5,5,0.1,0.057608
500000,500,416,1000,8000,random,2,1,5,5,0.1,0.05748
500000,500,417,1000,8000,random,2,1,5,5,0.1,0.059466
500000,500,418,1000,8000,random,2,1,5,5,0.1,0.057048
500000,500,419,1000,8000,random,2,1,5,5,0.1,0.057134
500000,500,420,1000,8000,random,2,1,5,5,0.1,0.057102
500000,500,421,1000,8000,random,2,1,5,5,0.1,0.057059
500000,500,422,1000,8000,random,2,1,5,5,0.1,0.057351
500000,500,423,1000,8000,random,2,1,5,5,0.1,0.0575
500000,500,424,1000,8000,random,2,1,5,5,0.1,0.058408
500000,500,425,1000,8000,random,2,1,5,5,0.1,0.057362
500000,500,426,1000,8000,random,2,1,5,5,0.1,0.057563
500000,500,427,1000,8000,random,2,1,5,5,0.1,0.057259
500000,500,428,1000,8000,random,2,1,5,5,0.1,0.057218
500000,500,429,1000,8000,random,2,1,5,5,0.1,0.087259
500000,500,430,1000,8000,random,2,1,5,5,0.1,0.064478
500000,500,431,1000,8000,random,2,1,5,5,0.1,0.057037
500000,500,432,1000,8000,random,2,1,5,5,0.1,0.059422
500000,500,433,1000,8000,random,2,1,5,5,0.1,0.057272
500000,500,434,1000,8000,random,2,1,5,5,0.1,0.057638
500000,500,435,1000,8000,random,2,1,5,5,0.1,0.057224
500000,500,436,1000,8000,random,2,1,5,5,0.1,0.057045
500000,500,437,1000,8000,random,2,1,5,5,0.1,0.057141
500000,500,438,1000,8000,random,2,1,5,5,0.1,0.057158
500000,500,439,1000,8000,random,2,1,5,5,0.1,0.056748
500000,500,440,1000,8000,random,2,1,5,5,0.1,0.057191
500000,500,441,1000,8000,random,2,1,5,5,0.1,0.060735
500000,500,442,1000,8000,random,2,1,5,5,0.1,0.057998
500000,500,443,1000,8000,random,2,1,5,5,0.1,0.05759
500000,500,444,1000,8000,random,2,1,5,5,0.1,0.057879
500000,500,445,1000,8000,random,2,1,5,5,0.1,0.057766
500000,500,446,1000,8000,random,2,1,5,5,0.1,0.062441
500000,500,447,1000,8000,random,2,1,5,5,0.1,0.057902
500000,500,448,1000,8000,random,2,1,5,5,0.1,0.056985
500000,500,449,1000,8000,random,2,1,5,5,0.1,0.057001
500000,500,450,1000,8000,random,2,1,5,5,0.1,0.057451
500000,500,451,1000,8000,random,2,1,5,5,0.1,0.056866
500000,500,452,1000,8000,random,2,1,5,5,0.1,0.057509
500000,500,453,1000,8000,random,2,1,5,5,0.1,0.059831
500000,500,454,1000,8000,random,2,1,5,5,0.1,0.057347
500000,500,455,1000,8000,random,2,1,5,5,0.1,0.057729
500000,500,456,1000,8000,random,2,1,5,5,0.1,0.057403
500000,500,457,1000,8000,random,2,1,5,5,0.1,0.058107
500000,500,458,1000,8000,random,2,1,5,5,0.1,0.057614
500000,500,459,1000,8000,random,2,1,5,5,0.1,0.057081
500000,500,460,1000,8000,random,2,1,5,5,0.1,0.05734
500000,500,461,1000,8000,random,2,1,5,5,0.1,0.057124
500000,500,462,1000,8000,random,2,1,5,5,0.1,0.057381
500000,500,463,1000,8000,random,2,1,5,5,0.1,0.05758
500000,500,464,1000,8000,random,2,1,5,5,0.1,0.057757
500000,500,465,1000,8000,random,2,1,5,5,0.1,0.058174
500000,500,466,1000,8000,random,2,1,5,5,0.1,0.057525
500000,500,467,1000,8000,random,2,1,5,5,0.1,0.057757
500000,500,468,1000,8000,random,2,1,5,5,0.1,0.057012
500000,500,469,1000,8000,random,2,1,5,5,0.1,0.057456
500000,500,470,1000,8000,random,2,1,5,5,0.1,0.057188
500000,500,471,1000,8000,random,2,1,5,5,0.1,0.057307
500000,500,472,1000,8000,random,2,1,5,5,0.1,0.056935
500000,500,473,1000,8000,random,2,1,5,5,0.1,0.057333
500000,500,474,1000,8000,random,2,1,5,5,0.1,0.057135
500000,500,475,1000,8000,random,2,1,5,5,0.1,0.057242
500000,500,476,1000,8000,random,2,1,5,5,0.1,0.057422
500000,500,477,1000,8000,random,2,1,5,5,0.1,0.088172
500000,500,478,1000,8000,random,2,1,5,5,0.1,0.057134
500000,500,479,1000,8000,random,2,1,5,5,0.1,0.05739
500000,500,480,1000,8000,random,2,1,5,5,0.1,0.058435
500000,500,481,1000,8000,random,2,1,5,5,0.1,0.057119
500000,500,482,1000,8000,random,2,1,5,5,0.1,0.057257
500000,500,483,1000,8000,random,2,1,5,5,0.1,0.057448
500000,500,484,1000,8000,random,2,1,5,5,0.1,0.057878
500000,500,485,1000,8000,random,2,1,5,5,0.1,0.057379
500000,500,486,1000,8000,random,2,1,5,5,0.1,0.057023
500000,500,487,1000,8000,random,2,1,5,5,0.1,0.057055
500000,500,488,1000,8000,random,2,1,5,5,0.1,0.057498
500000,500,489,1000,8000,random,2,1,5,5,0.1,0.056997
500000,500,490,1000,8000,random,2,1,5,5,0.1,0.057017
500000,500,491,1000,8000,random,2,1,5,5,0.1,0.057242
500000,500,492,1000,8000,random,2,1,5,5,0.1,0.057098
500000,500,493,1000,8000,random,2,1,5,5,0.1,0.057921
500000,500,494,1000,8000,random,2,1,5,5,0.1,0.087775
500000,500,495,1000,8000,random,2,1,5,5,0.1,0.057886
500000,500,496,1000,8000,random,2,1,5,5,0.1,0.056901
500000,500,497,1000,8000,random,2,1,5,5,0.1,0.05743
500000,500,498,1000,8000,random,2,1,5,5,0.1,0.058214
500000,500,499,1000,8000,random,2,1,5,5,0.1,0.057222
1000000,10,0,100000,800000,sequential,0,1,1,1,1,0.470525
1000000,10,1,100000,800000,sequential,0,1,1,1,1,0.493723
1000000,10,2,100000,800000,sequential,0,1,1,1,1,0.493631
1000000,10,3,100000,800000,sequential,0,1,1,1,1,0.490758
1000000,10,4,100000,800000,sequential,0,1,1,1,1,0.494614
1000000,10,5,100000,800000,sequential,0,1,1,1,1,0.496426
1000000,10,6,100000,800000,sequential,0,1,1,1,1,0.479044
1000000,10,7,100000,800000,sequential,0,1,1,1,1,0.497698
1000000,10,8,100000,800000,sequential,0,1,1,1,1,0.498231
1000000,10,9,100000,800000,sequential,0,1,1,1,1,0.494769
1000000,10,0,100000,800000,sequential,0,1,5,5,1,1.77206
1000000,10,1,100000,800000,sequential,0,1,5,5,1,1.77343
1000000,10,2,100000,800000,sequential,0,1,5,5,1,1.7666
1000000,10,3,100000,800000,sequential,0,1,5,5,1,1.77327
1000000,10,4,100000,800000,sequential,0,1,5,5,1,1.80155
1000000,10,5,100000,800000,sequential,0,1,5,5,1,1.75953
1000000,10,6,100000,800000,sequential,0,1,5,5,1,1.75953
1000000,10,7,100000,800000,sequential,0,1,5,5,1,1.77042
1000000,10,8,100000,800000,sequential,0,1,5,5,1,1.77143
1000000,10,9,100000,800000,sequential,0,1,5,5,1,1.7573
1000000,10,0,100000,800000,strided,1,8,1,1,0.5,0.740357
1000000,10,1,100000,800000,strided,1,8,1,1,0.5,0.742103
1000000,10,2,100000,800000,strided,1,8,1,1,0.5,0.778538
1000000,10,3,100000,800000,strided,1,8,1,1,0.5,0.742706
1000000,10,4,100000,800000,strided,1,8,1,1,0.5,0.731851
1000000,10,5,100000,800000,strided,1,8,1,1,0.5,0.743043
1000000,10,6,100000,800000,strided,1,8,1,1,0.5,0.734877
1000000,10,7,100000,800000,strided,1,8,1,1,0.5,0.7479
1000000,10,8,100000,800000,strided,1,8,1,1,0.5,0.736483
1000000,10,9,100000,800000,strided,1,8,1,1,0.5,0.733838
1000000,10,0,100000,800000,strided,1,8,5,5,0.5,2.01316
1000000,10,1,100000,800000,strided,1,8,5,5,0.5,2.01932
1000000,10,2,100000,800000,strided,1,8,5,5,0.5,2.03277
1000000,10,3,100000,800000,strided,1,8,5,5,0.5,1.98423
1000000,10,4,100000,800000,strided,1,8,5,5,0.5,1.99927
1000000,10,5,100000,800000,strided,1,8,5,5,0.5,2.01633
1000000,10,6,100000,800000,strided,1,8,5,5,0.5,1.96328
1000000,10,7,100000,800000,strided,1,8,5,5,0.5,2.01274
1000000,10,8,100000,800000,strided,1,8,5,5,0.5,2.01858
1000000,10,9,100000,800000,strided,1,8,5,5,0.5,1.99284
1000000,10,0,100000,800000,random,2,1,1,1,0.1,4.73195
1000000,10,1,100000,800000,random,2,1,1,1,0.1,4.71045
1000000,10,2,100000,800000,random,2,1,1,1,0.1,4.76694
1000000,10,3,100000,800000,random,2,1,1,1,0.1,4.88031
1000000,10,4,100000,800000,random,2,1,1,1,0.1,4.80004
1000000,10,5,100000,800000,random,2,1,1,1,0.1,4.83227
1000000,10,6,100000,800000,random,2,1,1,1,0.1,4.66001
1000000,10,7,100000,800000,random,2,1,1,1,0.1,4.63309
1000000,10,8,100000,800000,random,2,1,1,1,0.1,4.66028
1000000,10,9,100000,800000,random,2,1,1,1,0.1,4.71426
1000000,10,0,100000,800000,random,2,1,5,5,0.1,6.45972
1000000,10,1,100000,800000,random,2,1,5,5,0.1,6.32115
1000000,10,2,100000,800000,random,2,1,5,5,0.1,6.18565
1000000,10,3,100000,800000,random,2,1,5,5,0.1,6.37387
1000000,10,4,100000,800000,random,2,1,5,5,0.1,6.28845
1000000,10,5,100000,800000,random,2,1,5,5,0.1,6.08654
1000000,10,6,100000,800000,random,2,1,5,5,0.1,6.087
1000000,10,7,100000,800000,random,2,1,5,5,0.1,6.25535
1000000,10,8,100000,800000,random,2,1,5,5,0.1,5.92595
1000000,10,9,100000,800000,random,2,1,5,5,0.1,6.06297
1000000,100,0,10000,80000,sequential,0,1,1,1,1,0.047194
1000000,100,1,10000,80000,sequential,0,1,1,1,1,0.048513
1000000,100,2,10000,80000,sequential,0,1,1,1,1,0.049026
1000000,100,3,10000,80000,sequential,0,1,1,1,1,0.048643
1000000,100,4,10000,80000,sequential,0,1,1,1,1,0.061276
1000000,100,5,10000,80000,sequential,0,1,1,1,1,0.048377
1000000,100,6,10000,80000,sequential,0,1,1,1,1,0.049396
1000000,100,7,10000,80000,sequential,0,1,1,1,1,0.049281
1000000,100,8,10000,80000,sequential,0,1,1,1,1,0.049604
1000000,100,9,10000,80000,sequential,0,1,1,1,1,0.04827
1000000,100,10,10000,80000,sequential,0,1,1,1,1,0.046928
1000000,100,11,10000,80000,sequential,0,1,1,1,1,0.048938
1000000,100,12,10000,80000,sequential,0,1,1,1,1,0.047834
1000000,100,13,10000,80000,sequential,0,1,1,1,1,0.047192
1000000,100,14,10000,80000,sequential,0,1,1,1,1,0.049794
1000000,100,15,10000,80000,sequential,0,1,1,1,1,0.049465
1000000,100,16,10000,80000,sequential,0,1,1,1,1,0.049687
1000000,100,17,10000,80000,sequential,0,1,1,1,1,0.04947
1000000,100,18,10000,80000,sequential,0,1,1,1,1,0.047105
1000000,100,19,10000,80000,sequential,0,1,1,1,1,0.04691
1000000,100,20,10000,80000,sequential,0,1,1,1,1,0.049956
1000000,100,21,10000,80000,sequential,0,1,1,1,1,0.049653
1000000,100,22,10000,80000,sequential,0,1,1,1,1,0.049185
1000000,100,23,10000,80000,sequential,0,1,1,1,1,0.049431
1000000,100,24,10000,80000,sequential,0,1,1,1,1,0.046948
1000000,100,25,10000,80000,sequential,0,1,1,1,1,0.046928
1000000,100,26,10000,80000,sequential,0,1,1,1,1,0.049548
1000000,100,27,10000,80000,sequential,0,1,1,1,1,0.049484
1000000,100,28,10000,80000,sequential,0,1,1,1,1,0.049791
1000000,100,29,10000,80000,sequential,0,1,1,1,1,0.049817
1000000,100,30,10000,80000,sequential,0,1,1,1,1,0.046933
1000000,100,31,10000,80000,sequential,0,1,1,1,1,0.048402
1000000,100,32,10000,80000,sequential,0,1,1,1,1,0.049109
1000000,100,33,10000,80000,sequential,0,1,1,1,1,0.049464
1000000,100,34,10000,80000,sequential,0,1,1,1,1,0.049551
1000000,100,35,10000,80000,sequential,0,1,1,1,1,0.049511
1000000,100,36,10000,80000,sequential,0,1,1,1,1,0.049224
1000000,100,37,10000,80000,sequential,0,1,1,1,1,0.047398
1000000,100,38,10000,80000,sequential,0,1,1,1,1,0.049037
1000000,100,39,10000,80000,sequential,0,1,1,1,1,0.049827
1000000,100,40,10000,80000,sequential,0,1,1,1,1,0.049366
1000000,100,41,10000,80000,sequential,0,1,1,1,1,0.04947
1000000,100,42,10000,80000,sequential,0,1,1,1,1,0.049914
1000000,100,43,10000,80000,sequential,0,1,1,1,1,0.047272
1000000,100,44,10000,80000,sequential,0,1,1,1,1,0.049471
1000000,100,45,10000,80000,sequential,0,1,1,1,1,0.047182
1000000,100,46,10000,80000,sequential,0,1,1,1,1,0.049577
1000000,100,47,10000,80000,sequential,0,1,1,1,1,0.049801
1000000,100,48,10000,80000,sequential,0,1,1,1,1,0.049467
1000000,100,49,10000,80000,sequential,0,1,1,1,1,0.048229
1000000,100,50,10000,80000,sequential,0,1,1,1,1,0.049136
1000000,100,51,10000,80000,sequential,0,1,1,1,1,0.04963
1000000,100,52,10000,80000,sequential,0,1,1,1,1,0.047088
1000000,100,53,10000,80000,sequential,0,1,1,1,1,0.047206
1000000,100,54,10000,80000,sequential,0,1,1,1,1,0.049188
1000000,100,55,10000,80000,sequential,0,1,1,1,1,0.048505
1000000,100,56,10000,80000,sequential,0,1,1,1,1,0.048938
1000000,100,57,10000,80000,sequential,0,1,1,1,1,0.074936
1000000,100,58,10000,80000,sequential,0,1,1,1,1,0.047375
1000000,100,59,10000,80000,sequential,0,1,1,1,1,0.049669
1000000,100,60,10000,80000,sequential,0,1,1,1,1,0.049677
1000000,100,61,10000,80000,sequential,0,1,1,1,1,0.049421
1000000,100,62,10000,80000,sequential,0,1,1,1,1,0.049375
1000000,100,63,10000,80000,sequential,0,1,1,1,1,0.049484
1000000,100,64,10000,80000,sequential,0,1,1,1,1,0.047094
1000000,100,65,10000,80000,sequential,0,1,1,1,1,0.049399
1000000,100,66,10000,80000,sequential,0,1,1,1,1,0.049513
1000000,100,67,10000,80000,sequential,0,1,1,1,1,0.049634
1000000,100,68,10000,80000,sequential,0,1,1,1,1,0.049007
1000000,100,69,10000,80000,sequential,0,1,1,1,1,0.049996
1000000,100,70,10000,80000,sequential,0,1,1,1,1,0.054308
1000000,100,71,10000,80000,sequential,0,1,1,1,1,0.049681
1000000,100,72,10000,80000,sequential,0,1,1,1,1,0.049997
1000000,100,73,10000,80000,sequential,0,1,1,1,1,0.049679
1000000,100,74,10000,80000,sequential,0,1,1,1,1,0.049883
1000000,100,75,10000,80000,sequential,0,1,1,1,1,0.049603
1000000,100,76,10000,80000,sequential,0,1,1,1,1,0.083853
1000000,100,77,10000,80000,sequential,0,1,1,1,1,0.047038
1000000,100,78,10000,80000,sequential,0,1,1,1,1,0.049749
1000000,100,79,10000,80000,sequential,0,1,1,1,1,0.048919
1000000,100,80,10000,80000,sequential,0,1,1,1,1,0.049159
1000000,100,81,10000,80000,sequential,0,1,1,1,1,0.049063
1000000,100,82,10000,80000,sequential,0,1,1,1,1,0.049182
1000000,100,83,10000,80000,sequential,0,1,1,1,1,0.048867
1000000,100,84,10000,80000,sequential,0,1,1,1,1,0.048961
1000000,100,85,10000,80000,sequential,0,1,1,1,1,0.065044
1000000,100,86,10000,80000,sequential,0,1,1,1,1,0.057828
1000000,100,87,10000,80000,sequential,0,1,1,1,1,0.047177
1000000,100,88,10000,80000,sequential,0,1,1,1,1,0.049191
1000000,100,89,10000,80000,sequential,0,1,1,1,1,0.049745
1000000,100,90,10000,80000,sequential,0,1,1,1,1,0.048498
1000000,100,91,10000,80000,sequential,0,1,1,1,1,0.055958
1000000,100,92,10000,80000,sequential,0,1,1,1,1,0.048296
1000000,100,93,10000,80000,sequential,0,1,1,1,1,0.046976
1000000,100,94,10000,80000,sequential,0,1,1,1,1,0.04723
1000000,100,95,10000,80000,sequential,0,1,1,1,1,0.047255
1000000,100,96,10000,80000,sequential,0,1,1,1,1,0.046939
1000000,100,97,10000,80000,sequential,0,1,1,1,1,0.084592
1000000,100,98,10000,80000,sequential,0,1,1,1,1,0.047027
1000000,100,99,10000,80000,sequential,0,1,1,1,1,0.046977
1000000,100,0,10000,80000,sequential,0,1,5,5,1,0.228253
1000000,100,1,10000,80000,sequential,0,1,5,5,1,0.177484
1000000,100,2,10000,80000,sequential,0,1,5,5,1,0.176243
1000000,100,3,10000,80000,sequential,0,1,5,5,1,0.176835
1000000,100,4,10000,80000,sequential,0,1,5,5,1,0.174769
1000000,100,5,10000,80000,sequential,0,1,5,5,1,0.170898
1000000,100,6,10000,80000,sequential,0,1,5,5,1,0.181554
1000000,100,7,10000,80000,sequential,0,1,5,5,1,0.178679
1000000,100,8,10000,80000,sequential,0,1,5,5,1,0.17646
1000000,100,9,10000,80000,sequential,0,1,5,5,1,0.181043
1000000,100,10,10000,80000,sequential,0,1,5,5,1,0.174198
1000000,100,11,10000,80000,sequential,0,1,5,5,1,0.176661
1000000,100,12,10000,80000,sequential,0,1,5,5,1,0.174481
1000000,100,13,10000,80000,sequential,0,1,5,5,1,0.179291
1000000,100,14,10000,80000,sequential,0,1,5,5,1,0.176665
1000000,100,15,10000,80000,sequential,0,1,5,5,1,0.176339
1000000,100,16,10000,80000,sequential,0,1,5,5,1,0.179462
1000000,100,17,10000,80000,sequential,0,1,5,5,1,0.176867
1000000,100,18,10000,80000,sequential,0,1,5,5,1,0.179204
1000000,100,19,10000,80000,sequential,0,1,5,5,1,0.175029
1000000,100,20,10000,80000,sequential,0,1,5,5,1,0.179122
1000000,100,21,10000,80000,sequential,0,1,5,5,1,0.181819
1000000,100,22,10000,80000,sequential,0,1,5,5,1,0.175924
1000000,100,23,10000,80000,sequential,0,1,5,5,1,0.178695
1000000,100,24,10000,80000,sequential,0,1,5,5,1,0.174849
1000000,100,25,10000,80000,sequential,0,1,5,5,1,0.175904
1000000,100,26,10000,80000,sequential,0,1,5,5,1,0.17816
1000000,100,27,10000,80000,sequential,0,1,5,5,1,0.18492
1000000,100,28,10000,80000,sequential,0,1,5,5,1,0.178728
1000000,100,29,10000,80000,sequential,0,1,5,5,1,0.174988
1000000,100,30,10000,80000,sequential,0,1,5,5,1,0.185572
1000000,100,31,10000,80000,sequential,0,1,5,5,1,0.17655
1000000,100,32,10000,80000,sequential,0,1,5,5,1,0.177585
1000000,100,33,10000,80000,sequential,0,1,5,5,1,0.177792
1000000,100,34,10000,80000,sequential,0,1,5,5,1,0.175092
1000000,100,35,10000,80000,sequential,0,1,5,5,1,0.17773
1000000,100,36,10000,80000,sequential,0,1,5,5,1,0.174564
1000000,100,37,10000,80000,sequential,0,1,5,5,1,0.176029
1000000,100,38,10000,80000,sequential,0,1,5,5,1,0.176261
1000000,100,39,10000,80000,sequential,0,1,5,5,1,0.176295
1000000,100,40,10000,80000,sequential,0,1,5,5,1,0.176376
1000000,100,41,10000,80000,sequential,0,1,5,5,1,0.177112
1000000,100,42,10000,80000,sequential,0,1,5,5,1,0.17608
1000000,100,43,10000,80000,sequential,0,1,5,5,1,0.175062
1000000,100,44,10000,80000,sequential,0,1,5,5,1,0.182131
1000000,100,45,10000,80000,sequential,0,1,5,5,1,0.177369
1000000,100,46,10000,80000,sequential,0,1,5,5,1,0.17855
1000000,100,47,10000,80000,sequential,0,1,5,5,1,0.175584
1000000,100,48,10000,80000,sequential,0,1,5,5,1,0.17615
1000000,100,49,10000,80000,sequential,0,1,5,5,1,0.178167
1000000,100,50,10000,80000,sequential,0,1,5,5,1,0.1826
1000000,100,51,10000,80000,sequential,0,1,5,5,1,0.175042
1000000,100,52,10000,80000,sequential,0,1,5,5,1,0.17532
1000000,100,53,10000,80000,sequential,0,1,5,5,1,0.175806
1000000,100,54,10000,80000,sequential,0,1,5,5,1,0.166819
1000000,100,55,10000,80000,sequential,0,1,5,5,1,0.171196
1000000,100,56,10000,80000,sequential,0,1,5,5,1,0.17751
1000000,100,57,10000,80000,sequential,0,1,5,5,1,0.176819
1000000,100,58,10000,80000,sequential,0,1,5,5,1,0.175535
1000000,100,59,10000,80000,sequential,0,1,5,5,1,0.177384
1000000,100,60,10000,80000,sequential,0,1,5,5,1,0.177906
1000000,100,61,10000,80000,sequential,0,1,5,5,1,0.176653
1000000,100,62,10000,80000,sequential,0,1,5,5,1,0.177403
1000000,100,63,10000,80000,sequential,0,1,5,5,1,0.174662
1000000,100,64,10000,80000,sequential,0,1,5,5,1,0.175468
1000000,100,65,10000,80000,sequential,0,1,5,5,1,0.179732
1000000,100,66,10000,80000,sequential,0,1,5,5,1,0.177271
1000000,100,67,10000,80000,sequential,0,1,5,5,1,0.1766
1000000,100,68,10000,80000,sequential,0,1,5,5,1,0.178427
1000000,100,69,10000,80000,sequential,0,1,5,5,1,0.174621
1000000,100,70,10000,80000,sequential,0,1,5,5,1,0.179516
1000000,100,71,10000,80000,sequential,0,1,5,5,1,0.177172
1000000,100,72,10000,80000,sequential,0,1,5,5,1,0.175394
1000000,100,73,10000,80000,sequential,0,1,5,5,1,0.177142
1000000,100,74,10000,80000,sequential,0,1,5,5,1,0.179097
1000000,100,75,10000,80000,sequential,0,1,5,5,1,0.175871
1000000,100,76,10000,80000,sequential,0,1,5,5,1,0.176074
1000000,100,77,10000,80000,sequential,0,1,5,5,1,0.178463
1000000,100,78,10000,80000,sequential,0,1,5,5,1,0.175726
1000000,100,79,10000,80000,sequential,0,1,5,5,1,0.177399
1000000,100,80,10000,80000,sequential,0,1,5,5,1,0.17468
1000000,100,81,10000,80000,sequential,0,1,5,5,1,0.176531
1000000,100,82,10000,80000,sequential,0,1,5,5,1,0.178136
1000000,100,83,10000,80000,sequential,0,1,5,5,1,0.176659
1000000,100,84,10000,80000,sequential,0,1,5,5,1,0.175833
1000000,100,85,10000,80000,sequential,0,1,5,5,1,0.177584
1000000,100,86,10000,80000,sequential,0,1,5,5,1,0.177609
1000000,100,87,10000,80000,sequential,0,1,5,5,1,0.177564
1000000,100,88,10000,80000,sequential,0,1,5,5,1,0.177499
1000000,100,89,10000,80000,sequential,0,1,5,5,1,0.181301
1000000,100,90,10000,80000,sequential,0,1,5,5,1,0.177276
1000000,100,91,10000,80000,sequential,0,1,5,5,1,0.175536
1000000,100,92,10000,80000,sequential,0,1,5,5,1,0.17476
1000000,100,93,10000,80000,sequential,0,1,5,5,1,0.176164
1000000,100,94,10000,80000,sequential,0,1,5,5,1,0.172468
1000000,100,95,10000,80000,sequential,0,1,5,5,1,0.176282
1000000,100,96,10000,80000,sequential,0,1,5,5,1,0.176129
1000000,100,97,10000,80000,sequential,0,1,5,5,1,0.174915
1000000,100,98,10000,80000,sequential,0,1,5,5,1,0.177713
1000000,100,99,10000,80000,sequential,0,1,5,5,1,0.177962
1000000,100,0,10000,80000,strided,1,8,1,1,0.5,0.074553
1000000,100,1,10000,80000,strided,1,8,1,1,0.5,0.074452
1000000,100,2,10000,80000,strided,1,8,1,1,0.5,0.074759
1000000,100,3,10000,80000,strided,1,8,1,1,0.5,0.075272
1000000,100,4,10000,80000,strided,1,8,1,1,0.5,0.074354
1000000,100,5,10000,80000,strided,1,8,1,1,0.5,0.074849
1000000,100,6,10000,80000,strided,1,8,1,1,0.5,0.073944
1000000,100,7,10000,80000,strided,1,8,1,1,0.5,0.074157
1000000,100,8,10000,80000,strided,1,8,1,1,0.5,0.075055
1000000,100,9,10000,80000,strided,1,8,1,1,0.5,0.074037
1000000,100,10,10000,80000,strided,1,8,1,1,0.5,0.078115
1000000,100,11,10000,80000,strided,1,8,1,1,0.5,0.07674
1000000,100,12,10000,80000,strided,1,8,1,1,0.5,0.075144
1000000,100,13,10000,80000,strided,1,8,1,1,0.5,0.074299
1000000,100,14,10000,80000,strided,1,8,1,1,0.5,0.074108
1000000,100,15,10000,80000,strided,1,8,1,1,0.5,0.07498
1000000,100,16,10000,80000,strided,1,8,1,1,0.5,0.076383
1000000,100,17,10000,80000,strided,1,8,1,1,0.5,0.073707
1000000,100,18,10000,80000,strided,1,8,1,1,0.5,0.074086
1000000,100,19,10000,80000,strided,1,8,1,1,0.5,0.07424
1000000,100,20,10000,80000,strided,1,8,1,1,0.5,0.074048
1000000,100,21,10000,80000,strided,1,8,1,1,0.5,0.11237
1000000,100,22,10000,80000,strided,1,8,1,1,0.5,0.073672
1000000,100,23,10000,80000,strided,1,8,1,1,0.5,0.074651
1000000,100,24,10000,80000,strided,1,8,1,1,0.5,0.074021
1000000,100,25,10000,80000,strided,1,8,1,1,0.5,0.0739
1000000,100,26,10000,80000,strided,1,8,1,1,0.5,0.074391
1000000,100,27,10000,80000,strided,1,8,1,1,0.5,0.074094
1000000,100,28,10000,80000,strided,1,8,1,1,0.5,0.074482
1000000,100,29,10000,80000,strided,1,8,1,1,0.5,0.074636
1000000,100,30,10000,80000,strided,1,8,1,1,0.5,0.077419
1000000,100,31,10000,80000,strided,1,8,1,1,0.5,0.07507
1000000,100,32,10000,80000,strided,1,8,1,1,0.5,0.074261
1000000,100,33,10000,80000,strided,1,8,1,1,0.5,0.073992
1000000,100,34,10000,80000,strided,1,8,1,1,0.5,0.074495
1000000,100,35,10000,80000,strided,1,8,1,1,0.5,0.075868
1000000,100,36,10000,80000,strided,1,8,1,1,0.5,0.073886
1000000,100,37,10000,80000,strided,1,8,1,1,0.5,0.073992
1000000,100,38,10000,80000,strided,1,8,1,1,0.5,0.074041
1000000,100,39,10000,80000,strided,1,8,1,1,0.5,0.073859
1000000,100,40,10000,80000,strided,1,8,1,1,0.5,0.074211
1000000,100,41,10000,80000,strided,1,8,1,1,0.5,0.074682
1000000,100,42,10000,80000,strided,1,8,1,1,0.5,0.074251
1000000,100,43,10000,80000,strided,1,8,1,1,0.5,0.074497
1000000,100,44,10000,80000,strided,1,8,1,1,0.5,0.074464
1000000,100,45,10000,80000,strided,1,8,1,1,0.5,0.07406
1000000,100,46,10000,80000,strided,1,8,1,1,0.5,0.074082
1000000,100,47,10000,80000,strided,1,8,1,1,0.5,0.077755
1000000,100,48,10000,80000,strided,1,8,1,1,0.5,0.07381
1000000,100,49,10000,80000,strided,1,8,1,1,0.5,0.073752
1000000,100,50,10000,80000,strided,1,8,1,1,0.5,0.074482
1000000,100,51,10000,80000,strided,1,8,1,1,0.5,0.074616
1000000,100,52,10000,80000,strided,1,8,1,1,0.5,0.074653
1000000,100,53,10000,80000,strided,1,8,1,1,0.5,0.075313
1000000,100,54,10000,80000,strided,1,8,1,1,0.5,0.073874
1000000,100,55,10000,80000,strided,1,8,1,1,0.5,0.076038
1000000,100,56,10000,80000,strided,1,8,1,1,0.5,0.07473
1000000,100,57,10000,80000,strided,1,8,1,1,0.5,0.074114
1000000,100,58,10000,80000,strided,1,8,1,1,0.5,0.074822
1000000,100,59,10000,80000,strided,1,8,1,1,0.5,0.074
1000000,100,60,10000,80000,strided,1,8,1,1,0.5,0.074326
1000000,100,61,10000,80000,strided,1,8,1,1,0.5,0.109926
1000000,100,62,10000,80000,strided,1,8,1,1,0.5,0.081403
1000000,100,63,10000,80000,strided,1,8,1,1,0.5,0.075254
1000000,100,64,10000,80000,strided,1,8,1,1,0.5,0.074304
1000000,100,65,10000,80000,strided,1,8,1,1,0.5,0.075169
1000000,100,66,10000,80000,strided,1,8,1,1,0.5,0.075566
1000000,100,67,10000,80000,strided,1,8,1,1,0.5,0.075488
1000000,100,68,10000,80000,strided,1,8,1,1,0.5,0.073833
1000000,100,69,10000,80000,strided,1,8,1,1,0.5,0.074555
1000000,100,70,10000,80000,strided,1,8,1,1,0.5,0.073527
1000000,100,71,10000,80000,strided,1,8,1,1,0.5,0.073905
1000000,100,72,10000,80000,strided,1,8,1,1,0.5,0.127588
1000000,100,73,10000,80000,strided,1,8,1,1,0.5,0.082021
1000000,100,74,10000,80000,strided,1,8,1,1,0.5,0.074344
1000000,100,75,10000,80000,strided,1,8,1,1,0.5,0.074146
1000000,100,76,10000,80000,strided,1,8,1,1,0.5,0.07403
1000000,100,77,10000,80000,strided,1,8,1,1,0.5,0.074001
1000000,100,78,10000,80000,strided,1,8,1,1,0.5,0.075069
1000000,100,79,10000,80000,strided,1,8,1,1,0.5,0.074997
1000000,100,80,10000,80000,strided,1,8,1,1,0.5,0.074114
1000000,100,81,10000,80000,strided,1,8,1,1,0.5,0.074221
1000000,100,82,10000,80000,strided,1,8,1,1,0.5,0.076277
1000000,100,83,10000,80000,strided,1,8,1,1,0.5,0.078157
1000000,100,84,10000,80000,strided,1,8,1,1,0.5,0.075054
1000000,100,85,10000,80000,strided,1,8,1,1,0.5,0.07445
1000000,100,86,10000,80000,strided,1,8,1,1,0.5,0.073838
1000000,100,87,10000,80000,strided,1,8,1,1,0.5,0.076187
1000000,100,88,10000,80000,strided,1,8,1,1,0.5,0.073866
1000000,100,89,10000,80000,strided,1,8,1,1,0.5,0.073727
1000000,100,90,10000,80000,strided,1,8,1,1,0.5,0.073948
1000000,100,91,10000,80000,strided,1,8,1,1,0.5,0.074466
1000000,100,92,10000,80000,strided,1,8,1,1,0.5,0.077089
1000000,100,93,10000,80000,strided,1,8,1,1,0.5,0.074375
1000000,100,94,10000,80000,strided,1,8,1,1,0.5,0.074917
1000000,100,95,10000,80000,strided,1,8,1,1,0.5,0.073095
1000000,100,96,10000,80000,strided,1,8,1,1,0.5,0.073743
1000000,100,97,10000,80000,strided,1,8,1,1,0.5,0.121656
1000000,100,98,10000,80000,strided,1,8,1,1,0.5,0.073737
1000000,100,99,10000,80000,strided,1,8,1,1,0.5,0.073604
1000000,100,0,10000,80000,strided,1,8,5,5,0.5,0.213454
1000000,100,1,10000,80000,strided,1,8,5,5,0.5,0.201165
1000000,100,2,10000,80000,strided,1,8,5,5,0.5,0.200484
1000000,100,3,10000,80000,strided,1,8,5,5,0.5,0.203036
1000000,100,4,10000,80000,strided,1,8,5,5,0.5,0.206642
1000000,100,5,10000,80000,strided,1,8,5,5,0.5,0.198171
1000000,100,6,10000,80000,strided,1,8,5,5,0.5,0.204536
1000000,100,7,10000,80000,strided,1,8,5,5,0.5,0.203081
1000000,100,8,10000,80000,strided,1,8,5,5,0.5,0.201738
1000000,100,9,10000,80000,strided,1,8,5,5,0.5,0.1949
1000000,100,10,10000,80000,strided,1,8,5,5,0.5,0.211563
1000000,100,11,10000,80000,strided,1,8,5,5,0.5,0.20805
1000000,100,12,10000,80000,strided,1,8,5,5,0.5,0.207387
1000000,100,13,10000,80000,strided,1,8,5,5,0.5,0.207789
1000000,100,14,10000,80000,strided,1,8,5,5,0.5,0.206029
1000000,100,15,10000,80000,strided,1,8,5,5,0.5,0.208727
1000000,100,16,10000,80000,strided,1,8,5,5,0.5,0.201949
1000000,100,17,10000,80000,strided,1,8,5,5,0.5,0.20217
1000000,100,18,10000,80000,strided,1,8,5,5,0.5,0.201955
1000000,100,19,10000,80000,strided,1,8,5,5,0.5,0.244434
1000000,100,20,10000,80000,strided,1,8,5,5,0.5,0.19827
1000000,100,21,10000,80000,strided,1,8,5,5,0.5,0.196516
1000000,100,22,10000,80000,strided,1,8,5,5,0.5,0.205697
1000000,100,23,10000,80000,strided,1,8,5,5,0.5,0.207822
1000000,100,24,10000,80000,strided,1,8,5,5,0.5,0.202951
1000000,100,25,10000,80000,strided,1,8,5,5,0.5,0.199423
1000000,100,26,10000,80000,strided,1,8,5,5,0.5,0.202535
1000000,100,27,10000,80000,strided,1,8,5,5,0.5,0.202268
1000000,100,28,10000,80000,strided,1,8,5,5,0.5,0.214214
1000000,100,29,10000,80000,strided,1,8,5,5,0.5,0.203538
1000000,100,30,10000,80000,strided,1,8,5,5,0.5,0.201921
1000000,100,31,10000,80000,strided,1,8,5,5,0.5,0.201055
1000000,100,32,10000,80000,strided,1,8,5,5,0.5,0.204826
1000000,100,33,10000,80000,strided,1,8,5,5,0.5,0.211877
1000000,100,34,10000,80000,strided,1,8,5,5,0.5,0.237056
1000000,100,35,10000,80000,strided,1,8,5,5,0.5,0.314387
1000000,100,36,10000,80000,strided,1,8,5,5,0.5,0.20184
1000000,100,37,10000,80000,strided,1,8,5,5,0.5,0.196017
1000000,100,38,10000,80000,strided,1,8,5,5,0.5,0.314096
1000000,100,39,10000,80000,strided,1,8,5,5,0.5,0.314431
1000000,100,40,10000,80000,strided,1,8,5,5,0.5,0.197594
1000000,100,41,10000,80000,strided,1,8,5,5,0.5,0.231935
1000000,100,42,10000,80000,strided,1,8,5,5,0.5,0.316858
1000000,100,43,10000,80000,strided,1,8,5,5,0.5,0.314734
1000000,100,44,10000,80000,strided,1,8,5,5,0.5,0.201101
1000000,100,45,10000,80000,strided,1,8,5,5,0.5,0.204944
1000000,100,46,10000,80000,strided,1,8,5,5,0.5,0.309983
1000000,100,47,10000,80000,strided,1,8,5,5,0.5,0.311487
1000000,100,48,10000,80000,strided,1,8,5,5,0.5,0.206014
1000000,100,49,10000,80000,strided,1,8,5,5,0.5,0.202564
1000000,100,50,10000,80000,strided,1,8,5,5,0.5,0.310497
1000000,100,51,10000,80000,strided,1,8,5,5,0.5,0.313904
1000000,100,52,10000,80000,strided,1,8,5,5,0.5,0.203909
1000000,100,53,10000,80000,strided,1,8,5,5,0.5,0.202443
1000000,100,54,10000,80000,strided,1,8,5,5,0.5,0.199293
1000000,100,55,10000,80000,strided,1,8,5,5,0.5,0.208433
1000000,100,56,10000,80000,strided,1,8,5,5,0.5,0.204434
1000000,100,57,10000,80000,strided,1,8,5,5,0.5,0.20871
1000000,100,58,10000,80000,strided,1,8,5,5,0.5,0.203728
1000000,100,59,10000,80000,strided,1,8,5,5,0.5,0.202363
1000000,100,60,10000,80000,strided,1,8,5,5,0.5,0.203504
1000000,100,61,10000,80000,strided,1,8,5,5,0.5,0.198789
1000000,100,62,10000,80000,strided,1,8,5,5,0.5,0.310587
1000000,100,63,10000,80000,strided,1,8,5,5,0.5,0.314961
1000000,100,64,10000,80000,strided,1,8,5,5,0.5,0.201006
1000000,100,65,10000,80000,strided,1,8,5,5,0.5,0.210628
1000000,100,66,10000,80000,strided,1,8,5,5,0.5,0.311396
1000000,100,67,10000,80000,strided,1,8,5,5,0.5,0.313996
1000000,100,68,10000,80000,strided,1,8,5,5,0.5,0.202592
1000000,100,69,10000,80000,strided,1,8,5,5,0.5,0.195805
1000000,100,70,10000,80000,strided,1,8,5,5,0.5,0.315983
1000000,100,71,10000,80000,strided,1,8,5,5,0.5,0.309609
1000000,100,72,10000,80000,strided,1,8,5,5,0.5,0.20175
1000000,100,73,10000,80000,strided,1,8,5,5,0.5,0.200528
1000000,100,74,10000,80000,strided,1,8,5,5,0.5,0.310394
1000000,100,75,10000,80000,strided,1,8,5,5,0.5,0.314946
1000000,100,76,10000,80000,strided,1,8,5,5,0.5,0.208007
1000000,100,77,10000,80000,strided,1,8,5,5,0.5,0.210591
1000000,100,78,10000,80000,strided,1,8,5,5,0.5,0.207111
1000000,100,79,10000,80000,strided,1,8,5,5,0.5,0.196577
1000000,100,80,10000,80000,strided,1,8,5,5,0.5,0.194201
1000000,100,81,10000,80000,strided,1,8,5,5,0.5,0.237792
1000000,100,82,10000,80000,strided,1,8,5,5,0.5,0.315112
1000000,100,83,10000,80000,strided,1,8,5,5,0.5,0.206653
1000000,100,84,10000,80000,strided,1,8,5,5,0.5,0.201824
1000000,100,85,10000,80000,strided,1,8,5,5,0.5,0.208399
1000000,100,86,10000,80000,strided,1,8,5,5,0.5,0.31879
1000000,100,87,10000,80000,strided,1,8,5,5,0.5,0.200546
1000000,100,88,10000,80000,strided,1,8,5,5,0.5,0.209934
1000000,100,89,10000,80000,strided,1,8,5,5,0.5,0.241924
1000000,100,90,10000,80000,strided,1,8,5,5,0.5,0.31527
1000000,100,91,10000,80000,strided,1,8,5,5,0.5,0.203736
1000000,100,92,10000,80000,strided,1,8,5,5,0.5,0.202112
1000000,100,93,10000,80000,strided,1,8,5,5,0.5,0.314964
1000000,100,94,10000,80000,strided,1,8,5,5,0.5,0.314335
1000000,100,95,10000,80000,strided,1,8,5,5,0.5,0.202692
1000000,100,96,10000,80000,strided,1,8,5,5,0.5,0.205973
1000000,100,97,10000,80000,strided,1,8,5,5,0.5,0.200843
1000000,100,98,10000,80000,strided,1,8,5,5,0.5,0.320163
1000000,100,99,10000,80000,strided,1,8,5,5,0.5,0.210326
1000000,100,0,10000,80000,random,2,1,1,1,0.1,0.447741
1000000,100,1,10000,80000,random,2,1,1,1,0.1,0.425607
1000000,100,2,10000,80000,random,2,1,1,1,0.1,0.438525
1000000,100,3,10000,80000,random,2,1,1,1,0.1,0.419928
1000000,100,4,10000,80000,random,2,1,1,1,0.1,0.427156
1000000,100,5,10000,80000,random,2,1,1,1,0.1,0.458751
1000000,100,6,10000,80000,random,2,1,1,1,0.1,0.418238
1000000,100,7,10000,80000,random,2,1,1,1,0.1,0.422236
1000000,100,8,10000,80000,random,2,1,1,1,0.1,0.432461
1000000,100,9,10000,80000,random,2,1,1,1,0.1,0.420414
1000000,100,10,10000,80000,random,2,1,1,1,0.1,0.429785
1000000,100,11,10000,80000,random,2,1,1,1,0.1,0.435548
1000000,100,12,10000,80000,random,2,1,1,1,0.1,0.429568
1000000,100,13,10000,80000,random,2,1,1,1,0.1,0.425243
1000000,100,14,10000,80000,random,2,1,1,1,0.1,0.424952
1000000,100,15,10000,80000,random,2,1,1,1,0.1,0.432013
1000000,100,16,10000,80000,random,2,1,1,1,0.1,0.429871
1000000,100,17,10000,80000,random,2,1,1,1,0.1,0.423111
1000000,100,18,10000,80000,random,2,1,1,1,0.1,0.441922
1000000,100,19,10000,80000,random,2,1,1,1,0.1,0.430267
1000000,100,20,10000,80000,random,2,1,1,1,0.1,0.423364
1000000,100,21,10000,80000,random,2,1,1,1,0.1,0.436265
1000000,100,22,10000,80000,random,2,1,1,1,0.1,0.433807
1000000,100,23,10000,80000,random,2,1,1,1,0.1,0.432531
1000000,100,24,10000,80000,random,2,1,1,1,0.1,0.421449
1000000,100,25,10000,80000,random,2,1,1,1,0.1,0.42639
1000000,100,26,10000,80000,random,2,1,1,1,0.1,0.424737
1000000,100,27,10000,80000,random,2,1,1,1,0.1,0.424476
1000000,100,28,10000,80000,random,2,1,1,1,0.1,0.43728
1000000,100,29,10000,80000,random,2,1,1,1,0.1,0.426535
1000000,100,30,10000,80000,random,2,1,1,1,0.1,0.42027
1000000,100,31,10000,80000,random,2,1,1,1,0.1,0.426763
1000000,100,32,10000,80000,random,2,1,1,1,0.1,0.441514
1000000,100,33,10000,80000,random,2,1,1,1,0.1,0.427764
1000000,100,34,10000,80000,random,2,1,1,1,0.1,0.409112
1000000,100,35,10000,80000,random,2,1,1,1,0.1,0.433815
1000000,100,36,10000,80000,random,2,1,1,1,0.1,0.438852
1000000,100,37,10000,80000,random,2,1,1,1,0.1,0.422644
1000000,100,38,10000,80000,random,2,1,1,1,0.1,0.423514
1000000,100,39,10000,80000,random,2,1,1,1,0.1,0.423521
1000000,100,40,10000,80000,random,2,1,1,1,0.1,0.418811
1000000,100,41,10000,80000,random,2,1,1,1,0.1,0.428635
1000000,100,42,10000,80000,random,2,1,1,1,0.1,0.429922
1000000,100,43,10000,80000,random,2,1,1,1,0.1,0.419918
1000000,100,44,10000,80000,random,2,1,1,1,0.1,0.440208
1000000,100,45,10000,80000,random,2,1,1,1,0.1,0.432155
1000000,100,46,10000,80000,random,2,1,1,1,0.1,0.428779
1000000,100,47,10000,80000,random,2,1,1,1,0.1,0.426509
1000000,100,48,10000,80000,random,2,1,1,1,0.1,0.434195
1000000,100,49,10000,80000,random,2,1,1,1,0.1,0.447089
1000000,100,50,10000,80000,random,2,1,1,1,0.1,0.418622
1000000,100,51,10000,80000,random,2,1,1,1,0.1,0.418909
1000000,100,52,10000,80000,random,2,1,1,1,0.1,0.433128
1000000,100,53,10000,80000,random,2,1,1,1,0.1,0.432634
1000000,100,54,10000,80000,random,2,1,1,1,0.1,0.41921
1000000,100,55,10000,80000,random,2,1,1,1,0.1,0.43016
1000000,100,56,10000,80000,random,2,1,1,1,0.1,0.4207
1000000,100,57,10000,80000,random,2,1,1,1,0.1,0.435366
1000000,100,58,10000,80000,random,2,1,1,1,0.1,0.440541
1000000,100,59,10000,80000,random,2,1,1,1,0.1,0.437518
1000000,100,60,10000,80000,random,2,1,1,1,0.1,0.424702
1000000,100,61,10000,80000,random,2,1,1,1,0.1,0.437404
1000000,100,62,10000,80000,random,2,1,1,1,0.1,0.426116
1000000,100,63,10000,80000,random,2,1,1,1,0.1,0.419975
1000000,100,64,10000,80000,random,2,1,1,1,0.1,0.426341
1000000,100,65,10000,80000,random,2,1,1,1,0.1,0.426353
1000000,100,66,10000,80000,random,2,1,1,1,0.1,0.488503
1000000,100,67,10000,80000,random,2,1,1,1,0.1,0.431835
1000000,100,68,10000,80000,random,2,1,1,1,0.1,0.41939
1000000,100,69,10000,80000,random,2,1,1,1,0.1,0.421296
1000000,100,70,10000,80000,random,2,1,1,1,0.1,0.430874
1000000,100,71,10000,80000,random,2,1,1,1,0.1,0.421201
1000000,100,72,10000,80000,random,2,1,1,1,0.1,0.443584
1000000,100,73,10000,80000,random,2,1,1,1,0.1,0.424424
1000000,100,74,10000,80000,random,2,1,1,1,0.1,0.419774
1000000,100,75,10000,80000,random,2,1,1,1,0.1,0.431286
1000000,100,76,10000,80000,random,2,1,1,1,0.1,0.41883
1000000,100,77,10000,80000,random,2,1,1,1,0.1,0.419825
1000000,100,78,10000,80000,random,2,1,1,1,0.1,0.435029
1000000,100,79,10000,80000,random,2,1,1,1,0.1,0.4273
1000000,100,80,10000,80000,random,2,1,1,1,0.1,0.421317
1000000,100,81,10000,80000,random,2,1,1,1,0.1,0.421214
1000000,100,82,10000,80000,random,2,1,1,1,0.1,0.427969
1000000,100,83,10000,80000,random,2,1,1,1,0.1,0.42709
1000000,100,84,10000,80000,random,2,1,1,1,0.1,0.423151
1000000,100,85,10000,80000,random,2,1,1,1,0.1,0.421298
1000000,100,86,10000,80000,random,2,1,1,1,0.1,0.42266
1000000,100,87,10000,80000,random,2,1,1,1,0.1,0.435931
1000000,100,88,10000,80000,random,2,1,1,1,0.1,0.425496
1000000,100,89,10000,80000,random,2,1,1,1,0.1,0.419669
1000000,100,90,10000,80000,random,2,1,1,1,0.1,0.430364
1000000,100,91,10000,80000,random,2,1,1,1,0.1,0.420703
1000000,100,92,10000,80000,random,2,1,1,1,0.1,0.424159
1000000,100,93,10000,80000,random,2,1,1,1,0.1,0.428372
1000000,100,94,10000,80000,random,2,1,1,1,0.1,0.416289
1000000,100,95,10000,80000,random,2,1,1,1,0.1,0.428711
1000000,100,96,10000,80000,random,2,1,1,1,0.1,0.632772
1000000,100,97,10000,80000,random,2,1,1,1,0.1,0.421371
1000000,100,98,10000,80000,random,2,1,1,1,0.1,0.429663
1000000,100,99,10000,80000,random,2,1,1,1,0.1,0.428012
1000000,100,0,10000,80000,random,2,1,5,5,0.1,0.560262
1000000,100,1,10000,80000,random,2,1,5,5,0.1,0.542374
1000000,100,2,10000,80000,random,2,1,5,5,0.1,0.558684
1000000,100,3,10000,80000,random,2,1,5,5,0.1,0.552475
1000000,100,4,10000,80000,random,2,1,5,5,0.1,0.551542
1000000,100,5,10000,80000,random,2,1,5,5,0.1,0.547375
1000000,100,6,10000,80000,random,2,1,5,5,0.1,0.580185
1000000,100,7,10000,80000,random,2,1,5,5,0.1,0.540108
1000000,100,8,10000,80000,random,2,1,5,5,0.1,0.54324
1000000,100,9,10000,80000,random,2,1,5,5,0.1,0.548934
1000000,100,10,10000,80000,random,2,1,5,5,0.1,0.53948
1000000,100,11,10000,80000,random,2,1,5,5,0.1,0.539919
1000000,100,12,10000,80000,random,2,1,5,5,0.1,0.545425
1000000,100,13,10000,80000,random,2,1,5,5,0.1,0.574013
1000000,100,14,10000,80000,random,2,1,5,5,0.1,0.547511
1000000,100,15,10000,80000,random,2,1,5,5,0.1,0.541166
1000000,100,16,10000,80000,random,2,1,5,5,0.1,0.537303
1000000,100,17,10000,80000,random,2,1,5,5,0.1,0.553781
1000000,100,18,10000,80000,random,2,1,5,5,0.1,0.550573
1000000,100,19,10000,80000,random,2,1,5,5,0.1,0.543869
1000000,100,20,10000,80000,random,2,1,5,5,0.1,0.544829
1000000,100,21,10000,80000,random,2,1,5,5,0.1,0.539672
1000000,100,22,10000,80000,random,2,1,5,5,0.1,0.562525
1000000,100,23,10000,80000,random,2,1,5,5,0.1,0.558578
1000000,100,24,10000,80000,random,2,1,5,5,0.1,0.547486
1000000,100,25,10000,80000,random,2,1,5,5,0.1,0.562405
1000000,100,26,10000,80000,random,2,1,5,5,0.1,0.548444
1000000,100,27,10000,80000,random,2,1,5,5,0.1,0.562753
1000000,100,28,10000,80000,random,2,1,5,5,0.1,0.555139
1000000,100,29,10000,80000,random,2,1,5,5,0.1,0.543068
1000000,100,30,10000,80000,random,2,1,5,5,0.1,0.583678
1000000,100,31,10000,80000,random,2,1,5,5,0.1,0.552968
1000000,100,32,10000,80000,random,2,1,5,5,0.1,0.532523
1000000,100,33,10000,80000,random,2,1,5,5,0.1,0.551254
1000000,100,34,10000,80000,random,2,1,5,5,0.1,0.551626
1000000,100,35,10000,80000,random,2,1,5,5,0.1,0.53781
1000000,100,36,10000,80000,random,2,1,5,5,0.1,0.536055
1000000,100,37,10000,80000,random,2,1,5,5,0.1,0.549652
1000000,100,38,10000,80000,random,2,1,5,5,0.1,0.554457
1000000,100,39,10000,80000,random,2,1,5,5,0.1,0.533428
1000000,100,40,10000,80000,random,2,1,5,5,0.1,0.55075
1000000,100,41,10000,80000,random,2,1,5,5,0.1,0.542547
1000000,100,42,10000,80000,random,2,1,5,5,0.1,0.555878
1000000,100,43,10000,80000,random,2,1,5,5,0.1,0.541054
1000000,100,44,10000,80000,random,2,1,5,5,0.1,0.548956
1000000,100,45,10000,80000,random,2,1,5,5,0.1,0.55073
1000000,100,46,10000,80000,random,2,1,5,5,0.1,0.543913
1000000,100,47,10000,80000,random,2,1,5,5,0.1,0.547588
1000000,100,48,10000,80000,random,2,1,5,5,0.1,0.549288
1000000,100,49,10000,80000,random,2,1,5,5,0.1,0.541016
1000000,100,50,10000,80000,random,2,1,5,5,0.1,0.547953
1000000,100,51,10000,80000,random,2,1,5,5,0.1,0.540656
1000000,100,52,10000,80000,random,2,1,5,5,0.1,0.539491
1000000,100,53,10000,80000,random,2,1,5,5,0.1,0.537765
1000000,100,54,10000,80000,random,2,1,5,5,0.1,0.536326
1000000,100,55,10000,80000,random,2,1,5,5,0.1,0.539344
1000000,100,56,10000,80000,random,2,1,5,5,0.1,0.568443
1000000,100,57,10000,80000,random,2,1,5,5,0.1,0.537726
1000000,100,58,10000,80000,random,2,1,5,5,0.1,0.550655
1000000,100,59,10000,80000,random,2,1,5,5,0.1,0.542324
1000000,100,60,10000,80000,random,2,1,5,5,0.1,0.538082
1000000,100,61,10000,80000,random,2,1,5,5,0.1,0.547994
1000000,100,62,10000,80000,random,2,1,5,5,0.1,0.564448
1000000,100,63,10000,80000,random,2,1,5,5,0.1,0.547231
1000000,100,64,10000,80000,random,2,1,5,5,0.1,0.544947
1000000,100,65,10000,80000,random,2,1,5,5,0.1,0.542219
1000000,100,66,10000,80000,random,2,1,5,5,0.1,0.549799
1000000,100,67,10000,80000,random,2,1,5,5,0.1,0.553269
1000000,100,68,10000,80000,random,2,1,5,5,0.1,0.535879
1000000,100,69,10000,80000,random,2,1,5,5,0.1,0.54403
1000000,100,70,10000,80000,random,2,1,5,5,0.1,0.544665
1000000,100,71,10000,80000,random,2,1,5,5,0.1,0.545875
1000000,100,72,10000,80000,random,2,1,5,5,0.1,0.55302
1000000,100,73,10000,80000,random,2,1,5,5,0.1,0.54942
1000000,100,74,10000,80000,random,2,1,5,5,0.1,0.547237
1000000,100,75,10000,80000,random,2,1,5,5,0.1,0.54143
1000000,100,76,10000,80000,random,2,1,5,5,0.1,0.545984
1000000,100,77,10000,80000,random,2,1,5,5,0.1,0.542506
1000000,100,78,10000,80000,random,2,1,5,5,0.1,0.513849
1000000,100,79,10000,80000,random,2,1,5,5,0.1,0.526128
1000000,100,80,10000,80000,random,2,1,5,5,0.1,0.524108
1000000,100,81,10000,80000,random,2,1,5,5,0.1,0.531096
1000000,100,82,10000,80000,random,2,1,5,5,0.1,0.54249
1000000,100,83,10000,80000,random,2,1,5,5,0.1,0.554449
1000000,100,84,10000,80000,random,2,1,5,5,0.1,0.524889
1000000,100,85,10000,80000,random,2,1,5,5,0.1,0.51124
1000000,100,86,10000,80000,random,2,1,5,5,0.1,0.52169
1000000,100,87,10000,80000,random,2,1,5,5,0.1,0.514553
1000000,100,88,10000,80000,random,2,1,5,5,0.1,0.522984
1000000,100,89,10000,80000,random,2,1,5,5,0.1,0.53181
1000000,100,90,10000,80000,random,2,1,5,5,0.1,0.516451
1000000,100,91,10000,80000,random,2,1,5,5,0.1,0.529963
1000000,100,92,10000,80000,random,2,1,5,5,0.1,0.551789
1000000,100,93,10000,80000,random,2,1,5,5,0.1,0.554092
1000000,100,94,10000,80000,random,2,1,5,5,0.1,0.536698
1000000,100,95,10000,80000,random,2,1,5,5,0.1,0.549907
1000000,100,96,10000,80000,random,2,1,5,5,0.1,0.545262
1000000,100,97,10000,80000,random,2,1,5,5,0.1,0.536574
1000000,100,98,10000,80000,random,2,1,5,5,0.1,0.531394
1000000,100,99,10000,80000,random,2,1,5,5,0.1,0.560712
1000000,500,0,2000,16000,sequential,0,1,1,1,1,0.009678
1000000,500,1,2000,16000,sequential,0,1,1,1,1,0.010129
1000000,500,2,2000,16000,sequential,0,1,1,1,1,0.01009
1000000,500,3,2000,16000,sequential,0,1,1,1,1,0.009971
1000000,500,4,2000,16000,sequential,0,1,1,1,1,0.010062
1000000,500,5,2000,16000,sequential,0,1,1,1,1,0.010362
1000000,500,6,2000,16000,sequential,0,1,1,1,1,0.010743
1000000,500,7,2000,16000,sequential,0,1,1,1,1,0.00958
1000000,500,8,2000,16000,sequential,0,1,1,1,1,0.009874
1000000,500,9,2000,16000,sequential,0,1,1,1,1,0.010171
1000000,500,10,2000,16000,sequential,0,1,1,1,1,0.009756
1000000,500,11,2000,16000,sequential,0,1,1,1,1,0.009852
1000000,500,12,2000,16000,sequential,0,1,1,1,1,0.009823
1000000,500,13,2000,16000,sequential,0,1,1,1,1,0.010318
1000000,500,14,2000,16000,sequential,0,1,1,1,1,0.009745
1000000,500,15,2000,16000,sequential,0,1,1,1,1,0.009647
1000000,500,16,2000,16000,sequential,0,1,1,1,1,0.009606
1000000,500,17,2000,16000,sequential,0,1,1,1,1,0.009618
1000000,500,18,2000,16000,sequential,0,1,1,1,1,0.009761
1000000,500,19,2000,16000,sequential,0,1,1,1,1,0.009986
1000000,500,20,2000,16000,sequential,0,1,1,1,1,0.01008
1000000,500,21,2000,16000,sequential,0,1,1,1,1,0.010188
1000000,500,22,2000,16000,sequential,0,1,1,1,1,0.009672
1000000,500,23,2000,16000,sequential,0,1,1,1,1,0.010235
1000000,500,24,2000,16000,sequential,0,1,1,1,1,0.009696
1000000,500,25,2000,16000,sequential,0,1,1,1,1,0.010133
1000000,500,26,2000,16000,sequential,0,1,1,1,1,0.009801
1000000,500,27,2000,16000,sequential,0,1,1,1,1,0.010011
1000000,500,28,2000,16000,sequential,0,1,1,1,1,0.010175
1000000,500,29,2000,16000,sequential,0,1,1,1,1,0.009707
1000000,500,30,2000,16000,sequential,0,1,1,1,1,0.010023
1000000,500,31,2000,16000,sequential,0,1,1,1,1,0.009767
1000000,500,32,2000,16000,sequential,0,1,1,1,1,0.00995
1000000,500,33,2000,16000,sequential,0,1,1,1,1,0.00992
1000000,500,34,2000,16000,sequential,0,1,1,1,1,0.010088
1000000,500,35,2000,16000,sequential,0,1,1,1,1,0.009741
1000000,500,36,2000,16000,sequential,0,1,1,1,1,0.009981
1000000,500,37,2000,16000,sequential,0,1,1,1,1,0.010204
1000000,500,38,2000,16000,sequential,0,1,1,1,1,0.009599
1000000,500,39,2000,16000,sequential,0,1,1,1,1,0.009862
1000000,500,40,2000,16000,sequential,0,1,1,1,1,0.010006
1000000,500,41,2000,16000,sequential,0,1,1,1,1,0.009808
1000000,500,42,2000,16000,sequential,0,1,1,1,1,0.009696
1000000,500,43,2000,16000,sequential,0,1,1,1,1,0.009751
1000000,500,44,2000,16000,sequential,0,1,1,1,1,0.009998
1000000,500,45,2000,16000,sequential,0,1,1,1,1,0.010386
1000000,500,46,2000,16000,sequential,0,1,1,1,1,0.009904
1000000,500,47,2000,16000,sequential,0,1,1,1,1,0.010135
1000000,500,48,2000,16000,sequential,0,1,1,1,1,0.010028
1000000,500,49,2000,16000,sequential,0,1,1,1,1,0.010025
1000000,500,50,2000,16000,sequential,0,1,1,1,1,0.010013
1000000,500,51,2000,16000,sequential,0,1,1,1,1,0.009668
1000000,500,52,2000,16000,sequential,0,1,1,1,1,0.00959
1000000,500,53,2000,16000,sequential,0,1,1,1,1,0.01009
1000000,500,54,2000,16000,sequential,0,1,1,1,1,0.010056
1000000,500,55,2000,16000,sequential,0,1,1,1,1,0.010078
1000000,500,56,2000,16000,sequential,0,1,1,1,1,0.010212
1000000,500,57,2000,16000,sequential,0,1,1,1,1,0.009965
1000000,500,58,2000,16000,sequential,0,1,1,1,1,0.009636
1000000,500,59,2000,16000,sequential,0,1,1,1,1,0.009963
1000000,500,60,2000,16000,sequential,0,1,1,1,1,0.009817
1000000,500,61,2000,16000,sequential,0,1,1,1,1,0.009746
1000000,500,62,2000,16000,sequential,0,1,1,1,1,0.010024
1000000,500,63,2000,16000,sequential,0,1,1,1,1,0.010106
1000000,500,64,2000,16000,sequential,0,1,1,1,1,0.009762
1000000,500,65,2000,16000,sequential,0,1,1,1,1,0.009751
1000000,500,66,2000,16000,sequential,0,1,1,1,1,0.009963
1000000,500,67,2000,16000,sequential,0,1,1,1,1,0.009815
1000000,500,68,2000,16000,sequential,0,1,1,1,1,0.00997
1000000,500,69,2000,16000,sequential,0,1,1,1,1,0.009946
1000000,500,70,2000,16000,sequential,0,1,1,1,1,0.009985
1000000,500,71,2000,16000,sequential,0,1,1,1,1,0.00985
1000000,500,72,2000,16000,sequential,0,1,1,1,1,0.009769
1000000,500,73,2000,16000,sequential,0,1,1,1,1,0.010079
1000000,500,74,2000,16000,sequential,0,1,1,1,1,0.009706
1000000,500,75,2000,16000,sequential,0,1,1,1,1,0.009813
1000000,500,76,2000,16000,sequential,0,1,1,1,1,0.010394
1000000,500,77,2000,16000,sequential,0,1,1,1,1,0.010151
1000000,500,78,2000,16000,sequential,0,1,1,1,1,0.009775
1000000,500,79,2000,16000,sequential,0,1,1,1,1,0.009539
1000000,500,80,2000,16000,sequential,0,1,1,1,1,0.010128
1000000,500,81,2000,16000,sequential,0,1,1,1,1,0.01005
1000000,500,82,2000,16000,sequential,0,1,1,1,1,0.010088
1000000,500,83,2000,16000,sequential,0,1,1,1,1,0.009875
1000000,500,84,2000,16000,sequential,0,1,1,1,1,0.010037
1000000,500,85,2000,16000,sequential,0,1,1,1,1,0.010438
1000000,500,86,2000,16000,sequential,0,1,1,1,1,0.010168
1000000,500,87,2000,16000,sequential,0,1,1,1,1,0.009653
1000000,500,88,2000,16000,sequential,0,1,1,1,1,0.009228
1000000,500,89,2000,16000,sequential,0,1,1,1,1,0.009767
1000000,500,90,2000,16000,sequential,0,1,1,1,1,0.010186
1000000,500,91,2000,16000,sequential,0,1,1,1,1,0.010099
1000000,500,92,2000,16000,sequential,0,1,1,1,1,0.0101
1000000,500,93,2000,16000,sequential,0,1,1,1,1,0.010127
1000000,500,94,2000,16000,sequential,0,1,1,1,1,0.009595
1000000,500,95,2000,16000,sequential,0,1,1,1,1,0.009759
1000000,500,96,2000,16000,sequential,0,1,1,1,1,0.009674
1000000,500,97,2000,16000,sequential,0,1,1,1,1,0.009975
1000000,500,98,2000,16000,sequential,0,1,1,1,1,0.00988
1000000,500,99,2000,16000,sequential,0,1,1,1,1,0.010001
1000000,500,100,2000,16000,sequential,0,1,1,1,1,0.009977
1000000,500,101,2000,16000,sequential,0,1,1,1,1,0.00979
1000000,500,102,2000,16000,sequential,0,1,1,1,1,0.00979
1000000,500,103,2000,16000,sequential,0,1,1,1,1,0.009587
1000000,500,104,2000,16000,sequential,0,1,1,1,1,0.009831
1000000,500,105,2000,16000,sequential,0,1,1,1,1,0.009977
1000000,500,106,2000,16000,sequential,0,1,1,1,1,0.010064
1000000,500,107,2000,16000,sequential,0,1,1,1,1,0.010061
1000000,500,108,2000,16000,sequential,0,1,1,1,1,0.009762
1000000,500,109,2000,16000,sequential,0,1,1,1,1,0.01002
1000000,500,110,2000,16000,sequential,0,1,1,1,1,0.009693
1000000,500,111,2000,16000,sequential,0,1,1,1,1,0.010004
1000000,500,112,2000,16000,sequential,0,1,1,1,1,0.010067
1000000,500,113,2000,16000,sequential,0,1,1,1,1,0.010148
1000000,500,114,2000,16000,sequential,0,1,1,1,1,0.009926
1000000,500,115,2000,16000,sequential,0,1,1,1,1,0.009689
1000000,500,116,2000,16000,sequential,0,1,1,1,1,0.009796
1000000,500,117,2000,16000,sequential,0,1,1,1,1,0.009606
1000000,500,118,2000,16000,sequential,0,1,1,1,1,0.009856
1000000,500,119,2000,16000,sequential,0,1,1,1,1,0.010202
1000000,500,120,2000,16000,sequential,0,1,1,1,1,0.010137
1000000,500,121,2000,16000,sequential,0,1,1,1,1,0.010031
1000000,500,122,2000,16000,sequential,0,1,1,1,1,0.010053
1000000,500,123,2000,16000,sequential,0,1,1,1,1,0.009598
1000000,500,124,2000,16000,sequential,0,1,1,1,1,0.009774
1000000,500,125,2000,16000,sequential,0,1,1,1,1,0.009839
1000000,500,126,2000,16000,sequential,0,1,1,1,1,0.009878
1000000,500,127,2000,16000,sequential,0,1,1,1,1,0.00988
1000000,500,128,2000,16000,sequential,0,1,1,1,1,0.00997
1000000,500,129,2000,16000,sequential,0,1,1,1,1,0.010229
1000000,500,130,2000,16000,sequential,0,1,1,1,1,0.009689
1000000,500,131,2000,16000,sequential,0,1,1,1,1,0.009938
1000000,500,132,2000,16000,sequential,0,1,1,1,1,0.009903
1000000,500,133,2000,16000,sequential,0,1,1,1,1,0.010103
1000000,500,134,2000,16000,sequential,0,1,1,1,1,0.010371
1000000,500,135,2000,16000,sequential,0,1,1,1,1,0.0101
1000000,500,136,2000,16000,sequential,0,1,1,1,1,0.010058
1000000,500,137,2000,16000,sequential,0,1,1,1,1,0.009601
1000000,500,138,2000,16000,sequential,0,1,1,1,1,0.009908
1000000,500,139,2000,16000,sequential,0,1,1,1,1,0.009765
1000000,500,140,2000,16000,sequential,0,1,1,1,1,0.00999
1000000,500,141,2000,16000,sequential,0,1,1,1,1,0.010137
1000000,500,142,2000,16000,sequential,0,1,1,1,1,0.009929
1000000,500,143,2000,16000,sequential,0,1,1,1,1,0.010035
1000000,500,144,2000,16000,sequential,0,1,1,1,1,0.009578
1000000,500,145,2000,16000,sequential,0,1,1,1,1,0.010021
1000000,500,146,2000,16000,sequential,0,1,1,1,1,0.010114
1000000,500,147,2000,16000,sequential,0,1,1,1,1,0.010154
1000000,500,148,2000,16000,sequential,0,1,1,1,1,0.010078
1000000,500,149,2000,16000,sequential,0,1,1,1,1,0.010942
1000000,500,150,2000,16000,sequential,0,1,1,1,1,0.009979
1000000,500,151,2000,16000,sequential,0,1,1,1,1,0.009625
1000000,500,152,2000,16000,sequential,0,1,1,1,1,0.009828
1000000,500,153,2000,16000,sequential,0,1,1,1,1,0.009858
1000000,500,154,2000,16000,sequential,0,1,1,1,1,0.009615
1000000,500,155,2000,16000,sequential,0,1,1,1,1,0.009976
1000000,500,156,2000,16000,sequential,0,1,1,1,1,0.009915
1000000,500,157,2000,16000,sequential,0,1,1,1,1,0.009998
1000000,500,158,2000,16000,sequential,0,1,1,1,1,0.010388
1000000,500,159,2000,16000,sequential,0,1,1,1,1,0.009581
1000000,500,160,2000,16000,sequential,0,1,1,1,1,0.009707
1000000,500,161,2000,16000,sequential,0,1,1,1,1,0.010101
1000000,500,162,2000,16000,sequential,0,1,1,1,1,0.009904
1000000,500,163,2000,16000,sequential,0,1,1,1,1,0.010043
1000000,500,164,2000,16000,sequential,0,1,1,1,1,0.009846
1000000,500,165,2000,16000,sequential,0,1,1,1,1,0.010014
1000000,500,166,2000,16000,sequential,0,1,1,1,1,0.009514
1000000,500,167,2000,16000,sequential,0,1,1,1,1,0.009742
1000000,500,168,2000,16000,sequential,0,1,1,1,1,0.009861
1000000,500,169,2000,16000,sequential,0,1,1,1,1,0.010133
1000000,500,170,2000,16000,sequential,0,1,1,1,1,0.009832
1000000,500,171,2000,16000,sequential,0,1,1,1,1,0.009899
1000000,500,172,2000,16000,sequential,0,1,1,1,1,0.010137
1000000,500,173,2000,16000,sequential,0,1,1,1,1,0.009695
1000000,500,174,2000,16000,sequential,0,1,1,1,1,0.009912
1000000,500,175,2000,16000,sequential,0,1,1,1,1,0.010181
1000000,500,176,2000,16000,sequential,0,1,1,1,1,0.009905
1000000,500,177,2000,16000,sequential,0,1,1,1,1,0.010147
1000000,500,178,2000,16000,sequential,0,1,1,1,1,0.010367
1000000,500,179,2000,16000,sequential,0,1,1,1,1,0.010201
1000000,500,180,2000,16000,sequential,0,1,1,1,1,0.009698
1000000,500,181,2000,16000,sequential,0,1,1,1,1,0.00993
1000000,500,182,2000,16000,sequential,0,1,1,1,1,0.01001
1000000,500,183,2000,16000,sequential,0,1,1,1,1,0.010191
1000000,500,184,2000,16000,sequential,0,1,1,1,1,0.010251
1000000,500,185,2000,16000,sequential,0,1,1,1,1,0.009855
1000000,500,186,2000,16000,sequential,0,1,1,1,1,0.010089
1000000,500,187,2000,16000,sequential,0,1,1,1,1,0.009751
1000000,500,188,2000,16000,sequential,0,1,1,1,1,0.009637
1000000,500,189,2000,16000,sequential,0,1,1,1,1,0.009607
1000000,500,190,2000,16000,sequential,0,1,1,1,1,0.009772
1000000,500,191,2000,16000,sequential,0,1,1,1,1,0.009945
1000000,500,192,2000,16000,sequential,0,1,1,1,1,0.009906
1000000,500,193,2000,16000,sequential,0,1,1,1,1,0.010013
1000000,500,194,2000,16000,sequential,0,1,1,1,1,0.010937
1000000,500,195,2000,16000,sequential,0,1,1,1,1,0.00997
1000000,500,196,2000,16000,sequential,0,1,1,1,1,0.009602
1000000,500,197,2000,16000,sequential,0,1,1,1,1,0.009606
1000000,500,198,2000,16000,sequential,0,1,1,1,1,0.010097
1000000,500,199,2000,16000,sequential,0,1,1,1,1,0.009963
1000000,500,200,2000,16000,sequential,0,1,1,1,1,0.010137
1000000,500,201,2000,16000,sequential,0,1,1,1,1,0.009955
1000000,500,202,2000,16000,sequential,0,1,1,1,1,0.009743
1000000,500,203,2000,16000,sequential,0,1,1,1,1,0.009582
1000000,500,204,2000,16000,sequential,0,1,1,1,1,0.00981
1000000,500,205,2000,16000,sequential,0,1,1,1,1,0.010119
1000000,500,206,2000,16000,sequential,0,1,1,1,1,0.009726
1000000,500,207,2000,16000,sequential,0,1,1,1,1,0.010217
1000000,500,208,2000,16000,sequential,0,1,1,1,1,0.010008
1000000,500,209,2000,16000,sequential,0,1,1,1,1,0.009815
1000000,500,210,2000,16000,sequential,0,1,1,1,1,0.009572
1000000,500,211,2000,16000,sequential,0,1,1,1,1,0.009679
1000000,500,212,2000,16000,sequential,0,1,1,1,1,0.010765
1000000,500,213,2000,16000,sequential,0,1,1,1,1,0.010128
1000000,500,214,2000,16000,sequential,0,1,1,1,1,0.010105
1000000,500,215,2000,16000,sequential,0,1,1,1,1,0.009993
1000000,500,216,2000,16000,sequential,0,1,1,1,1,0.009795
1000000,500,217,2000,16000,sequential,0,1,1,1,1,0.009798
1000000,500,218,2000,16000,sequential,0,1,1,1,1,0.009828
1000000,500,219,2000,16000,sequential,0,1,1,1,1,0.010028
1000000,500,220,2000,16000,sequential,0,1,1,1,1,0.010128
1000000,500,221,2000,16000,sequential,0,1,1,1,1,0.009842
1000000,500,222,2000,16000,sequential,0,1,1,1,1,0.010206
1000000,500,223,2000,16000,sequential,0,1,1,1,1,0.010405
1000000,500,224,2000,16000,sequential,0,1,1,1,1,0.009769
1000000,500,225,2000,16000,sequential,0,1,1,1,1,0.00987
1000000,500,226,2000,16000,sequential,0,1,1,1,1,0.00971
1000000,500,227,2000,16000,sequential,0,1,1,1,1,0.010431
1000000,500,228,2000,16000,sequential,0,1,1,1,1,0.010022
1000000,500,229,2000,16000,sequential,0,1,1,1,1,0.009887
1000000,500,230,2000,16000,sequential,0,1,1,1,1,0.009941
1000000,500,231,2000,16000,sequential,0,1,1,1,1,0.010041
1000000,500,232,2000,16000,sequential,0,1,1,1,1,0.009914
1000000,500,233,2000,16000,sequential,0,1,1,1,1,0.009678
1000000,500,234,2000,16000,sequential,0,1,1,1,1,0.009883
1000000,500,235,2000,16000,sequential,0,1,1,1,1,0.009951
1000000,500,236,2000,16000,sequential,0,1,1,1,1,0.009834
1000000,500,237,2000,16000,sequential,0,1,1,1,1,0.010119
1000000,500,238,2000,16000,sequential,0,1,1,1,1,0.009888
1000000,500,239,2000,16000,sequential,0,1,1,1,1,0.009598
1000000,500,240,2000,16000,sequential,0,1,1,1,1,0.009606
1000000,500,241,2000,16000,sequential,0,1,1,1,1,0.009747
1000000,500,242,2000,16000,sequential,0,1,1,1,1,0.01007
1000000,500,243,2000,16000,sequential,0,1,1,1,1,0.010027
1000000,500,244,2000,16000,sequential,0,1,1,1,1,0.009887
1000000,500,245,2000,16000,sequential,0,1,1,1,1,0.009757
1000000,500,246,2000,16000,sequential,0,1,1,1,1,0.009777
1000000,500,247,2000,16000,sequential,0,1,1,1,1,0.01027
1000000,500,248,2000,16000,sequential,0,1,1,1,1,0.009785
1000000,500,249,2000,16000,sequential,0,1,1,1,1,0.010051
1000000,500,250,2000,16000,sequential,0,1,1,1,1,0.009571
1000000,500,251,2000,16000,sequential,0,1,1,1,1,0.009757
1000000,500,252,2000,16000,sequential,0,1,1,1,1,0.009999
1000000,500,253,2000,16000,sequential,0,1,1,1,1,0.009573
1000000,500,254,2000,16000,sequential,0,1,1,1,1,0.010029
1000000,500,255,2000,16000,sequential,0,1,1,1,1,0.010011
1000000,500,256,2000,16000,sequential,0,1,1,1,1,0.010132
1000000,500,257,2000,16000,sequential,0,1,1,1,1,0.010287
1000000,500,258,2000,16000,sequential,0,1,1,1,1,0.010257
1000000,500,259,2000,16000,sequential,0,1,1,1,1,0.010269
1000000,500,260,2000,16000,sequential,0,1,1,1,1,0.010242
1000000,500,261,2000,16000,sequential,0,1,1,1,1,0.00967
1000000,500,262,2000,16000,sequential,0,1,1,1,1,0.009867
1000000,500,263,2000,16000,sequential,0,1,1,1,1,0.010098
1000000,500,264,2000,16000,sequential,0,1,1,1,1,0.009992
1000000,500,265,2000,16000,sequential,0,1,1,1,1,0.009956
1000000,500,266,2000,16000,sequential,0,1,1,1,1,0.01001
1000000,500,267,2000,16000,sequential,0,1,1,1,1,0.009852
1000000,500,268,2000,16000,sequential,0,1,1,1,1,0.009536
1000000,500,269,2000,16000,sequential,0,1,1,1,1,0.009569
1000000,500,270,2000,16000,sequential,0,1,1,1,1,0.009681
1000000,500,271,2000,16000,sequential,0,1,1,1,1,0.009529
1000000,500,272,2000,16000,sequential,0,1,1,1,1,0.009713
1000000,500,273,2000,16000,sequential,0,1,1,1,1,0.009706
1000000,500,274,2000,16000,sequential,0,1,1,1,1,0.00958
1000000,500,275,2000,16000,sequential,0,1,1,1,1,0.009481
1000000,500,276,2000,16000,sequential,0,1,1,1,1,0.009762
1000000,500,277,2000,16000,sequential,0,1,1,1,1,0.009425
1000000,500,278,2000,16000,sequential,0,1,1,1,1,0.009522
1000000,500,279,2000,16000,sequential,0,1,1,1,1,0.00957
1000000,500,280,2000,16000,sequential,0,1,1,1,1,0.009605
1000000,500,281,2000,16000,sequential,0,1,1,1,1,0.009928
1000000,500,282,2000,16000,sequential,0,1,1,1,1,0.009564
1000000,500,283,2000,16000,sequential,0,1,1,1,1,0.009588
1000000,500,284,2000,16000,sequential,0,1,1,1,1,0.009747
1000000,500,285,2000,16000,sequential,0,1,1,1,1,0.010112
1000000,500,286,2000,16000,sequential,0,1,1,1,1,0.009963
1000000,500,287,2000,16000,sequential,0,1,1,1,1,0.009994
1000000,500,288,2000,16000,sequential,0,1,1,1,1,0.009902
1000000,500,289,2000,16000,sequential,0,1,1,1,1,0.009786
1000000,500,290,2000,16000,sequential,0,1,1,1,1,0.009789
1000000,500,291,2000,16000,sequential,0,1,1,1,1,0.009957
1000000,500,292,2000,16000,sequential,0,1,1,1,1,0.010028
1000000,500,293,2000,16000,sequential,0,1,1,1,1,0.010113
1000000,500,294,2000,16000,sequential,0,1,1,1,1,0.010038
1000000,500,295,2000,16000,sequential,0,1,1,1,1,0.010022
1000000,500,296,2000,16000,sequential,0,1,1,1,1,0.009832
1000000,500,297,2000,16000,sequential,0,1,1,1,1,0.009628
1000000,500,298,2000,16000,sequential,0,1,1,1,1,0.009678
1000000,500,299,2000,16000,sequential,0,1,1,1,1,0.009848
1000000,500,300,2000,16000,sequential,0,1,1,1,1,0.01017
1000000,500,301,2000,16000,sequential,0,1,1,1,1,0.010331
1000000,500,302,2000,16000,sequential,0,1,1,1,1,0.010133
1000000,500,303,2000,16000,sequential,0,1,1,1,1,0.010108
1000000,500,304,2000,16000,sequential,0,1,1,1,1,0.01009
1000000,500,305,2000,16000,sequential,0,1,1,1,1,0.009871
1000000,500,306,2000,16000,sequential,0,1,1,1,1,0.009904
1000000,500,307,2000,16000,sequential,0,1,1,1,1,0.010109
1000000,500,308,2000,16000,sequential,0,1,1,1,1,0.010377
1000000,500,309,2000,16000,sequential,0,1,1,1,1,0.010163
1000000,500,310,2000,16000,sequential,0,1,1,1,1,0.010146
1000000,500,311,2000,16000,sequential,0,1,1,1,1,0.010023
1000000,500,312,2000,16000,sequential,0,1,1,1,1,0.009807
1000000,500,313,2000,16000,sequential,0,1,1,1,1,0.010024
1000000,500,314,2000,16000,sequential,0,1,1,1,1,0.010133
1000000,500,315,2000,16000,sequential,0,1,1,1,1,0.009962
1000000,500,316,2000,16000,sequential,0,1,1,1,1,0.010185
1000000,500,317,2000,16000,sequential,0,1,1,1,1,0.011151
1000000,500,318,2000,16000,sequential,0,1,1,1,1,0.010237
1000000,500,319,2000,16000,sequential,0,1,1,1,1,0.009971
1000000,500,320,2000,16000,sequential,0,1,1,1,1,0.010128
1000000,500,321,2000,16000,sequential,0,1,1,1,1,0.010004
1000000,500,322,2000,16000,sequential,0,1,1,1,1,0.010219
1000000,500,323,2000,16000,sequential,0,1,1,1,1,0.010105
1000000,500,324,2000,16000,sequential,0,1,1,1,1,0.010101
1000000,500,325,2000,16000,sequential,0,1,1,1,1,0.010034
1000000,500,326,2000,16000,sequential,0,1,1,1,1,0.009738
1000000,500,327,2000,16000,sequential,0,1,1,1,1,0.010068
1000000,500,328,2000,16000,sequential,0,1,1,1,1,0.009748
1000000,500,329,2000,16000,sequential,0,1,1,1,1,0.009649
1000000,500,330,2000,16000,sequential,0,1,1,1,1,0.010056
1000000,500,331,2000,16000,sequential,0,1,1,1,1,0.010074
1000000,500,332,2000,16000,sequential,0,1,1,1,1,0.009703
1000000,500,333,2000,16000,sequential,0,1,1,1,1,0.009857
1000000,500,334,2000,16000,sequential,0,1,1,1,1,0.009936
1000000,500,335,2000,16000,sequential,0,1,1,1,1,0.010305
1000000,500,336,2000,16000,sequential,0,1,1,1,1,0.010003
1000000,500,337,2000,16000,sequential,0,1,1,1,1,0.01018
1000000,500,338,2000,16000,sequential,0,1,1,1,1,0.010153
1000000,500,339,2000,16000,sequential,0,1,1,1,1,0.010124
1000000,500,340,2000,16000,sequential,0,1,1,1,1,0.009443
1000000,500,341,2000,16000,sequential,0,1,1,1,1,0.01014
1000000,500,342,2000,16000,sequential,0,1,1,1,1,0.009844
1000000,500,343,2000,16000,sequential,0,1,1,1,1,0.010184
1000000,500,344,2000,16000,sequential,0,1,1,1,1,0.010049
1000000,500,345,2000,16000,sequential,0,1,1,1,1,0.009987
1000000,500,346,2000,16000,sequential,0,1,1,1,1,0.00992
1000000,500,347,2000,16000,sequential,0,1,1,1,1,0.00992
1000000,500,348,2000,16000,sequential,0,1,1,1,1,0.009709
1000000,500,349,2000,16000,sequential,0,1,1,1,1,0.010091
1000000,500,350,2000,16000,sequential,0,1,1,1,1,0.010263
1000000,500,351,2000,16000,sequential,0,1,1,1,1,0.009961
1000000,500,352,2000,16000,sequential,0,1,1,1,1,0.009877
1000000,500,353,2000,16000,sequential,0,1,1,1,1,0.010392
1000000,500,354,2000,16000,sequential,0,1,1,1,1,0.009707
1000000,500,355,2000,16000,sequential,0,1,1,1,1,0.009687
1000000,500,356,2000,16000,sequential,0,1,1,1,1,0.010109
1000000,500,357,2000,16000,sequential,0,1,1,1,1,0.010277
1000000,500,358,2000,16000,sequential,0,1,1,1,1,0.009997
1000000,500,359,2000,16000,sequential,0,1,1,1,1,0.01003
1000000,500,360,2000,16000,sequential,0,1,1,1,1,0.010144
1000000,500,361,2000,16000,sequential,0,1,1,1,1,0.010169
1000000,500,362,2000,16000,sequential,0,1,1,1,1,0.009652
1000000,500,363,2000,16000,sequential,0,1,1,1,1,0.009944
1000000,500,364,2000,16000,sequential,0,1,1,1,1,0.010278
1000000,500,365,2000,16000,sequential,0,1,1,1,1,0.010065
1000000,500,366,2000,16000,sequential,0,1,1,1,1,0.010001
1000000,500,367,2000,16000,sequential,0,1,1,1,1,0.010159
1000000,500,368,2000,16000,sequential,0,1,1,1,1,0.009781
1000000,500,369,2000,16000,sequential,0,1,1,1,1,0.00983
1000000,500,370,2000,16000,sequential,0,1,1,1,1,0.009541
1000000,500,371,2000,16000,sequential,0,1,1,1,1,0.009899
1000000,500,372,2000,16000,sequential,0,1,1,1,1,0.010008
1000000,500,373,2000,16000,sequential,0,1,1,1,1,0.010174
1000000,500,374,2000,16000,sequential,0,1,1,1,1,0.009912
1000000,500,375,2000,16000,sequential,0,1,1,1,1,0.010192
1000000,500,376,2000,16000,sequential,0,1,1,1,1,0.009894
1000000,500,377,2000,16000,sequential,0,1,1,1,1,0.009673
1000000,500,378,2000,16000,sequential,0,1,1,1,1,0.009794
1000000,500,379,2000,16000,sequential,0,1,1,1,1,0.009983
1000000,500,380,2000,16000,sequential,0,1,1,1,1,0.010276
1000000,500,381,2000,16000,sequential,0,1,1,1,1,0.009958
1000000,500,382,2000,16000,sequential,0,1,1,1,1,0.010106
1000000,500,383,2000,16000,sequential,0,1,1,1,1,0.009663
1000000,500,384,2000,16000,sequential,0,1,1,1,1,0.00959
1000000,500,385,2000,16000,sequential,0,1,1,1,1,0.009851
1000000,500,386,2000,16000,sequential,0,1,1,1,1,0.009953
1000000,500,387,2000,16000,sequential,0,1,1,1,1,0.010082
1000000,500,388,2000,16000,sequential,0,1,1,1,1,0.009997
1000000,500,389,2000,16000,sequential,0,1,1,1,1,0.01004
1000000,500,390,2000,16000,sequential,0,1,1,1,1,0.012969
1000000,500,391,2000,16000,sequential,0,1,1,1,1,0.009585
1000000,500,392,2000,16000,sequential,0,1,1,1,1,0.009954
1000000,500,393,2000,16000,sequential,0,1,1,1,1,0.009932
1000000,500,394,2000,16000,sequential,0,1,1,1,1,0.010049
1000000,500,395,2000,16000,sequential,0,1,1,1,1,0.009724
1000000,500,396,2000,16000,sequential,0,1,1,1,1,0.010029
1000000,500,397,2000,16000,sequential,0,1,1,1,1,0.009659
1000000,500,398,2000,16000,sequential,0,1,1,1,1,0.009875
1000000,500,399,2000,16000,sequential,0,1,1,1,1,0.010139
1000000,500,400,2000,16000,sequential,0,1,1,1,1,0.009895
1000000,500,401,2000,16000,sequential,0,1,1,1,1,0.010223
1000000,500,402,2000,16000,sequential,0,1,1,1,1,0.009849
1000000,500,403,2000,16000,sequential,0,1,1,1,1,0.009916
1000000,500,404,2000,16000,sequential,0,1,1,1,1,0.010016
1000000,500,405,2000,16000,sequential,0,1,1,1,1,0.009764
1000000,500,406,2000,16000,sequential,0,1,1,1,1,0.009598
1000000,500,407,2000,16000,sequential,0,1,1,1,1,0.010332
1000000,500,408,2000,16000,sequential,0,1,1,1,1,0.009911
1000000,500,409,2000,16000,sequential,0,1,1,1,1,0.010012
1000000,500,410,2000,16000,sequential,0,1,1,1,1,0.009773
1000000,500,411,2000,16000,sequential,0,1,1,1,1,0.010041
1000000,500,412,2000,16000,sequential,0,1,1,1,1,0.00977
1000000,500,413,2000,16000,sequential,0,1,1,1,1,0.009663
1000000,500,414,2000,16000,sequential,0,1,1,1,1,0.009737
1000000,500,415,2000,16000,sequential,0,1,1,1,1,0.01029
1000000,500,416,2000,16000,sequential,0,1,1,1,1,0.010219
1000000,500,417,2000,16000,sequential,0,1,1,1,1,0.010214
1000000,500,418,2000,16000,sequential,0,1,1,1,1,0.010274
1000000,500,419,2000,16000,sequential,0,1,1,1,1,0.009655
1000000,500,420,2000,16000,sequential,0,1,1,1,1,0.009819
1000000,500,421,2000,16000,sequential,0,1,1,1,1,0.009871
1000000,500,422,2000,16000,sequential,0,1,1,1,1,0.009959
1000000,500,423,2000,16000,sequential,0,1,1,1,1,0.010242
1000000,500,424,2000,16000,sequential,0,1,1,1,1,0.00988
1000000,500,425,2000,16000,sequential,0,1,1,1,1,0.010211
1000000,500,426,2000,16000,sequential,0,1,1,1,1,0.009792
1000000,500,427,2000,16000,sequential,0,1,1,1,1,0.009754
1000000,500,428,2000,16000,sequential,0,1,1,1,1,0.010319
1000000,500,429,2000,16000,sequential,0,1,1,1,1,0.009957
1000000,500,430,2000,16000,sequential,0,1,1,1,1,0.010355
1000000,500,431,2000,16000,sequential,0,1,1,1,1,0.010103
1000000,500,432,2000,16000,sequential,0,1,1,1,1,0.009976
1000000,500,433,2000,16000,sequential,0,1,1,1,1,0.009618
1000000,500,434,2000,16000,sequential,0,1,1,1,1,0.009536
1000000,500,435,2000,16000,sequential,0,1,1,1,1,0.010161
1000000,500,436,2000,16000,sequential,0,1,1,1,1,0.010194
1000000,500,437,2000,16000,sequential,0,1,1,1,1,0.009973
1000000,500,438,2000,16000,sequential,0,1,1,1,1,0.009924
1000000,500,439,2000,16000,sequential,0,1,1,1,1,0.00989
1000000,500,440,2000,16000,sequential,0,1,1,1,1,0.010174
1000000,500,441,2000,16000,sequential,0,1,1,1,1,0.009532
1000000,500,442,2000,16000,sequential,0,1,1,1,1,0.009703
1000000,500,443,2000,16000,sequential,0,1,1,1,1,0.009717
1000000,500,444,2000,16000,sequential,0,1,1,1,1,0.00984
1000000,500,445,2000,16000,sequential,0,1,1,1,1,0.009877
1000000,500,446,2000,16000,sequential,0,1,1,1,1,0.009945
1000000,500,447,2000,16000,sequential,0,1,1,1,1,0.010184
1000000,500,448,2000,16000,sequential,0,1,1,1,1,0.009646
1000000,500,449,2000,16000,sequential,0,1,1,1,1,0.009905
1000000,500,450,2000,16000,sequential,0,1,1,1,1,0.00961
1000000,500,451,2000,16000,sequential,0,1,1,1,1,0.00954
1000000,500,452,2000,16000,sequential,0,1,1,1,1,0.009979
1000000,500,453,2000,16000,sequential,0,1,1,1,1,0.009902
1000000,500,454,2000,16000,sequential,0,1,1,1,1,0.009986
1000000,500,455,2000,16000,sequential,0,1,1,1,1,0.009632
1000000,500,456,2000,16000,sequential,0,1,1,1,1,0.00955
1000000,500,457,2000,16000,sequential,0,1,1,1,1,0.009843
1000000,500,458,2000,16000,sequential,0,1,1,1,1,0.009874
1000000,500,459,2000,16000,sequential,0,1,1,1,1,0.009675
1000000,500,460,2000,16000,sequential,0,1,1,1,1,0.009856
1000000,500,461,2000,16000,sequential,0,1,1,1,1,0.009865
1000000,500,462,2000,16000,sequential,0,1,1,1,1,0.009995
1000000,500,463,2000,16000,sequential,0,1,1,1,1,0.009829
1000000,500,464,2000,16000,sequential,0,1,1,1,1,0.009598
1000000,500,465,2000,16000,sequential,0,1,1,1,1,0.009783
1000000,500,466,2000,16000,sequential,0,1,1,1,1,0.00974
1000000,500,467,2000,16000,sequential,0,1,1,1,1,0.009585
1000000,500,468,2000,16000,sequential,0,1,1,1,1,0.009769
1000000,500,469,2000,16000,sequential,0,1,1,1,1,0.00937
1000000,500,470,2000,16000,sequential,0,1,1,1,1,0.009746
1000000,500,471,2000,16000,sequential,0,1,1,1,1,0.009571
1000000,500,472,2000,16000,sequential,0,1,1,1,1,0.009893
1000000,500,473,2000,16000,sequential,0,1,1,1,1,0.009761
1000000,500,474,2000,16000,sequential,0,1,1,1,1,0.00957
1000000,500,475,2000,16000,sequential,0,1,1,1,1,0.009586
1000000,500,476,2000,16000,sequential,0,1,1,1,1,0.009799
1000000,500,477,2000,16000,sequential,0,1,1,1,1,0.009579
1000000,500,478,2000,16000,sequential,0,1,1,1,1,0.009715
1000000,500,479,2000,16000,sequential,0,1,1,1,1,0.009663
1000000,500,480,2000,16000,sequential,0,1,1,1,1,0.009565
1000000,500,481,2000,16000,sequential,0,1,1,1,1,0.009576
1000000,500,482,2000,16000,sequential,0,1,1,1,1,0.009545
1000000,500,483,2000,16000,sequential,0,1,1,1,1,0.01065
1000000,500,484,2000,16000,sequential,0,1,1,1,1,0.00946
1000000,500,485,2000,16000,sequential,0,1,1,1,1,0.009656
1000000,500,486,2000,16000,sequential,0,1,1,1,1,0.009467
1000000,500,487,2000,16000,sequential,0,1,1,1,1,0.009596
1000000,500,488,2000,16000,sequential,0,1,1,1,1,0.009507
1000000,500,489,2000,16000,sequential,0,1,1,1,1,0.00953
1000000,500,490,2000,16000,sequential,0,1,1,1,1,0.00961
1000000,500,491,2000,16000,sequential,0,1,1,1,1,0.009652
1000000,500,492,2000,16000,sequential,0,1,1,1,1,0.009532
1000000,500,493,2000,16000,sequential,0,1,1,1,1,0.009536
1000000,500,494,2000,16000,sequential,0,1,1,1,1,0.009608
1000000,500,495,2000,16000,sequential,0,1,1,1,1,0.009664
1000000,500,496,2000,16000,sequential,0,1,1,1,1,0.009781
1000000,500,497,2000,16000,sequential,0,1,1,1,1,0.009578
1000000,500,498,2000,16000,sequential,0,1,1,1,1,0.009741
1000000,500,499,2000,16000,sequential,0,1,1,1,1,0.009441
1000000,500,0,2000,16000,sequential,0,1,5,5,1,0.035157
1000000,500,1,2000,16000,sequential,0,1,5,5,1,0.035565
1000000,500,2,2000,16000,sequential,0,1,5,5,1,0.035524
1000000,500,3,2000,16000,sequential,0,1,5,5,1,0.035534
1000000,500,4,2000,16000,sequential,0,1,5,5,1,0.036407
1000000,500,5,2000,16000,sequential,0,1,5,5,1,0.035371
1000000,500,6,2000,16000,sequential,0,1,5,5,1,0.035194
1000000,500,7,2000,16000,sequential,0,1,5,5,1,0.035374
1000000,500,8,2000,16000,sequential,0,1,5,5,1,0.034177
1000000,500,9,2000,16000,sequential,0,1,5,5,1,0.033801
1000000,500,10,2000,16000,sequential,0,1,5,5,1,0.036418
1000000,500,11,2000,16000,sequential,0,1,5,5,1,0.035496
1000000,500,12,2000,16000,sequential,0,1,5,5,1,0.035324
1000000,500,13,2000,16000,sequential,0,1,5,5,1,0.035346
1000000,500,14,2000,16000,sequential,0,1,5,5,1,0.035299
1000000,500,15,2000,16000,sequential,0,1,5,5,1,0.035299
1000000,500,16,2000,16000,sequential,0,1,5,5,1,0.054954
1000000,500,17,2000,16000,sequential,0,1,5,5,1,0.035303
1000000,500,18,2000,16000,sequential,0,1,5,5,1,0.035447
1000000,500,19,2000,16000,sequential,0,1,5,5,1,0.035358
1000000,500,20,2000,16000,sequential,0,1,5,5,1,0.035688
1000000,500,21,2000,16000,sequential,0,1,5,5,1,0.035511
1000000,500,22,2000,16000,sequential,0,1,5,5,1,0.03632
1000000,500,23,2000,16000,sequential,0,1,5,5,1,0.035238
1000000,500,24,2000,16000,sequential,0,1,5,5,1,0.035201
1000000,500,25,2000,16000,sequential,0,1,5,5,1,0.035302
1000000,500,26,2000,16000,sequential,0,1,5,5,1,0.035919
1000000,500,27,2000,16000,sequential,0,1,5,5,1,0.035453
1000000,500,28,2000,16000,sequential,0,1,5,5,1,0.035394
1000000,500,29,2000,16000,sequential,0,1,5,5,1,0.035788
1000000,500,30,2000,16000,sequential,0,1,5,5,1,0.035108
1000000,500,31,2000,16000,sequential,0,1,5,5,1,0.035154
1000000,500,32,2000,16000,sequential,0,1,5,5,1,0.03537
1000000,500,33,2000,16000,sequential,0,1,5,5,1,0.035584
1000000,500,34,2000,16000,sequential,0,1,5,5,1,0.035117
1000000,500,35,2000,16000,sequential,0,1,5,5,1,0.03536
1000000,500,36,2000,16000,sequential,0,1,5,5,1,0.03553
1000000,500,37,2000,16000,sequential,0,1,5,5,1,0.037512
1000000,500,38,2000,16000,sequential,0,1,5,5,1,0.035546
1000000,500,39,2000,16000,sequential,0,1,5,5,1,0.035121
1000000,500,40,2000,16000,sequential,0,1,5,5,1,0.03564
1000000,500,41,2000,16000,sequential,0,1,5,5,1,0.035335
1000000,500,42,2000,16000,sequential,0,1,5,5,1,0.035167
1000000,500,43,2000,16000,sequential,0,1,5,5,1,0.035447
1000000,500,44,2000,16000,sequential,0,1,5,5,1,0.035572
1000000,500,45,2000,16000,sequential,0,1,5,5,1,0.035322
1000000,500,46,2000,16000,sequential,0,1,5,5,1,0.035345
1000000,500,47,2000,16000,sequential,0,1,5,5,1,0.035445
1000000,500,48,2000,16000,sequential,0,1,5,5,1,0.035348
1000000,500,49,2000,16000,sequential,0,1,5,5,1,0.035412
1000000,500,50,2000,16000,sequential,0,1,5,5,1,0.035157
1000000,500,51,2000,16000,sequential,0,1,5,5,1,0.035091
1000000,500,52,2000,16000,sequential,0,1,5,5,1,0.035275
1000000,500,53,2000,16000,sequential,0,1,5,5,1,0.035203
1000000,500,54,2000,16000,sequential,0,1,5,5,1,0.036558
1000000,500,55,2000,16000,sequential,0,1,5,5,1,0.035369
1000000,500,56,2000,16000,sequential,0,1,5,5,1,0.035261
1000000,500,57,2000,16000,sequential,0,1,5,5,1,0.035551
1000000,500,58,2000,16000,sequential,0,1,5,5,1,0.035934
1000000,500,59,2000,16000,sequential,0,1,5,5,1,0.03526
1000000,500,60,2000,16000,sequential,0,1,5,5,1,0.035828
1000000,500,61,2000,16000,sequential,0,1,5,5,1,0.035581
1000000,500,62,2000,16000,sequential,0,1,5,5,1,0.03587
1000000,500,63,2000,16000,sequential,0,1,5,5,1,0.039254
1000000,500,64,2000,16000,sequential,0,1,5,5,1,0.035005
1000000,500,65,2000,16000,sequential,0,1,5,5,1,0.035343
1000000,500,66,2000,16000,sequential,0,1,5,5,1,0.0354
1000000,500,67,2000,16000,sequential,0,1,5,5,1,0.035334
1000000,500,68,2000,16000,sequential,0,1,5,5,1,0.035193
1000000,500,69,2000,16000,sequential,0,1,5,5,1,0.035236
1000000,500,70,2000,16000,sequential,0,1,5,5,1,0.034826
1000000,500,71,2000,16000,sequential,0,1,5,5,1,0.035153
1000000,500,72,2000,16000,sequential,0,1,5,5,1,0.035447
1000000,500,73,2000,16000,sequential,0,1,5,5,1,0.035423
1000000,500,74,2000,16000,sequential,0,1,5,5,1,0.035465
1000000,500,75,2000,16000,sequential,0,1,5,5,1,0.035203
1000000,500,76,2000,16000,sequential,0,1,5,5,1,0.035658
1000000,500,77,2000,16000,sequential,0,1,5,5,1,0.035331
1000000,500,78,2000,16000,sequential,0,1,5,5,1,0.035079
1000000,500,79,2000,16000,sequential,0,1,5,5,1,0.035279
1000000,500,80,2000,16000,sequential,0,1,5,5,1,0.035334
1000000,500,81,2000,16000,sequential,0,1,5,5,1,0.035417
1000000,500,82,2000,16000,sequential,0,1,5,5,1,0.035379
1000000,500,83,2000,16000,sequential,0,1,5,5,1,0.035338
1000000,500,84,2000,16000,sequential,0,1,5,5,1,0.035411
1000000,500,85,2000,16000,sequential,0,1,5,5,1,0.035444
1000000,500,86,2000,16000,sequential,0,1,5,5,1,0.035608
1000000,500,87,2000,16000,sequential,0,1,5,5,1,0.036438
1000000,500,88,2000,16000,sequential,0,1,5,5,1,0.035227
1000000,500,89,2000,16000,sequential,0,1,5,5,1,0.035305
1000000,500,90,2000,16000,sequential,0,1,5,5,1,0.035401
1000000,500,91,2000,16000,sequential,0,1,5,5,1,0.035369
1000000,500,92,2000,16000,sequential,0,1,5,5,1,0.035531
1000000,500,93,2000,16000,sequential,0,1,5,5,1,0.03503
1000000,500,94,2000,16000,sequential,0,1,5,5,1,0.035447
1000000,500,95,2000,16000,sequential,0,1,5,5,1,0.03656
1000000,500,96,2000,16000,sequential,0,1,5,5,1,0.035632
1000000,500,97,2000,16000,sequential,0,1,5,5,1,0.03616
1000000,500,98,2000,16000,sequential,0,1,5,5,1,0.035113
1000000,500,99,2000,16000,sequential,0,1,5,5,1,0.035447
1000000,500,100,2000,16000,sequential,0,1,5,5,1,0.035288
1000000,500,101,2000,16000,sequential,0,1,5,5,1,0.035357
1000000,500,102,2000,16000,sequential,0,1,5,5,1,0.035251
1000000,500,103,2000,16000,sequential,0,1,5,5,1,0.035156
1000000,500,104,2000,16000,sequential,0,1,5,5,1,0.035192
1000000,500,105,2000,16000,sequential,0,1,5,5,1,0.035348
1000000,500,106,2000,16000,sequential,0,1,5,5,1,0.035052
1000000,500,107,2000,16000,sequential,0,1,5,5,1,0.035176
1000000,500,108,2000,16000,sequential,0,1,5,5,1,0.035349
1000000,500,109,2000,16000,sequential,0,1,5,5,1,0.035979
1000000,500,110,2000,16000,sequential,0,1,5,5,1,0.035464
1000000,500,111,2000,16000,sequential,0,1,5,5,1,0.035436
1000000,500,112,2000,16000,sequential,0,1,5,5,1,0.035091
1000000,500,113,2000,16000,sequential,0,1,5,5,1,0.035453
1000000,500,114,2000,16000,sequential,0,1,5,5,1,0.035394
1000000,500,115,2000,16000,sequential,0,1,5,5,1,0.035537
1000000,500,116,2000,16000,sequential,0,1,5,5,1,0.035375
1000000,500,117,2000,16000,sequential,0,1,5,5,1,0.035362
1000000,500,118,2000,16000,sequential,0,1,5,5,1,0.035584
1000000,500,119,2000,16000,sequential,0,1,5,5,1,0.035544
1000000,500,120,2000,16000,sequential,0,1,5,5,1,0.038067
1000000,500,121,2000,16000,sequential,0,1,5,5,1,0.036032
1000000,500,122,2000,16000,sequential,0,1,5,5,1,0.035377
1000000,500,123,2000,16000,sequential,0,1,5,5,1,0.035773
1000000,500,124,2000,16000,sequential,0,1,5,5,1,0.036287
1000000,500,125,2000,16000,sequential,0,1,5,5,1,0.035566
1000000,500,126,2000,16000,sequential,0,1,5,5,1,0.035407
1000000,500,127,2000,16000,sequential,0,1,5,5,1,0.035322
1000000,500,128,2000,16000,sequential,0,1,5,5,1,0.035289
1000000,500,129,2000,16000,sequential,0,1,5,5,1,0.035162
1000000,500,130,2000,16000,sequential,0,1,5,5,1,0.035343
1000000,500,131,2000,16000,sequential,0,1,5,5,1,0.035368
1000000,500,132,2000,16000,sequential,0,1,5,5,1,0.035072
1000000,500,133,2000,16000,sequential,0,1,5,5,1,0.035228
1000000,500,134,2000,16000,sequential,0,1,5,5,1,0.035345
1000000,500,135,2000,16000,sequential,0,1,5,5,1,0.035449
1000000,500,136,2000,16000,sequential,0,1,5,5,1,0.035288
1000000,500,137,2000,16000,sequential,0,1,5,5,1,0.035313
1000000,500,138,2000,16000,sequential,0,1,5,5,1,0.035243
1000000,500,139,2000,16000,sequential,0,1,5,5,1,0.035365
1000000,500,140,2000,16000,sequential,0,1,5,5,1,0.035653
1000000,500,141,2000,16000,sequential,0,1,5,5,1,0.03542
1000000,500,142,2000,16000,sequential,0,1,5,5,1,0.035527
1000000,500,143,2000,16000,sequential,0,1,5,5,1,0.033451
1000000,500,144,2000,16000,sequential,0,1,5,5,1,0.033667
1000000,500,145,2000,16000,sequential,0,1,5,5,1,0.033778
1000000,500,146,2000,16000,sequential,0,1,5,5,1,0.035251
1000000,500,147,2000,16000,sequential,0,1,5,5,1,0.033859
1000000,500,148,2000,16000,sequential,0,1,5,5,1,0.033496
1000000,500,149,2000,16000,sequential,0,1,5,5,1,0.035164
1000000,500,150,2000,16000,sequential,0,1,5,5,1,0.036425
1000000,500,151,2000,16000,sequential,0,1,5,5,1,0.035156
1000000,500,152,2000,16000,sequential,0,1,5,5,1,0.035389
1000000,500,153,2000,16000,sequential,0,1,5,5,1,0.035229
1000000,500,154,2000,16000,sequential,0,1,5,5,1,0.035217
1000000,500,155,2000,16000,sequential,0,1,5,5,1,0.035436
1000000,500,156,2000,16000,sequential,0,1,5,5,1,0.035322
1000000,500,157,2000,16000,sequential,0,1,5,5,1,0.035498
1000000,500,158,2000,16000,sequential,0,1,5,5,1,0.036237
1000000,500,159,2000,16000,sequential,0,1,5,5,1,0.0351
1000000,500,160,2000,16000,sequential,0,1,5,5,1,0.035384
1000000,500,161,2000,16000,sequential,0,1,5,5,1,0.035405
1000000,500,162,2000,16000,sequential,0,1,5,5,1,0.034984
1000000,500,163,2000,16000,sequential,0,1,5,5,1,0.035458
1000000,500,164,2000,16000,sequential,0,1,5,5,1,0.035403
1000000,500,165,2000,16000,sequential,0,1,5,5,1,0.035224
1000000,500,166,2000,16000,sequential,0,1,5,5,1,0.035277
1000000,500,167,2000,16000,sequential,0,1,5,5,1,0.035589
1000000,500,168,2000,16000,sequential,0,1,5,5,1,0.035268
1000000,500,169,2000,16000,sequential,0,1,5,5,1,0.035412
1000000,500,170,2000,16000,sequential,0,1,5,5,1,0.035275
1000000,500,171,2000,16000,sequential,0,1,5,5,1,0.035263
1000000,500,172,2000,16000,sequential,0,1,5,5,1,0.03559
1000000,500,173,2000,16000,sequential,0,1,5,5,1,0.036327
1000000,500,174,2000,16000,sequential,0,1,5,5,1,0.03565
1000000,500,175,2000,16000,sequential,0,1,5,5,1,0.035479
1000000,500,176,2000,16000,sequential,0,1,5,5,1,0.035421
1000000,500,177,2000,16000,sequential,0,1,5,5,1,0.035924
1000000,500,178,2000,16000,sequential,0,1,5,5,1,0.035424
1000000,500,179,2000,16000,sequential,0,1,5,5,1,0.03541
1000000,500,180,2000,16000,sequential,0,1,5,5,1,0.03602
1000000,500,181,2000,16000,sequential,0,1,5,5,1,0.035237
1000000,500,182,2000,16000,sequential,0,1,5,5,1,0.035292
1000000,500,183,2000,16000,sequential,0,1,5,5,1,0.035071
1000000,500,184,2000,16000,sequential,0,1,5,5,1,0.036592
1000000,500,185,2000,16000,sequential,0,1,5,5,1,0.035554
1000000,500,186,2000,16000,sequential,0,1,5,5,1,0.03572
1000000,500,187,2000,16000,sequential,0,1,5,5,1,0.036452
1000000,500,188,2000,16000,sequential,0,1,5,5,1,0.035695
1000000,500,189,2000,16000,sequential,0,1,5,5,1,0.035524
1000000,500,190,2000,16000,sequential,0,1,5,5,1,0.03515
1000000,500,191,2000,16000,sequential,0,1,5,5,1,0.03557
1000000,500,192,2000,16000,sequential,0,1,5,5,1,0.035458
1000000,500,193,2000,16000,sequential,0,1,5,5,1,0.035195
1000000,500,194,2000,16000,sequential,0,1,5,5,1,0.035668
1000000,500,195,2000,16000,sequential,0,1,5,5,1,0.035566
1000000,500,196,2000,16000,sequential,0,1,5,5,1,0.0359
1000000,500,197,2000,16000,sequential,0,1,5,5,1,0.035552
1000000,500,198,2000,16000,sequential,0,1,5,5,1,0.035436
1000000,500,199,2000,16000,sequential,0,1,5,5,1,0.035156
1000000,500,200,2000,16000,sequential,0,1,5,5,1,0.035829
1000000,500,201,2000,16000,sequential,0,1,5,5,1,0.035409
1000000,500,202,2000,16000,sequential,0,1,5,5,1,0.035304
1000000,500,203,2000,16000,sequential,0,1,5,5,1,0.035574
1000000,500,204,2000,16000,sequential,0,1,5,5,1,0.03536
1000000,500,205,2000,16000,sequential,0,1,5,5,1,0.035966
1000000,500,206,2000,16000,sequential,0,1,5,5,1,0.036721
1000000,500,207,2000,16000,sequential,0,1,5,5,1,0.035112
1000000,500,208,2000,16000,sequential,0,1,5,5,1,0.035112
1000000,500,209,2000,16000,sequential,0,1,5,5,1,0.036392
1000000,500,210,2000,16000,sequential,0,1,5,5,1,0.035522
1000000,500,211,2000,16000,sequential,0,1,5,5,1,0.035667
1000000,500,212,2000,16000,sequential,0,1,5,5,1,0.035552
1000000,500,213,2000,16000,sequential,0,1,5,5,1,0.036073
1000000,500,214,2000,16000,sequential,0,1,5,5,1,0.03536
1000000,500,215,2000,16000,sequential,0,1,5,5,1,0.035365
1000000,500,216,2000,16000,sequential,0,1,5,5,1,0.035021
1000000,500,217,2000,16000,sequential,0,1,5,5,1,0.036018
1000000,500,218,2000,16000,sequential,0,1,5,5,1,0.035087
1000000,500,219,2000,16000,sequential,0,1,5,5,1,0.035221
1000000,500,220,2000,16000,sequential,0,1,5,5,1,0.035224
1000000,500,221,2000,16000,sequential,0,1,5,5,1,0.035559
1000000,500,222,2000,16000,sequential,0,1,5,5,1,0.035385
1000000,500,223,2000,16000,sequential,0,1,5,5,1,0.035494
1000000,500,224,2000,16000,sequential,0,1,5,5,1,0.035256
1000000,500,225,2000,16000,sequential,0,1,5,5,1,0.035593
1000000,500,226,2000,16000,sequential,0,1,5,5,1,0.035845
1000000,500,227,2000,16000,sequential,0,1,5,5,1,0.035621
1000000,500,228,2000,16000,sequential,0,1,5,5,1,0.035643
1000000,500,229,2000,16000,sequential,0,1,5,5,1,0.035207
1000000,500,230,2000,16000,sequential,0,1,5,5,1,0.036531
1000000,500,231,2000,16000,sequential,0,1,5,5,1,0.035562
1000000,500,232,2000,16000,sequential,0,1,5,5,1,0.035269
1000000,500,233,2000,16000,sequential,0,1,5,5,1,0.035256
1000000,500,234,2000,16000,sequential,0,1,5,5,1,0.035273
1000000,500,235,2000,16000,sequential,0,1,5,5,1,0.035856
1000000,500,236,2000,16000,sequential,0,1,5,5,1,0.035355
1000000,500,237,2000,16000,sequential,0,1,5,5,1,0.035365
1000000,500,238,2000,16000,sequential,0,1,5,5,1,0.035433
1000000,500,239,2000,16000,sequential,0,1,5,5,1,0.035321
1000000,500,240,2000,16000,sequential,0,1,5,5,1,0.03561
1000000,500,241,2000,16000,sequential,0,1,5,5,1,0.035083
1000000,500,242,2000,16000,sequential,0,1,5,5,1,0.035596
1000000,500,243,2000,16000,sequential,0,1,5,5,1,0.035247
1000000,500,244,2000,16000,sequential,0,1,5,5,1,0.035149
1000000,500,245,2000,16000,sequential,0,1,5,5,1,0.035427
1000000,500,246,2000,16000,sequential,0,1,5,5,1,0.035534
1000000,500,247,2000,16000,sequential,0,1,5,5,1,0.037122
1000000,500,248,2000,16000,sequential,0,1,5,5,1,0.035266
1000000,500,249,2000,16000,sequential,0,1,5,5,1,0.035076
1000000,500,250,2000,16000,sequential,0,1,5,5,1,0.035355
1000000,500,251,2000,16000,sequential,0,1,5,5,1,0.035216
1000000,500,252,2000,16000,sequential,0,1,5,5,1,0.035419
1000000,500,253,2000,16000,sequential,0,1,5,5,1,0.036689
1000000,500,254,2000,16000,sequential,0,1,5,5,1,0.035358
1000000,500,255,2000,16000,sequential,0,1,5,5,1,0.036798
1000000,500,256,2000,16000,sequential,0,1,5,5,1,0.035943
1000000,500,257,2000,16000,sequential,0,1,5,5,1,0.035704
1000000,500,258,2000,16000,sequential,0,1,5,5,1,0.036698
1000000,500,259,2000,16000,sequential,0,1,5,5,1,0.035416
1000000,500,260,2000,16000,sequential,0,1,5,5,1,0.035133
1000000,500,261,2000,16000,sequential,0,1,5,5,1,0.035077
1000000,500,262,2000,16000,sequential,0,1,5,5,1,0.035729
1000000,500,263,2000,16000,sequential,0,1,5,5,1,0.03548
1000000,500,264,2000,16000,sequential,0,1,5,5,1,0.035113
1000000,500,265,2000,16000,sequential,0,1,5,5,1,0.035329
1000000,500,266,2000,16000,sequential,0,1,5,5,1,0.035297
1000000,500,267,2000,16000,sequential,0,1,5,5,1,0.035224
1000000,500,268,2000,16000,sequential,0,1,5,5,1,0.035265
1000000,500,269,2000,16000,sequential,0,1,5,5,1,0.035286
1000000,500,270,2000,16000,sequential,0,1,5,5,1,0.035955
1000000,500,271,2000,16000,sequential,0,1,5,5,1,0.03582
1000000,500,272,2000,16000,sequential,0,1,5,5,1,0.036305
1000000,500,273,2000,16000,sequential,0,1,5,5,1,0.03593
1000000,500,274,2000,16000,sequential,0,1,5,5,1,0.035544
1000000,500,275,2000,16000,sequential,0,1,5,5,1,0.035565
1000000,500,276,2000,16000,sequential,0,1,5,5,1,0.035366
1000000,500,277,2000,16000,sequential,0,1,5,5,1,0.035469
1000000,500,278,2000,16000,sequential,0,1,5,5,1,0.035481
1000000,500,279,2000,16000,sequential,0,1,5,5,1,0.035422
1000000,500,280,2000,16000,sequential,0,1,5,5,1,0.035477
1000000,500,281,2000,16000,sequential,0,1,5,5,1,0.035459
1000000,500,282,2000,16000,sequential,0,1,5,5,1,0.035493
1000000,500,283,2000,16000,sequential,0,1,5,5,1,0.036197
1000000,500,284,2000,16000,sequential,0,1,5,5,1,0.03544
1000000,500,285,2000,16000,sequential,0,1,5,5,1,0.035483
1000000,500,286,2000,16000,sequential,0,1,5,5,1,0.035599
1000000,500,287,2000,16000,sequential,0,1,5,5,1,0.035133
1000000,500,288,2000,16000,sequential,0,1,5,5,1,0.035339
1000000,500,289,2000,16000,sequential,0,1,5,5,1,0.035283
1000000,500,290,2000,16000,sequential,0,1,5,5,1,0.035606
1000000,500,291,2000,16000,sequential,0,1,5,5,1,0.03517
1000000,500,292,2000,16000,sequential,0,1,5,5,1,0.036776
1000000,500,293,2000,16000,sequential,0,1,5,5,1,0.035599
1000000,500,294,2000,16000,sequential,0,1,5,5,1,0.035451
1000000,500,295,2000,16000,sequential,0,1,5,5,1,0.035272
1000000,500,296,2000,16000,sequential,0,1,5,5,1,0.036019
1000000,500,297,2000,16000,sequential,0,1,5,5,1,0.035512
1000000,500,298,2000,16000,sequential,0,1,5,5,1,0.035371
1000000,500,299,2000,16000,sequential,0,1,5,5,1,0.035797
1000000,500,300,2000,16000,sequential,0,1,5,5,1,0.03537
1000000,500,301,2000,16000,sequential,0,1,5,5,1,0.03568
1000000,500,302,2000,16000,sequential,0,1,5,5,1,0.036334
1000000,500,303,2000,16000,sequential,0,1,5,5,1,0.035271
1000000,500,304,2000,16000,sequential,0,1,5,5,1,0.035283
1000000,500,305,2000,16000,sequential,0,1,5,5,1,0.035494
1000000,500,306,2000,16000,sequential,0,1,5,5,1,0.035276
1000000,500,307,2000,16000,sequential,0,1,5,5,1,0.03532
1000000,500,308,2000,16000,sequential,0,1,5,5,1,0.035711
1000000,500,309,2000,16000,sequential,0,1,5,5,1,0.035983
1000000,500,310,2000,16000,sequential,0,1,5,5,1,0.035309
1000000,500,311,2000,16000,sequential,0,1,5,5,1,0.03544
1000000,500,312,2000,16000,sequential,0,1,5,5,1,0.035215
1000000,500,313,2000,16000,sequential,0,1,5,5,1,0.035513
1000000,500,314,2000,16000,sequential,0,1,5,5,1,0.035662
1000000,500,315,2000,16000,sequential,0,1,5,5,1,0.035443
1000000,500,316,2000,16000,sequential,0,1,5,5,1,0.035477
1000000,500,317,2000,16000,sequential,0,1,5,5,1,0.035648
1000000,500,318,2000,16000,sequential,0,1,5,5,1,0.035363
1000000,500,319,2000,16000,sequential,0,1,5,5,1,0.035167
1000000,500,320,2000,16000,sequential,0,1,5,5,1,0.035231
1000000,500,321,2000,16000,sequential,0,1,5,5,1,0.035331
1000000,500,322,2000,16000,sequential,0,1,5,5,1,0.035808
1000000,500,323,2000,16000,sequential,0,1,5,5,1,0.035938
1000000,500,324,2000,16000,sequential,0,1,5,5,1,0.035692
1000000,500,325,2000,16000,sequential,0,1,5,5,1,0.035421
1000000,500,326,2000,16000,sequential,0,1,5,5,1,0.035284
1000000,500,327,2000,16000,sequential,0,1,5,5,1,0.035527
1000000,500,328,2000,16000,sequential,0,1,5,5,1,0.035339
1000000,500,329,2000,16000,sequential,0,1,5,5,1,0.035633
1000000,500,330,2000,16000,sequential,0,1,5,5,1,0.035439
1000000,500,331,2000,16000,sequential,0,1,5,5,1,0.035443
1000000,500,332,2000,16000,sequential,0,1,5,5,1,0.035151
1000000,500,333,2000,16000,sequential,0,1,5,5,1,0.035659
1000000,500,334,2000,16000,sequential,0,1,5,5,1,0.035375
1000000,500,335,2000,16000,sequential,0,1,5,5,1,0.035341
1000000,500,336,2000,16000,sequential,0,1,5,5,1,0.03554
1000000,500,337,2000,16000,sequential,0,1,5,5,1,0.035934
1000000,500,338,2000,16000,sequential,0,1,5,5,1,0.035428
1000000,500,339,2000,16000,sequential,0,1,5,5,1,0.035381
1000000,500,340,2000,16000,sequential,0,1,5,5,1,0.035436
1000000,500,341,2000,16000,sequential,0,1,5,5,1,0.035609
1000000,500,342,2000,16000,sequential,0,1,5,5,1,0.035695
1000000,500,343,2000,16000,sequential,0,1,5,5,1,0.035097
1000000,500,344,2000,16000,sequential,0,1,5,5,1,0.035433
1000000,500,345,2000,16000,sequential,0,1,5,5,1,0.035295
1000000,500,346,2000,16000,sequential,0,1,5,5,1,0.035763
1000000,500,347,2000,16000,sequential,0,1,5,5,1,0.0357
1000000,500,348,2000,16000,sequential,0,1,5,5,1,0.035508
1000000,500,349,2000,16000,sequential,0,1,5,5,1,0.035373
1000000,500,350,2000,16000,sequential,0,1,5,5,1,0.035061
1000000,500,351,2000,16000,sequential,0,1,5,5,1,0.035441
1000000,500,352,2000,16000,sequential,0,1,5,5,1,0.035185
1000000,500,353,2000,16000,sequential,0,1,5,5,1,0.035267
1000000,500,354,2000,16000,sequential,0,1,5,5,1,0.035347
1000000,500,355,2000,16000,sequential,0,1,5,5,1,0.035337
1000000,500,356,2000,16000,sequential,0,1,5,5,1,0.035593
1000000,500,357,2000,16000,sequential,0,1,5,5,1,0.035533
1000000,500,358,2000,16000,sequential,0,1,5,5,1,0.035501
1000000,500,359,2000,16000,sequential,0,1,5,5,1,0.035484
1000000,500,360,2000,16000,sequential,0,1,5,5,1,0.035306
1000000,500,361,2000,16000,sequential,0,1,5,5,1,0.035393
1000000,500,362,2000,16000,sequential,0,1,5,5,1,0.035456
1000000,500,363,2000,16000,sequential,0,1,5,5,1,0.035316
1000000,500,364,2000,16000,sequential,0,1,5,5,1,0.035705
1000000,500,365,2000,16000,sequential,0,1,5,5,1,0.035348
1000000,500,366,2000,16000,sequential,0,1,5,5,1,0.035402
1000000,500,367,2000,16000,sequential,0,1,5,5,1,0.035317
1000000,500,368,2000,16000,sequential,0,1,5,5,1,0.035473
1000000,500,369,2000,16000,sequential,0,1,5,5,1,0.035543
1000000,500,370,2000,16000,sequential,0,1,5,5,1,0.035993
1000000,500,371,2000,16000,sequential,0,1,5,5,1,0.035119
1000000,500,372,2000,16000,sequential,0,1,5,5,1,0.035485
1000000,500,373,2000,16000,sequential,0,1,5,5,1,0.035367
1000000,500,374,2000,16000,sequential,0,1,5,5,1,0.035375
1000000,500,375,2000,16000,sequential,0,1,5,5,1,0.035262
1000000,500,376,2000,16000,sequential,0,1,5,5,1,0.035232
1000000,500,377,2000,16000,sequential,0,1,5,5,1,0.036514
1000000,500,378,2000,16000,sequential,0,1,5,5,1,0.035379
1000000,500,379,2000,16000,sequential,0,1,5,5,1,0.035869
1000000,500,380,2000,16000,sequential,0,1,5,5,1,0.035627
1000000,500,381,2000,16000,sequential,0,1,5,5,1,0.035585
1000000,500,382,2000,16000,sequential,0,1,5,5,1,0.038178
1000000,500,383,2000,16000,sequential,0,1,5,5,1,0.035239
1000000,500,384,2000,16000,sequential,0,1,5,5,1,0.035232
1000000,500,385,2000,16000,sequential,0,1,5,5,1,0.039513
1000000,500,386,2000,16000,sequential,0,1,5,5,1,0.035193
1000000,500,387,2000,16000,sequential,0,1,5,5,1,0.035406
1000000,500,388,2000,16000,sequential,0,1,5,5,1,0.035486
1000000,500,389,2000,16000,sequential,0,1,5,5,1,0.035429
1000000,500,390,2000,16000,sequential,0,1,5,5,1,0.035634
1000000,500,391,2000,16000,sequential,0,1,5,5,1,0.035863
1000000,500,392,2000,16000,sequential,0,1,5,5,1,0.035811
1000000,500,393,2000,16000,sequential,0,1,5,5,1,0.033912
1000000,500,394,2000,16000,sequential,0,1,5,5,1,0.033577
1000000,500,395,2000,16000,sequential,0,1,5,5,1,0.03509
1000000,500,396,2000,16000,sequential,0,1,5,5,1,0.033638
1000000,500,397,2000,16000,sequential,0,1,5,5,1,0.033564
1000000,500,398,2000,16000,sequential,0,1,5,5,1,0.035732
1000000,500,399,2000,16000,sequential,0,1,5,5,1,0.035978
1000000,500,400,2000,16000,sequential,0,1,5,5,1,0.035374
1000000,500,401,2000,16000,sequential,0,1,5,5,1,0.035122
1000000,500,402,2000,16000,sequential,0,1,5,5,1,0.035591
1000000,500,403,2000,16000,sequential,0,1,5,5,1,0.035678
1000000,500,404,2000,16000,sequential,0,1,5,5,1,0.052338
1000000,500,405,2000,16000,sequential,0,1,5,5,1,0.036626
1000000,500,406,2000,16000,sequential,0,1,5,5,1,0.033732
1000000,500,407,2000,16000,sequential,0,1,5,5,1,0.035145
1000000,500,408,2000,16000,sequential,0,1,5,5,1,0.034206
1000000,500,409,2000,16000,sequential,0,1,5,5,1,0.034851
1000000,500,410,2000,16000,sequential,0,1,5,5,1,0.034483
1000000,500,411,2000,16000,sequential,0,1,5,5,1,0.035272
1000000,500,412,2000,16000,sequential,0,1,5,5,1,0.035202
1000000,500,413,2000,16000,sequential,0,1,5,5,1,0.035572
1000000,500,414,2000,16000,sequential,0,1,5,5,1,0.035028
1000000,500,415,2000,16000,sequential,0,1,5,5,1,0.035343
1000000,500,416,2000,16000,sequential,0,1,5,5,1,0.035411
1000000,500,417,2000,16000,sequential,0,1,5,5,1,0.03539
1000000,500,418,2000,16000,sequential,0,1,5,5,1,0.035954
1000000,500,419,2000,16000,sequential,0,1,5,5,1,0.035361
1000000,500,420,2000,16000,sequential,0,1,5,5,1,0.035217
1000000,500,421,2000,16000,sequential,0,1,5,5,1,0.035057
1000000,500,422,2000,16000,sequential,0,1,5,5,1,0.035141
1000000,500,423,2000,16000,sequential,0,1,5,5,1,0.035941
1000000,500,424,2000,16000,sequential,0,1,5,5,1,0.035483
1000000,500,425,2000,16000,sequential,0,1,5,5,1,0.035435
1000000,500,426,2000,16000,sequential,0,1,5,5,1,0.035673
1000000,500,427,2000,16000,sequential,0,1,5,5,1,0.036205
1000000,500,428,2000,16000,sequential,0,1,5,5,1,0.035453
1000000,500,429,2000,16000,sequential,0,1,5,5,1,0.035331
1000000,500,430,2000,16000,sequential,0,1,5,5,1,0.035396
1000000,500,431,2000,16000,sequential,0,1,5,5,1,0.035042
1000000,500,432,2000,16000,sequential,0,1,5,5,1,0.0352
1000000,500,433,2000,16000,sequential,0,1,5,5,1,0.0337
1000000,500,434,2000,16000,sequential,0,1,5,5,1,0.033861
1000000,500,435,2000,16000,sequential,0,1,5,5,1,0.033688
1000000,500,436,2000,16000,sequential,0,1,5,5,1,0.034077
1000000,500,437,2000,16000,sequential,0,1,5,5,1,0.033509
1000000,500,438,2000,16000,sequential,0,1,5,5,1,0.033718
1000000,500,439,2000,16000,sequential,0,1,5,5,1,0.03556
1000000,500,440,2000,16000,sequential,0,1,5,5,1,0.03343
1000000,500,441,2000,16000,sequential,0,1,5,5,1,0.033628
1000000,500,442,2000,16000,sequential,0,1,5,5,1,0.033663
1000000,500,443,2000,16000,sequential,0,1,5,5,1,0.034097
1000000,500,444,2000,16000,sequential,0,1,5,5,1,0.035182
1000000,500,445,2000,16000,sequential,0,1,5,5,1,0.035498
1000000,500,446,2000,16000,sequential,0,1,5,5,1,0.03497
1000000,500,447,2000,16000,sequential,0,1,5,5,1,0.036299
1000000,500,448,2000,16000,sequential,0,1,5,5,1,0.034944
1000000,500,449,2000,16000,sequential,0,1,5,5,1,0.035326
1000000,500,450,2000,16000,sequential,0,1,5,5,1,0.035279
1000000,500,451,2000,16000,sequential,0,1,5,5,1,0.035723
1000000,500,452,2000,16000,sequential,0,1,5,5,1,0.035482
1000000,500,453,2000,16000,sequential,0,1,5,5,1,0.035182
1000000,500,454,2000,16000,sequential,0,1,5,5,1,0.034977
1000000,500,455,2000,16000,sequential,0,1,5,5,1,0.036277
1000000,500,456,2000,16000,sequential,0,1,5,5,1,0.035362
1000000,500,457,2000,16000,sequential,0,1,5,5,1,0.035116
1000000,500,458,2000,16000,sequential,0,1,5,5,1,0.035417
1000000,500,459,2000,16000,sequential,0,1,5,5,1,0.035296
1000000,500,460,2000,16000,sequential,0,1,5,5,1,0.056755
1000000,500,461,2000,16000,sequential,0,1,5,5,1,0.03569
1000000,500,462,2000,16000,sequential,0,1,5,5,1,0.035575
1000000,500,463,2000,16000,sequential,0,1,5,5,1,0.035096
1000000,500,464,2000,16000,sequential,0,1,5,5,1,0.035715
1000000,500,465,2000,16000,sequential,0,1,5,5,1,0.035205
1000000,500,466,2000,16000,sequential,0,1,5,5,1,0.035576
1000000,500,467,2000,16000,sequential,0,1,5,5,1,0.035306
1000000,500,468,2000,16000,sequential,0,1,5,5,1,0.035105
1000000,500,469,2000,16000,sequential,0,1,5,5,1,0.035271
1000000,500,470,2000,16000,sequential,0,1,5,5,1,0.035016
1000000,500,471,2000,16000,sequential,0,1,5,5,1,0.035055
1000000,500,472,2000,16000,sequential,0,1,5,5,1,0.035021
1000000,500,473,2000,16000,sequential,0,1,5,5,1,0.044131
1000000,500,474,2000,16000,sequential,0,1,5,5,1,0.036134
1000000,500,475,2000,16000,sequential,0,1,5,5,1,0.035441
1000000,500,476,2000,16000,sequential,0,1,5,5,1,0.035047
1000000,500,477,2000,16000,sequential,0,1,5,5,1,0.035129
1000000,500,478,2000,16000,sequential,0,1,5,5,1,0.035016
1000000,500,479,2000,16000,sequential,0,1,5,5,1,0.035024
1000000,500,480,2000,16000,sequential,0,1,5,5,1,0.036113
1000000,500,481,2000,16000,sequential,0,1,5,5,1,0.036355
1000000,500,482,2000,16000,sequential,0,1,5,5,1,0.035784
1000000,500,483,2000,16000,sequential,0,1,5,5,1,0.035215
1000000,500,484,2000,16000,sequential,0,1,5,5,1,0.035037
1000000,500,485,2000,16000,sequential,0,1,5,5,1,0.035047
1000000,500,486,2000,16000,sequential,0,1,5,5,1,0.035057
1000000,500,487,2000,16000,sequential,0,1,5,5,1,0.035557
1000000,500,488,2000,16000,sequential,0,1,5,5,1,0.035359
1000000,500,489,2000,16000,sequential,0,1,5,5,1,0.03509
1000000,500,490,2000,16000,sequential,0,1,5,5,1,0.034797
1000000,500,491,2000,16000,sequential,0,1,5,5,1,0.035425
1000000,500,492,2000,16000,sequential,0,1,5,5,1,0.035146
1000000,500,493,2000,16000,sequential,0,1,5,5,1,0.035044
1000000,500,494,2000,16000,sequential,0,1,5,5,1,0.035914
1000000,500,495,2000,16000,sequential,0,1,5,5,1,0.035167
1000000,500,496,2000,16000,sequential,0,1,5,5,1,0.035076
1000000,500,497,2000,16000,sequential,0,1,5,5,1,0.035291
1000000,500,498,2000,16000,sequential,0,1,5,5,1,0.035137
1000000,500,499,2000,16000,sequential,0,1,5,5,1,0.03466
1000000,500,0,2000,16000,strided,1,8,1,1,0.5,0.015175
1000000,500,1,2000,16000,strided,1,8,1,1,0.5,0.014979
1000000,500,2,2000,16000,strided,1,8,1,1,0.5,0.015124
1000000,500,3,2000,16000,strided,1,8,1,1,0.5,0.015346
1000000,500,4,2000,16000,strided,1,8,1,1,0.5,0.025965
1000000,500,5,2000,16000,strided,1,8,1,1,0.5,0.015118
1000000,500,6,2000,16000,strided,1,8,1,1,0.5,0.01666
1000000,500,7,2000,16000,strided,1,8,1,1,0.5,0.015025
1000000,500,8,2000,16000,strided,1,8,1,1,0.5,0.015111
1000000,500,9,2000,16000,strided,1,8,1,1,0.5,0.015144
1000000,500,10,2000,16000,strided,1,8,1,1,0.5,0.015099
1000000,500,11,2000,16000,strided,1,8,1,1,0.5,0.015172
1000000,500,12,2000,16000,strided,1,8,1,1,0.5,0.015257
1000000,500,13,2000,16000,strided,1,8,1,1,0.5,0.015573
1000000,500,14,2000,16000,strided,1,8,1,1,0.5,0.015133
1000000,500,15,2000,16000,strided,1,8,1,1,0.5,0.015238
1000000,500,16,2000,16000,strided,1,8,1,1,0.5,0.015438
1000000,500,17,2000,16000,strided,1,8,1,1,0.5,0.015222
1000000,500,18,2000,16000,strided,1,8,1,1,0.5,0.015496
1000000,500,19,2000,16000,strided,1,8,1,1,0.5,0.015233
1000000,500,20,2000,16000,strided,1,8,1,1,0.5,0.015752
1000000,500,21,2000,16000,strided,1,8,1,1,0.5,0.015408
1000000,500,22,2000,16000,strided,1,8,1,1,0.5,0.015175
1000000,500,23,2000,16000,strided,1,8,1,1,0.5,0.015339
1000000,500,24,2000,16000,strided,1,8,1,1,0.5,0.015534
1000000,500,25,2000,16000,strided,1,8,1,1,0.5,0.015384
1000000,500,26,2000,16000,strided,1,8,1,1,0.5,0.016017
1000000,500,27,2000,16000,strided,1,8,1,1,0.5,0.015239
1000000,500,28,2000,16000,strided,1,8,1,1,0.5,0.015628
1000000,500,29,2000,16000,strided,1,8,1,1,0.5,0.015144
1000000,500,30,2000,16000,strided,1,8,1,1,0.5,0.014954
1000000,500,31,2000,16000,strided,1,8,1,1,0.5,0.015186
1000000,500,32,2000,16000,strided,1,8,1,1,0.5,0.015411
1000000,500,33,2000,16000,strided,1,8,1,1,0.5,0.015087
1000000,500,34,2000,16000,strided,1,8,1,1,0.5,0.015197
1000000,500,35,2000,16000,strided,1,8,1,1,0.5,0.015125
1000000,500,36,2000,16000,strided,1,8,1,1,0.5,0.015426
1000000,500,37,2000,16000,strided,1,8,1,1,0.5,0.01509
1000000,500,38,2000,16000,strided,1,8,1,1,0.5,0.015236
1000000,500,39,2000,16000,strided,1,8,1,1,0.5,0.015019
1000000,500,40,2000,16000,strided,1,8,1,1,0.5,0.015128
1000000,500,41,2000,16000,strided,1,8,1,1,0.5,0.016822
1000000,500,42,2000,16000,strided,1,8,1,1,0.5,0.015454
1000000,500,43,2000,16000,strided,1,8,1,1,0.5,0.015484
1000000,500,44,2000,16000,strided,1,8,1,1,0.5,0.015415
1000000,500,45,2000,16000,strided,1,8,1,1,0.5,0.01536
1000000,500,46,2000,16000,strided,1,8,1,1,0.5,0.015987
1000000,500,47,2000,16000,strided,1,8,1,1,0.5,0.01514
1000000,500,48,2000,16000,strided,1,8,1,1,0.5,0.015088
1000000,500,49,2000,16000,strided,1,8,1,1,0.5,0.015152
1000000,500,50,2000,16000,strided,1,8,1,1,0.5,0.015453
1000000,500,51,2000,16000,strided,1,8,1,1,0.5,0.015264
1000000,500,52,2000,16000,strided,1,8,1,1,0.5,0.015036
1000000,500,53,2000,16000,strided,1,8,1,1,0.5,0.015391
1000000,500,54,2000,16000,strided,1,8,1,1,0.5,0.015346
1000000,500,55,2000,16000,strided,1,8,1,1,0.5,0.014965
1000000,500,56,2000,16000,strided,1,8,1,1,0.5,0.026606
1000000,500,57,2000,16000,strided,1,8,1,1,0.5,0.015627
1000000,500,58,2000,16000,strided,1,8,1,1,0.5,0.015111
1000000,500,59,2000,16000,strided,1,8,1,1,0.5,0.014961
1000000,500,60,2000,16000,strided,1,8,1,1,0.5,0.014514
1000000,500,61,2000,16000,strided,1,8,1,1,0.5,0.015123
1000000,500,62,2000,16000,strided,1,8,1,1,0.5,0.015414
1000000,500,63,2000,16000,strided,1,8,1,1,0.5,0.016883
1000000,500,64,2000,16000,strided,1,8,1,1,0.5,0.015355
1000000,500,65,2000,16000,strided,1,8,1,1,0.5,0.015035
1000000,500,66,2000,16000,strided,1,8,1,1,0.5,0.015071
1000000,500,67,2000,16000,strided,1,8,1,1,0.5,0.015318
1000000,500,68,2000,16000,strided,1,8,1,1,0.5,0.015221
1000000,500,69,2000,16000,strided,1,8,1,1,0.5,0.015397
1000000,500,70,2000,16000,strided,1,8,1,1,0.5,0.015479
1000000,500,71,2000,16000,strided,1,8,1,1,0.5,0.014997
1000000,500,72,2000,16000,strided,1,8,1,1,0.5,0.014979
1000000,500,73,2000,16000,strided,1,8,1,1,0.5,0.014922
1000000,500,74,2000,16000,strided,1,8,1,1,0.5,0.015112
1000000,500,75,2000,16000,strided,1,8,1,1,0.5,0.01549
1000000,500,76,2000,16000,strided,1,8,1,1,0.5,0.014966
1000000,500,77,2000,16000,strided,1,8,1,1,0.5,0.015501
1000000,500,78,2000,16000,strided,1,8,1,1,0.5,0.015219
1000000,500,79,2000,16000,strided,1,8,1,1,0.5,0.015286
1000000,500,80,2000,16000,strided,1,8,1,1,0.5,0.015079
1000000,500,81,2000,16000,strided,1,8,1,1,0.5,0.015159
1000000,500,82,2000,16000,strided,1,8,1,1,0.5,0.015239
1000000,500,83,2000,16000,strided,1,8,1,1,0.5,0.015371
1000000,500,84,2000,16000,strided,1,8,1,1,0.5,0.015582
1000000,500,85,2000,16000,strided,1,8,1,1,0.5,0.015191
1000000,500,86,2000,16000,strided,1,8,1,1,0.5,0.014535
1000000,500,87,2000,16000,strided,1,8,1,1,0.5,0.014806
1000000,500,88,2000,16000,strided,1,8,1,1,0.5,0.014485
1000000,500,89,2000,16000,strided,1,8,1,1,0.5,0.014891
1000000,500,90,2000,16000,strided,1,8,1,1,0.5,0.015299
1000000,500,91,2000,16000,strided,1,8,1,1,0.5,0.01512
1000000,500,92,2000,16000,strided,1,8,1,1,0.5,0.015044
1000000,500,93,2000,16000,strided,1,8,1,1,0.5,0.015234
1000000,500,94,2000,16000,strided,1,8,1,1,0.5,0.015362
1000000,500,95,2000,16000,strided,1,8,1,1,0.5,0.015622
1000000,500,96,2000,16000,strided,1,8,1,1,0.5,0.015022
1000000,500,97,2000,16000,strided,1,8,1,1,0.5,0.015
1000000,500,98,2000,16000,strided,1,8,1,1,0.5,0.015297
1000000,500,99,2000,16000,strided,1,8,1,1,0.5,0.015081
1000000,500,100,2000,16000,strided,1,8,1,1,0.5,0.015243
1000000,500,101,2000,16000,strided,1,8,1,1,0.5,0.015096
1000000,500,102,2000,16000,strided,1,8,1,1,0.5,0.015376
1000000,500,103,2000,16000,strided,1,8,1,1,0.5,0.015337
1000000,500,104,2000,16000,strided,1,8,1,1,0.5,0.015403
1000000,500,105,2000,16000,strided,1,8,1,1,0.5,0.014913
1000000,500,106,2000,16000,strided,1,8,1,1,0.5,0.015051
1000000,500,107,2000,16000,strided,1,8,1,1,0.5,0.015181
1000000,500,108,2000,16000,strided,1,8,1,1,0.5,0.01502
1000000,500,109,2000,16000,strided,1,8,1,1,0.5,0.015206
1000000,500,110,2000,16000,strided,1,8,1,1,0.5,0.015119
1000000,500,111,2000,16000,strided,1,8,1,1,0.5,0.0154
1000000,500,112,2000,16000,strided,1,8,1,1,0.5,0.015099
1000000,500,113,2000,16000,strided,1,8,1,1,0.5,0.014908
1000000,500,114,2000,16000,strided,1,8,1,1,0.5,0.015261
1000000,500,115,2000,16000,strided,1,8,1,1,0.5,0.015282
1000000,500,116,2000,16000,strided,1,8,1,1,0.5,0.016066
1000000,500,117,2000,16000,strided,1,8,1,1,0.5,0.015668
1000000,500,118,2000,16000,strided,1,8,1,1,0.5,0.015503
1000000,500,119,2000,16000,strided,1,8,1,1,0.5,0.015202
1000000,500,120,2000,16000,strided,1,8,1,1,0.5,0.015313
1000000,500,121,2000,16000,strided,1,8,1,1,0.5,0.014924
1000000,500,122,2000,16000,strided,1,8,1,1,0.5,0.01517
1000000,500,123,2000,16000,strided,1,8,1,1,0.5,0.01523
1000000,500,124,2000,16000,strided,1,8,1,1,0.5,0.015461
1000000,500,125,2000,16000,strided,1,8,1,1,0.5,0.015306
1000000,500,126,2000,16000,strided,1,8,1,1,0.5,0.015074
1000000,500,127,2000,16000,strided,1,8,1,1,0.5,0.014884
1000000,500,128,2000,16000,strided,1,8,1,1,0.5,0.01523
1000000,500,129,2000,16000,strided,1,8,1,1,0.5,0.024039
1000000,500,130,2000,16000,strided,1,8,1,1,0.5,0.015312
1000000,500,131,2000,16000,strided,1,8,1,1,0.5,0.015341
1000000,500,132,2000,16000,strided,1,8,1,1,0.5,0.015001
1000000,500,133,2000,16000,strided,1,8,1,1,0.5,0.01529
1000000,500,134,2000,16000,strided,1,8,1,1,0.5,0.015042
1000000,500,135,2000,16000,strided,1,8,1,1,0.5,0.01508
1000000,500,136,2000,16000,strided,1,8,1,1,0.5,0.015466
1000000,500,137,2000,16000,strided,1,8,1,1,0.5,0.015163
1000000,500,138,2000,16000,strided,1,8,1,1,0.5,0.015113
1000000,500,139,2000,16000,strided,1,8,1,1,0.5,0.015369
1000000,500,140,2000,16000,strided,1,8,1,1,0.5,0.0152
1000000,500,141,2000,16000,strided,1,8,1,1,0.5,0.015038
1000000,500,142,2000,16000,strided,1,8,1,1,0.5,0.015113
1000000,500,143,2000,16000,strided,1,8,1,1,0.5,0.025363
1000000,500,144,2000,16000,strided,1,8,1,1,0.5,0.015159
1000000,500,145,2000,16000,strided,1,8,1,1,0.5,0.015249
1000000,500,146,2000,16000,strided,1,8,1,1,0.5,0.015337
1000000,500,147,2000,16000,strided,1,8,1,1,0.5,0.014976
1000000,500,148,2000,16000,strided,1,8,1,1,0.5,0.015033
1000000,500,149,2000,16000,strided,1,8,1,1,0.5,0.015064
1000000,500,150,2000,16000,strided,1,8,1,1,0.5,0.015529
1000000,500,151,2000,16000,strided,1,8,1,1,0.5,0.015178
1000000,500,152,2000,16000,strided,1,8,1,1,0.5,0.01527
1000000,500,153,2000,16000,strided,1,8,1,1,0.5,0.015262
1000000,500,154,2000,16000,strided,1,8,1,1,0.5,0.015476
1000000,500,155,2000,16000,strided,1,8,1,1,0.5,0.015038
1000000,500,156,2000,16000,strided,1,8,1,1,0.5,0.014998
1000000,500,157,2000,16000,strided,1,8,1,1,0.5,0.015029
1000000,500,158,2000,16000,strided,1,8,1,1,0.5,0.015066
1000000,500,159,2000,16000,strided,1,8,1,1,0.5,0.015976
1000000,500,160,2000,16000,strided,1,8,1,1,0.5,0.015215
1000000,500,161,2000,16000,strided,1,8,1,1,0.5,0.015346
1000000,500,162,2000,16000,strided,1,8,1,1,0.5,0.01526
1000000,500,163,2000,16000,strided,1,8,1,1,0.5,0.01541
1000000,500,164,2000,16000,strided,1,8,1,1,0.5,0.015418
1000000,500,165,2000,16000,strided,1,8,1,1,0.5,0.015248
1000000,500,166,2000,16000,strided,1,8,1,1,0.5,0.015495
1000000,500,167,2000,16000,strided,1,8,1,1,0.5,0.015547
1000000,500,168,2000,16000,strided,1,8,1,1,0.5,0.015546
1000000,500,169,2000,16000,strided,1,8,1,1,0.5,0.015086
1000000,500,170,2000,16000,strided,1,8,1,1,0.5,0.015158
1000000,500,171,2000,16000,strided,1,8,1,1,0.5,0.015086
1000000,500,172,2000,16000,strided,1,8,1,1,0.5,0.015058
1000000,500,173,2000,16000,strided,1,8,1,1,0.5,0.015523
1000000,500,174,2000,16000,strided,1,8,1,1,0.5,0.015486
1000000,500,175,2000,16000,strided,1,8,1,1,0.5,0.015545
1000000,500,176,2000,16000,strided,1,8,1,1,0.5,0.015217
1000000,500,177,2000,16000,strided,1,8,1,1,0.5,0.014987
1000000,500,178,2000,16000,strided,1,8,1,1,0.5,0.015402
1000000,500,179,2000,16000,strided,1,8,1,1,0.5,0.015373
1000000,500,180,2000,16000,strided,1,8,1,1,0.5,0.015487
1000000,500,181,2000,16000,strided,1,8,1,1,0.5,0.015127
1000000,500,182,2000,16000,strided,1,8,1,1,0.5,0.015394
1000000,500,183,2000,16000,strided,1,8,1,1,0.5,0.015229
1000000,500,184,2000,16000,strided,1,8,1,1,0.5,0.015252
1000000,500,185,2000,16000,strided,1,8,1,1,0.5,0.015272
1000000,500,186,2000,16000,strided,1,8,1,1,0.5,0.01534
1000000,500,187,2000,16000,strided,1,8,1,1,0.5,0.015443
1000000,500,188,2000,16000,strided,1,8,1,1,0.5,0.015192
1000000,500,189,2000,16000,strided,1,8,1,1,0.5,0.015366
1000000,500,190,2000,16000,strided,1,8,1,1,0.5,0.015067
1000000,500,191,2000,16000,strided,1,8,1,1,0.5,0.014947
1000000,500,192,2000,16000,strided,1,8,1,1,0.5,0.015107
1000000,500,193,2000,16000,strided,1,8,1,1,0.5,0.015357
1000000,500,194,2000,16000,strided,1,8,1,1,0.5,0.015144
1000000,500,195,2000,16000,strided,1,8,1,1,0.5,0.015043
1000000,500,196,2000,16000,strided,1,8,1,1,0.5,0.016642
1000000,500,197,2000,16000,strided,1,8,1,1,0.5,0.015175
1000000,500,198,2000,16000,strided,1,8,1,1,0.5,0.015275
1000000,500,199,2000,16000,strided,1,8,1,1,0.5,0.015356
1000000,500,200,2000,16000,strided,1,8,1,1,0.5,0.015224
1000000,500,201,2000,16000,strided,1,8,1,1,0.5,0.015342
1000000,500,202,2000,16000,strided,1,8,1,1,0.5,0.015132
1000000,500,203,2000,16000,strided,1,8,1,1,0.5,0.015282
1000000,500,204,2000,16000,strided,1,8,1,1,0.5,0.015946
1000000,500,205,2000,16000,strided,1,8,1,1,0.5,0.015259
1000000,500,206,2000,16000,strided,1,8,1,1,0.5,0.015369
1000000,500,207,2000,16000,strided,1,8,1,1,0.5,0.015272
1000000,500,208,2000,16000,strided,1,8,1,1,0.5,0.015097
1000000,500,209,2000,16000,strided,1,8,1,1,0.5,0.015458
1000000,500,210,2000,16000,strided,1,8,1,1,0.5,0.014982
1000000,500,211,2000,16000,strided,1,8,1,1,0.5,0.015572
1000000,500,212,2000,16000,strided,1,8,1,1,0.5,0.015303
1000000,500,213,2000,16000,strided,1,8,1,1,0.5,0.015177
1000000,500,214,2000,16000,strided,1,8,1,1,0.5,0.014979
1000000,500,215,2000,16000,strided,1,8,1,1,0.5,0.015155
1000000,500,216,2000,16000,strided,1,8,1,1,0.5,0.015438
1000000,500,217,2000,16000,strided,1,8,1,1,0.5,0.015199
1000000,500,218,2000,16000,strided,1,8,1,1,0.5,0.015315
1000000,500,219,2000,16000,strided,1,8,1,1,0.5,0.015065
1000000,500,220,2000,16000,strided,1,8,1,1,0.5,0.015596
1000000,500,221,2000,16000,strided,1,8,1,1,0.5,0.014936
1000000,500,222,2000,16000,strided,1,8,1,1,0.5,0.01533
1000000,500,223,2000,16000,strided,1,8,1,1,0.5,0.015174
1000000,500,224,2000,16000,strided,1,8,1,1,0.5,0.015704
1000000,500,225,2000,16000,strided,1,8,1,1,0.5,0.01538
1000000,500,226,2000,16000,strided,1,8,1,1,0.5,0.015245
1000000,500,227,2000,16000,strided,1,8,1,1,0.5,0.015297
1000000,500,228,2000,16000,strided,1,8,1,1,0.5,0.015204
1000000,500,229,2000,16000,strided,1,8,1,1,0.5,0.015177
1000000,500,230,2000,16000,strided,1,8,1,1,0.5,0.015355
1000000,500,231,2000,16000,strided,1,8,1,1,0.5,0.015086
1000000,500,232,2000,16000,strided,1,8,1,1,0.5,0.015708
1000000,500,233,2000,16000,strided,1,8,1,1,0.5,0.015582
1000000,500,234,2000,16000,strided,1,8,1,1,0.5,0.015143
1000000,500,235,2000,16000,strided,1,8,1,1,0.5,0.015406
1000000,500,236,2000,16000,strided,1,8,1,1,0.5,0.015076
1000000,500,237,2000,16000,strided,1,8,1,1,0.5,0.015471
1000000,500,238,2000,16000,strided,1,8,1,1,0.5,0.015123
1000000,500,239,2000,16000,strided,1,8,1,1,0.5,0.015365
1000000,500,240,2000,16000,strided,1,8,1,1,0.5,0.015933
1000000,500,241,2000,16000,strided,1,8,1,1,0.5,0.015522
1000000,500,242,2000,16000,strided,1,8,1,1,0.5,0.015682
1000000,500,243,2000,16000,strided,1,8,1,1,0.5,0.015157
1000000,500,244,2000,16000,strided,1,8,1,1,0.5,0.015134
1000000,500,245,2000,16000,strided,1,8,1,1,0.5,0.015149
1000000,500,246,2000,16000,strided,1,8,1,1,0.5,0.015599
1000000,500,247,2000,16000,strided,1,8,1,1,0.5,0.015228
1000000,500,248,2000,16000,strided,1,8,1,1,0.5,0.015372
1000000,500,249,2000,16000,strided,1,8,1,1,0.5,0.015433
1000000,500,250,2000,16000,strided,1,8,1,1,0.5,0.015197
1000000,500,251,2000,16000,strided,1,8,1,1,0.5,0.015246
1000000,500,252,2000,16000,strided,1,8,1,1,0.5,0.015283
1000000,500,253,2000,16000,strided,1,8,1,1,0.5,0.015718
1000000,500,254,2000,16000,strided,1,8,1,1,0.5,0.015359
1000000,500,255,2000,16000,strided,1,8,1,1,0.5,0.015116
1000000,500,256,2000,16000,strided,1,8,1,1,0.5,0.015238
1000000,500,257,2000,16000,strided,1,8,1,1,0.5,0.015147
1000000,500,258,2000,16000,strided,1,8,1,1,0.5,0.015198
1000000,500,259,2000,16000,strided,1,8,1,1,0.5,0.01512
1000000,500,260,2000,16000,strided,1,8,1,1,0.5,0.015717
1000000,500,261,2000,16000,strided,1,8,1,1,0.5,0.015306
1000000,500,262,2000,16000,strided,1,8,1,1,0.5,0.015588
1000000,500,263,2000,16000,strided,1,8,1,1,0.5,0.015363
1000000,500,264,2000,16000,strided,1,8,1,1,0.5,0.015247
1000000,500,265,2000,16000,strided,1,8,1,1,0.5,0.014984
1000000,500,266,2000,16000,strided,1,8,1,1,0.5,0.015446
1000000,500,267,2000,16000,strided,1,8,1,1,0.5,0.015916
1000000,500,268,2000,16000,strided,1,8,1,1,0.5,0.015383
1000000,500,269,2000,16000,strided,1,8,1,1,0.5,0.015984
1000000,500,270,2000,16000,strided,1,8,1,1,0.5,0.015417
1000000,500,271,2000,16000,strided,1,8,1,1,0.5,0.015428
1000000,500,272,2000,16000,strided,1,8,1,1,0.5,0.01528
1000000,500,273,2000,16000,strided,1,8,1,1,0.5,0.015437
1000000,500,274,2000,16000,strided,1,8,1,1,0.5,0.015618
1000000,500,275,2000,16000,strided,1,8,1,1,0.5,0.015037
1000000,500,276,2000,16000,strided,1,8,1,1,0.5,0.015594
1000000,500,277,2000,16000,strided,1,8,1,1,0.5,0.015494
1000000,500,278,2000,16000,strided,1,8,1,1,0.5,0.015212
1000000,500,279,2000,16000,strided,1,8,1,1,0.5,0.015229
1000000,500,280,2000,16000,strided,1,8,1,1,0.5,0.015467
1000000,500,281,2000,16000,strided,1,8,1,1,0.5,0.01514
1000000,500,282,2000,16000,strided,1,8,1,1,0.5,0.015213
1000000,500,283,2000,16000,strided,1,8,1,1,0.5,0.015417
1000000,500,284,2000,16000,strided,1,8,1,1,0.5,0.015707
1000000,500,285,2000,16000,strided,1,8,1,1,0.5,0.015256
1000000,500,286,2000,16000,strided,1,8,1,1,0.5,0.015159
1000000,500,287,2000,16000,strided,1,8,1,1,0.5,0.015085
1000000,500,288,2000,16000,strided,1,8,1,1,0.5,0.01537
1000000,500,289,2000,16000,strided,1,8,1,1,0.5,0.015356
1000000,500,290,2000,16000,strided,1,8,1,1,0.5,0.017036
1000000,500,291,2000,16000,strided,1,8,1,1,0.5,0.015665
1000000,500,292,2000,16000,strided,1,8,1,1,0.5,0.015145
1000000,500,293,2000,16000,strided,1,8,1,1,0.5,0.015148
1000000,500,294,2000,16000,strided,1,8,1,1,0.5,0.015376
1000000,500,295,2000,16000,strided,1,8,1,1,0.5,0.015242
1000000,500,296,2000,16000,strided,1,8,1,1,0.5,0.01549
1000000,500,297,2000,16000,strided,1,8,1,1,0.5,0.015672
1000000,500,298,2000,16000,strided,1,8,1,1,0.5,0.016318
1000000,500,299,2000,16000,strided,1,8,1,1,0.5,0.015495
1000000,500,300,2000,16000,strided,1,8,1,1,0.5,0.015147
1000000,500,301,2000,16000,strided,1,8,1,1,0.5,0.015307
1000000,500,302,2000,16000,strided,1,8,1,1,0.5,0.015034
1000000,500,303,2000,16000,strided,1,8,1,1,0.5,0.015154
1000000,500,304,2000,16000,strided,1,8,1,1,0.5,0.015341
1000000,500,305,2000,16000,strided,1,8,1,1,0.5,0.015961
1000000,500,306,2000,16000,strided,1,8,1,1,0.5,0.015326
1000000,500,307,2000,16000,strided,1,8,1,1,0.5,0.015322
1000000,500,308,2000,16000,strided,1,8,1,1,0.5,0.014989
1000000,500,309,2000,16000,strided,1,8,1,1,0.5,0.015253
1000000,500,310,2000,16000,strided,1,8,1,1,0.5,0.015055
1000000,500,311,2000,16000,strided,1,8,1,1,0.5,0.015303
1000000,500,312,2000,16000,strided,1,8,1,1,0.5,0.015588
1000000,500,313,2000,16000,strided,1,8,1,1,0.5,0.015571
1000000,500,314,2000,16000,strided,1,8,1,1,0.5,0.015425
1000000,500,315,2000,16000,strided,1,8,1,1,0.5,0.015014
1000000,500,316,2000,16000,strided,1,8,1,1,0.5,0.0154
1000000,500,317,2000,16000,strided,1,8,1,1,0.5,0.015621
1000000,500,318,2000,16000,strided,1,8,1,1,0.5,0.015065
1000000,500,319,2000,16000,strided,1,8,1,1,0.5,0.015948
1000000,500,320,2000,16000,strided,1,8,1,1,0.5,0.016839
1000000,500,321,2000,16000,strided,1,8,1,1,0.5,0.015131
1000000,500,322,2000,16000,strided,1,8,1,1,0.5,0.01513
1000000,500,323,2000,16000,strided,1,8,1,1,0.5,0.015225
1000000,500,324,2000,16000,strided,1,8,1,1,0.5,0.015525
1000000,500,325,2000,16000,strided,1,8,1,1,0.5,0.015405
1000000,500,326,2000,16000,strided,1,8,1,1,0.5,0.015181
1000000,500,327,2000,16000,strided,1,8,1,1,0.5,0.015348
1000000,500,328,2000,16000,strided,1,8,1,1,0.5,0.015341
1000000,500,329,2000,16000,strided,1,8,1,1,0.5,0.015087
1000000,500,330,2000,16000,strided,1,8,1,1,0.5,0.01491
1000000,500,331,2000,16000,strided,1,8,1,1,0.5,0.015313
1000000,500,332,2000,16000,strided,1,8,1,1,0.5,0.015248
1000000,500,333,2000,16000,strided,1,8,1,1,0.5,0.015358
1000000,500,334,2000,16000,strided,1,8,1,1,0.5,0.015795
1000000,500,335,2000,16000,strided,1,8,1,1,0.5,0.016569
1000000,500,336,2000,16000,strided,1,8,1,1,0.5,0.015699
1000000,500,337,2000,16000,strided,1,8,1,1,0.5,0.015069
1000000,500,338,2000,16000,strided,1,8,1,1,0.5,0.015207
1000000,500,339,2000,16000,strided,1,8,1,1,0.5,0.015053
1000000,500,340,2000,16000,strided,1,8,1,1,0.5,0.015237
1000000,500,341,2000,16000,strided,1,8,1,1,0.5,0.0152
1000000,500,342,2000,16000,strided,1,8,1,1,0.5,0.015713
1000000,500,343,2000,16000,strided,1,8,1,1,0.5,0.01531
1000000,500,344,2000,16000,strided,1,8,1,1,0.5,0.015633
1000000,500,345,2000,16000,strided,1,8,1,1,0.5,0.015349
1000000,500,346,2000,16000,strided,1,8,1,1,0.5,0.015151
1000000,500,347,2000,16000,strided,1,8,1,1,0.5,0.015234
1000000,500,348,2000,16000,strided,1,8,1,1,0.5,0.015423
1000000,500,349,2000,16000,strided,1,8,1,1,0.5,0.015589
1000000,500,350,2000,16000,strided,1,8,1,1,0.5,0.01551
1000000,500,351,2000,16000,strided,1,8,1,1,0.5,0.015092
1000000,500,352,2000,16000,strided,1,8,1,1,0.5,0.015056
1000000,500,353,2000,16000,strided,1,8,1,1,0.5,0.015113
1000000,500,354,2000,16000,strided,1,8,1,1,0.5,0.015233
1000000,500,355,2000,16000,strided,1,8,1,1,0.5,0.015133
1000000,500,356,2000,16000,strided,1,8,1,1,0.5,0.026477
1000000,500,357,2000,16000,strided,1,8,1,1,0.5,0.015524
1000000,500,358,2000,16000,strided,1,8,1,1,0.5,0.015135
1000000,500,359,2000,16000,strided,1,8,1,1,0.5,0.015171
1000000,500,360,2000,16000,strided,1,8,1,1,0.5,0.015164
1000000,500,361,2000,16000,strided,1,8,1,1,0.5,0.01506
1000000,500,362,2000,16000,strided,1,8,1,1,0.5,0.015002
1000000,500,363,2000,16000,strided,1,8,1,1,0.5,0.015764
1000000,500,364,2000,16000,strided,1,8,1,1,0.5,0.015215
1000000,500,365,2000,16000,strided,1,8,1,1,0.5,0.015207
1000000,500,366,2000,16000,strided,1,8,1,1,0.5,0.015109
1000000,500,367,2000,16000,strided,1,8,1,1,0.5,0.015401
1000000,500,368,2000,16000,strided,1,8,1,1,0.5,0.015206
1000000,500,369,2000,16000,strided,1,8,1,1,0.5,0.015077
1000000,500,370,2000,16000,strided,1,8,1,1,0.5,0.015537
1000000,500,371,2000,16000,strided,1,8,1,1,0.5,0.016316
1000000,500,372,2000,16000,strided,1,8,1,1,0.5,0.0156
1000000,500,373,2000,16000,strided,1,8,1,1,0.5,0.015149
1000000,500,374,2000,16000,strided,1,8,1,1,0.5,0.015125
1000000,500,375,2000,16000,strided,1,8,1,1,0.5,0.015304
1000000,500,376,2000,16000,strided,1,8,1,1,0.5,0.015164
1000000,500,377,2000,16000,strided,1,8,1,1,0.5,0.015196
1000000,500,378,2000,16000,strided,1,8,1,1,0.5,0.015269
1000000,500,379,2000,16000,strided,1,8,1,1,0.5,0.015387
1000000,500,380,2000,16000,strided,1,8,1,1,0.5,0.015365
1000000,500,381,2000,16000,strided,1,8,1,1,0.5,0.015367
1000000,500,382,2000,16000,strided,1,8,1,1,0.5,0.015316
1000000,500,383,2000,16000,strided,1,8,1,1,0.5,0.015086
1000000,500,384,2000,16000,strided,1,8,1,1,0.5,0.015374
1000000,500,385,2000,16000,strided,1,8,1,1,0.5,0.015578
1000000,500,386,2000,16000,strided,1,8,1,1,0.5,0.015848
1000000,500,387,2000,16000,strided,1,8,1,1,0.5,0.015576
1000000,500,388,2000,16000,strided,1,8,1,1,0.5,0.015086
1000000,500,389,2000,16000,strided,1,8,1,1,0.5,0.015431
1000000,500,390,2000,16000,strided,1,8,1,1,0.5,0.015205
1000000,500,391,2000,16000,strided,1,8,1,1,0.5,0.016528
1000000,500,392,2000,16000,strided,1,8,1,1,0.5,0.015804
1000000,500,393,2000,16000,strided,1,8,1,1,0.5,0.015346
1000000,500,394,2000,16000,strided,1,8,1,1,0.5,0.015133
1000000,500,395,2000,16000,strided,1,8,1,1,0.5,0.015346
1000000,500,396,2000,16000,strided,1,8,1,1,0.5,0.015262
1000000,500,397,2000,16000,strided,1,8,1,1,0.5,0.015411
1000000,500,398,2000,16000,strided,1,8,1,1,0.5,0.015337
1000000,500,399,2000,16000,strided,1,8,1,1,0.5,0.016127
1000000,500,400,2000,16000,strided,1,8,1,1,0.5,0.015156
1000000,500,401,2000,16000,strided,1,8,1,1,0.5,0.015639
1000000,500,402,2000,16000,strided,1,8,1,1,0.5,0.01502
1000000,500,403,2000,16000,strided,1,8,1,1,0.5,0.015056
1000000,500,404,2000,16000,strided,1,8,1,1,0.5,0.015135
1000000,500,405,2000,16000,strided,1,8,1,1,0.5,0.015379
1000000,500,406,2000,16000,strided,1,8,1,1,0.5,0.015907
1000000,500,407,2000,16000,strided,1,8,1,1,0.5,0.015716
1000000,500,408,2000,16000,strided,1,8,1,1,0.5,0.015545
1000000,500,409,2000,16000,strided,1,8,1,1,0.5,0.015181
1000000,500,410,2000,16000,strided,1,8,1,1,0.5,0.015196
1000000,500,411,2000,16000,strided,1,8,1,1,0.5,0.015367
1000000,500,412,2000,16000,strided,1,8,1,1,0.5,0.01543
1000000,500,413,2000,16000,strided,1,8,1,1,0.5,0.015361
1000000,500,414,2000,16000,strided,1,8,1,1,0.5,0.015392
1000000,500,415,2000,16000,strided,1,8,1,1,0.5,0.015137
1000000,500,416,2000,16000,strided,1,8,1,1,0.5,0.015716
1000000,500,417,2000,16000,strided,1,8,1,1,0.5,0.015124
1000000,500,418,2000,16000,strided,1,8,1,1,0.5,0.015571
1000000,500,419,2000,16000,strided,1,8,1,1,0.5,0.015231
1000000,500,420,2000,16000,strided,1,8,1,1,0.5,0.015739
1000000,500,421,2000,16000,strided,1,8,1,1,0.5,0.015431
1000000,500,422,2000,16000,strided,1,8,1,1,0.5,0.015434
1000000,500,423,2000,16000,strided,1,8,1,1,0.5,0.015281
1000000,500,424,2000,16000,strided,1,8,1,1,0.5,0.01501
1000000,500,425,2000,16000,strided,1,8,1,1,0.5,0.015049
1000000,500,426,2000,16000,strided,1,8,1,1,0.5,0.015137
1000000,500,427,2000,16000,strided,1,8,1,1,0.5,0.015201
1000000,500,428,2000,16000,strided,1,8,1,1,0.5,0.015083
1000000,500,429,2000,16000,strided,1,8,1,1,0.5,0.015778
1000000,500,430,2000,16000,strided,1,8,1,1,0.5,0.015383
1000000,500,431,2000,16000,strided,1,8,1,1,0.5,0.015156
1000000,500,432,2000,16000,strided,1,8,1,1,0.5,0.01498
1000000,500,433,2000,16000,strided,1,8,1,1,0.5,0.014939
1000000,500,434,2000,16000,strided,1,8,1,1,0.5,0.015292
1000000,500,435,2000,16000,strided,1,8,1,1,0.5,0.015349
1000000,500,436,2000,16000,strided,1,8,1,1,0.5,0.016328
1000000,500,437,2000,16000,strided,1,8,1,1,0.5,0.015319
1000000,500,438,2000,16000,strided,1,8,1,1,0.5,0.015215
1000000,500,439,2000,16000,strided,1,8,1,1,0.5,0.015297
1000000,500,440,2000,16000,strided,1,8,1,1,0.5,0.015167
1000000,500,441,2000,16000,strided,1,8,1,1,0.5,0.015312
1000000,500,442,2000,16000,strided,1,8,1,1,0.5,0.015221
1000000,500,443,2000,16000,strided,1,8,1,1,0.5,0.015395
1000000,500,444,2000,16000,strided,1,8,1,1,0.5,0.015617
1000000,500,445,2000,16000,strided,1,8,1,1,0.5,0.015493
1000000,500,446,2000,16000,strided,1,8,1,1,0.5,0.015126
1000000,500,447,2000,16000,strided,1,8,1,1,0.5,0.015592
1000000,500,448,2000,16000,strided,1,8,1,1,0.5,0.015066
1000000,500,449,2000,16000,strided,1,8,1,1,0.5,0.015523
1000000,500,450,2000,16000,strided,1,8,1,1,0.5,0.015242
1000000,500,451,2000,16000,strided,1,8,1,1,0.5,0.015066
1000000,500,452,2000,16000,strided,1,8,1,1,0.5,0.01529
1000000,500,453,2000,16000,strided,1,8,1,1,0.5,0.015444
1000000,500,454,2000,16000,strided,1,8,1,1,0.5,0.015185
1000000,500,455,2000,16000,strided,1,8,1,1,0.5,0.01519
1000000,500,456,2000,16000,strided,1,8,1,1,0.5,0.01533
1000000,500,457,2000,16000,strided,1,8,1,1,0.5,0.015483
1000000,500,458,2000,16000,strided,1,8,1,1,0.5,0.015283
1000000,500,459,2000,16000,strided,1,8,1,1,0.5,0.015375
1000000,500,460,2000,16000,strided,1,8,1,1,0.5,0.015201
1000000,500,461,2000,16000,strided,1,8,1,1,0.5,0.015115
1000000,500,462,2000,16000,strided,1,8,1,1,0.5,0.015069
1000000,500,463,2000,16000,strided,1,8,1,1,0.5,0.01542
1000000,500,464,2000,16000,strided,1,8,1,1,0.5,0.015078
1000000,500,465,2000,16000,strided,1,8,1,1,0.5,0.015375
1000000,500,466,2000,16000,strided,1,8,1,1,0.5,0.015264
1000000,500,467,2000,16000,strided,1,8,1,1,0.5,0.015292
1000000,500,468,2000,16000,strided,1,8,1,1,0.5,0.015355
1000000,500,469,2000,16000,strided,1,8,1,1,0.5,0.015091
1000000,500,470,2000,16000,strided,1,8,1,1,0.5,0.015441
1000000,500,471,2000,16000,strided,1,8,1,1,0.5,0.015066
1000000,500,472,2000,16000,strided,1,8,1,1,0.5,0.015798
1000000,500,473,2000,16000,strided,1,8,1,1,0.5,0.015127
1000000,500,474,2000,16000,strided,1,8,1,1,0.5,0.015174
1000000,500,475,2000,16000,strided,1,8,1,1,0.5,0.015248
1000000,500,476,2000,16000,strided,1,8,1,1,0.5,0.015335
1000000,500,477,2000,16000,strided,1,8,1,1,0.5,0.015338
1000000,500,478,2000,16000,strided,1,8,1,1,0.5,0.015118
1000000,500,479,2000,16000,strided,1,8,1,1,0.5,0.015561
1000000,500,480,2000,16000,strided,1,8,1,1,0.5,0.016083
1000000,500,481,2000,16000,strided,1,8,1,1,0.5,0.015453
1000000,500,482,2000,16000,strided,1,8,1,1,0.5,0.015181
1000000,500,483,2000,16000,strided,1,8,1,1,0.5,0.014923
1000000,500,484,2000,16000,strided,1,8,1,1,0.5,0.015016
1000000,500,485,2000,16000,strided,1,8,1,1,0.5,0.015175
1000000,500,486,2000,16000,strided,1,8,1,1,0.5,0.015389
1000000,500,487,2000,16000,strided,1,8,1,1,0.5,0.015919
1000000,500,488,2000,16000,strided,1,8,1,1,0.5,0.015335
1000000,500,489,2000,16000,strided,1,8,1,1,0.5,0.015257
1000000,500,490,2000,16000,strided,1,8,1,1,0.5,0.015517
1000000,500,491,2000,16000,strided,1,8,1,1,0.5,0.015138
1000000,500,492,2000,16000,strided,1,8,1,1,0.5,0.015313
1000000,500,493,2000,16000,strided,1,8,1,1,0.5,0.015178
1000000,500,494,2000,16000,strided,1,8,1,1,0.5,0.015292
1000000,500,495,2000,16000,strided,1,8,1,1,0.5,0.015371
1000000,500,496,2000,16000,strided,1,8,1,1,0.5,0.015292
1000000,500,497,2000,16000,strided,1,8,1,1,0.5,0.015054
1000000,500,498,2000,16000,strided,1,8,1,1,0.5,0.015031
1000000,500,499,2000,16000,strided,1,8,1,1,0.5,0.015395
1000000,500,0,2000,16000,strided,1,8,5,5,0.5,0.040452
1000000,500,1,2000,16000,strided,1,8,5,5,0.5,0.040475
1000000,500,2,2000,16000,strided,1,8,5,5,0.5,0.04188
1000000,500,3,2000,16000,strided,1,8,5,5,0.5,0.040268
1000000,500,4,2000,16000,strided,1,8,5,5,0.5,0.039656
1000000,500,5,2000,16000,strided,1,8,5,5,0.5,0.039401
1000000,500,6,2000,16000,strided,1,8,5,5,0.5,0.040136
1000000,500,7,2000,16000,strided,1,8,5,5,0.5,0.040075
1000000,500,8,2000,16000,strided,1,8,5,5,0.5,0.0416
1000000,500,9,2000,16000,strided,1,8,5,5,0.5,0.039723
1000000,500,10,2000,16000,strided,1,8,5,5,0.5,0.040165
1000000,500,11,2000,16000,strided,1,8,5,5,0.5,0.040079
1000000,500,12,2000,16000,strided,1,8,5,5,0.5,0.040845
1000000,500,13,2000,16000,strided,1,8,5,5,0.5,0.040545
1000000,500,14,2000,16000,strided,1,8,5,5,0.5,0.04001
1000000,500,15,2000,16000,strided,1,8,5,5,0.5,0.04149
1000000,500,16,2000,16000,strided,1,8,5,5,0.5,0.041097
1000000,500,17,2000,16000,strided,1,8,5,5,0.5,0.042127
1000000,500,18,2000,16000,strided,1,8,5,5,0.5,0.039511
1000000,500,19,2000,16000,strided,1,8,5,5,0.5,0.039932
1000000,500,20,2000,16000,strided,1,8,5,5,0.5,0.039746
1000000,500,21,2000,16000,strided,1,8,5,5,0.5,0.039795
1000000,500,22,2000,16000,strided,1,8,5,5,0.5,0.040465
1000000,500,23,2000,16000,strided,1,8,5,5,0.5,0.041174
1000000,500,24,2000,16000,strided,1,8,5,5,0.5,0.040403
1000000,500,25,2000,16000,strided,1,8,5,5,0.5,0.039916
1000000,500,26,2000,16000,strided,1,8,5,5,0.5,0.039906
1000000,500,27,2000,16000,strided,1,8,5,5,0.5,0.040714
1000000,500,28,2000,16000,strided,1,8,5,5,0.5,0.040448
1000000,500,29,2000,16000,strided,1,8,5,5,0.5,0.041589
1000000,500,30,2000,16000,strided,1,8,5,5,0.5,0.040636
1000000,500,31,2000,16000,strided,1,8,5,5,0.5,0.040448
1000000,500,32,2000,16000,strided,1,8,5,5,0.5,0.041463
1000000,500,33,2000,16000,strided,1,8,5,5,0.5,0.040427
1000000,500,34,2000,16000,strided,1,8,5,5,0.5,0.040957
1000000,500,35,2000,16000,strided,1,8,5,5,0.5,0.040794
1000000,500,36,2000,16000,strided,1,8,5,5,0.5,0.039866
1000000,500,37,2000,16000,strided,1,8,5,5,0.5,0.039787
1000000,500,38,2000,16000,strided,1,8,5,5,0.5,0.039502
1000000,500,39,2000,16000,strided,1,8,5,5,0.5,0.039648
1000000,500,40,2000,16000,strided,1,8,5,5,0.5,0.040308
1000000,500,41,2000,16000,strided,1,8,5,5,0.5,0.041369
1000000,500,42,2000,16000,strided,1,8,5,5,0.5,0.039551
1000000,500,43,2000,16000,strided,1,8,5,5,0.5,0.041488
1000000,500,44,2000,16000,strided,1,8,5,5,0.5,0.041057
1000000,500,45,2000,16000,strided,1,8,5,5,0.5,0.03973
1000000,500,46,2000,16000,strided,1,8,5,5,0.5,0.04235
1000000,500,47,2000,16000,strided,1,8,5,5,0.5,0.042096
1000000,500,48,2000,16000,strided,1,8,5,5,0.5,0.040285
1000000,500,49,2000,16000,strided,1,8,5,5,0.5,0.040246
1000000,500,50,2000,16000,strided,1,8,5,5,0.5,0.042043
1000000,500,51,2000,16000,strided,1,8,5,5,0.5,0.039177
1000000,500,52,2000,16000,strided,1,8,5,5,0.5,0.039102
1000000,500,53,2000,16000,strided,1,8,5,5,0.5,0.041213
1000000,500,54,2000,16000,strided,1,8,5,5,0.5,0.041039
1000000,500,55,2000,16000,strided,1,8,5,5,0.5,0.039157
1000000,500,56,2000,16000,strided,1,8,5,5,0.5,0.039127
1000000,500,57,2000,16000,strided,1,8,5,5,0.5,0.041307
1000000,500,58,2000,16000,strided,1,8,5,5,0.5,0.039788
1000000,500,59,2000,16000,strided,1,8,5,5,0.5,0.039228
1000000,500,60,2000,16000,strided,1,8,5,5,0.5,0.039631
1000000,500,61,2000,16000,strided,1,8,5,5,0.5,0.039908
1000000,500,62,2000,16000,strided,1,8,5,5,0.5,0.041013
1000000,500,63,2000,16000,strided,1,8,5,5,0.5,0.041787
1000000,500,64,2000,16000,strided,1,8,5,5,0.5,0.040939
1000000,500,65,2000,16000,strided,1,8,5,5,0.5,0.040262
1000000,500,66,2000,16000,strided,1,8,5,5,0.5,0.039705
1000000,500,67,2000,16000,strided,1,8,5,5,0.5,0.039213
1000000,500,68,2000,16000,strided,1,8,5,5,0.5,0.03985
1000000,500,69,2000,16000,strided,1,8,5,5,0.5,0.0405
1000000,500,70,2000,16000,strided,1,8,5,5,0.5,0.039433
1000000,500,71,2000,16000,strided,1,8,5,5,0.5,0.039772
1000000,500,72,2000,16000,strided,1,8,5,5,0.5,0.040828
1000000,500,73,2000,16000,strided,1,8,5,5,0.5,0.040468
1000000,500,74,2000,16000,strided,1,8,5,5,0.5,0.04218
1000000,500,75,2000,16000,strided,1,8,5,5,0.5,0.0396
1000000,500,76,2000,16000,strided,1,8,5,5,0.5,0.040055
1000000,500,77,2000,16000,strided,1,8,5,5,0.5,0.041828
1000000,500,78,2000,16000,strided,1,8,5,5,0.5,0.040013
1000000,500,79,2000,16000,strided,1,8,5,5,0.5,0.040015
1000000,500,80,2000,16000,strided,1,8,5,5,0.5,0.040233
1000000,500,81,2000,16000,strided,1,8,5,5,0.5,0.040514
1000000,500,82,2000,16000,strided,1,8,5,5,0.5,0.040802
1000000,500,83,2000,16000,strided,1,8,5,5,0.5,0.040808
1000000,500,84,2000,16000,strided,1,8,5,5,0.5,0.041374
1000000,500,85,2000,16000,strided,1,8,5,5,0.5,0.040534
1000000,500,86,2000,16000,strided,1,8,5,5,0.5,0.039269
1000000,500,87,2000,16000,strided,1,8,5,5,0.5,0.042356
1000000,500,88,2000,16000,strided,1,8,5,5,0.5,0.0405
1000000,500,89,2000,16000,strided,1,8,5,5,0.5,0.041225
1000000,500,90,2000,16000,strided,1,8,5,5,0.5,0.042299
1000000,500,91,2000,16000,strided,1,8,5,5,0.5,0.039964
1000000,500,92,2000,16000,strided,1,8,5,5,0.5,0.040561
1000000,500,93,2000,16000,strided,1,8,5,5,0.5,0.043217
1000000,500,94,2000,16000,strided,1,8,5,5,0.5,0.039823
1000000,500,95,2000,16000,strided,1,8,5,5,0.5,0.040652
1000000,500,96,2000,16000,strided,1,8,5,5,0.5,0.039266
1000000,500,97,2000,16000,strided,1,8,5,5,0.5,0.039994
1000000,500,98,2000,16000,strided,1,8,5,5,0.5,0.039786
1000000,500,99,2000,16000,strided,1,8,5,5,0.5,0.040378
1000000,500,100,2000,16000,strided,1,8,5,5,0.5,0.041787
1000000,500,101,2000,16000,strided,1,8,5,5,0.5,0.041191
1000000,500,102,2000,16000,strided,1,8,5,5,0.5,0.040341
1000000,500,103,2000,16000,strided,1,8,5,5,0.5,0.039111
1000000,500,104,2000,16000,strided,1,8,5,5,0.5,0.040049
1000000,500,105,2000,16000,strided,1,8,5,5,0.5,0.040223
1000000,500,106,2000,16000,strided,1,8,5,5,0.5,0.040659
1000000,500,107,2000,16000,strided,1,8,5,5,0.5,0.040101
1000000,500,108,2000,16000,strided,1,8,5,5,0.5,0.041474
1000000,500,109,2000,16000,strided,1,8,5,5,0.5,0.041706
1000000,500,110,2000,16000,strided,1,8,5,5,0.5,0.039049
1000000,500,111,2000,16000,strided,1,8,5,5,0.5,0.040664
1000000,500,112,2000,16000,strided,1,8,5,5,0.5,0.039959
1000000,500,113,2000,16000,strided,1,8,5,5,0.5,0.042026
1000000,500,114,2000,16000,strided,1,8,5,5,0.5,0.041505
1000000,500,115,2000,16000,strided,1,8,5,5,0.5,0.039842
1000000,500,116,2000,16000,strided,1,8,5,5,0.5,0.042241
1000000,500,117,2000,16000,strided,1,8,5,5,0.5,0.041223
1000000,500,118,2000,16000,strided,1,8,5,5,0.5,0.041932
1000000,500,119,2000,16000,strided,1,8,5,5,0.5,0.039313
1000000,500,120,2000,16000,strided,1,8,5,5,0.5,0.041215
1000000,500,121,2000,16000,strided,1,8,5,5,0.5,0.0421
1000000,500,122,2000,16000,strided,1,8,5,5,0.5,0.039708
1000000,500,123,2000,16000,strided,1,8,5,5,0.5,0.041264
1000000,500,124,2000,16000,strided,1,8,5,5,0.5,0.040506
1000000,500,125,2000,16000,strided,1,8,5,5,0.5,0.041411
1000000,500,126,2000,16000,strided,1,8,5,5,0.5,0.039599
1000000,500,127,2000,16000,strided,1,8,5,5,0.5,0.043019
1000000,500,128,2000,16000,strided,1,8,5,5,0.5,0.039953
1000000,500,129,2000,16000,strided,1,8,5,5,0.5,0.040414
1000000,500,130,2000,16000,strided,1,8,5,5,0.5,0.040186
1000000,500,131,2000,16000,strided,1,8,5,5,0.5,0.040004
1000000,500,132,2000,16000,strided,1,8,5,5,0.5,0.040753
1000000,500,133,2000,16000,strided,1,8,5,5,0.5,0.04754
1000000,500,134,2000,16000,strided,1,8,5,5,0.5,0.042262
1000000,500,135,2000,16000,strided,1,8,5,5,0.5,0.039931
1000000,500,136,2000,16000,strided,1,8,5,5,0.5,0.040378
1000000,500,137,2000,16000,strided,1,8,5,5,0.5,0.040604
1000000,500,138,2000,16000,strided,1,8,5,5,0.5,0.040413
1000000,500,139,2000,16000,strided,1,8,5,5,0.5,0.039513
1000000,500,140,2000,16000,strided,1,8,5,5,0.5,0.040725
1000000,500,141,2000,16000,strided,1,8,5,5,0.5,0.040048
1000000,500,142,2000,16000,strided,1,8,5,5,0.5,0.03925
1000000,500,143,2000,16000,strided,1,8,5,5,0.5,0.039353
1000000,500,144,2000,16000,strided,1,8,5,5,0.5,0.039528
1000000,500,145,2000,16000,strided,1,8,5,5,0.5,0.039463
1000000,500,146,2000,16000,strided,1,8,5,5,0.5,0.040484
1000000,500,147,2000,16000,strided,1,8,5,5,0.5,0.040829
1000000,500,148,2000,16000,strided,1,8,5,5,0.5,0.039811
1000000,500,149,2000,16000,strided,1,8,5,5,0.5,0.039612
1000000,500,150,2000,16000,strided,1,8,5,5,0.5,0.042146
1000000,500,151,2000,16000,strided,1,8,5,5,0.5,0.040842
1000000,500,152,2000,16000,strided,1,8,5,5,0.5,0.040406
1000000,500,153,2000,16000,strided,1,8,5,5,0.5,0.040039
1000000,500,154,2000,16000,strided,1,8,5,5,0.5,0.039166
1000000,500,155,2000,16000,strided,1,8,5,5,0.5,0.041779
1000000,500,156,2000,16000,strided,1,8,5,5,0.5,0.039489
1000000,500,157,2000,16000,strided,1,8,5,5,0.5,0.039565
1000000,500,158,2000,16000,strided,1,8,5,5,0.5,0.041464
1000000,500,159,2000,16000,strided,1,8,5,5,0.5,0.041883
1000000,500,160,2000,16000,strided,1,8,5,5,0.5,0.039272
1000000,500,161,2000,16000,strided,1,8,5,5,0.5,0.040143
1000000,500,162,2000,16000,strided,1,8,5,5,0.5,0.042974
1000000,500,163,2000,16000,strided,1,8,5,5,0.5,0.041673
1000000,500,164,2000,16000,strided,1,8,5,5,0.5,0.040725
1000000,500,165,2000,16000,strided,1,8,5,5,0.5,0.038964
1000000,500,166,2000,16000,strided,1,8,5,5,0.5,0.03916
1000000,500,167,2000,16000,strided,1,8,5,5,0.5,0.039122
1000000,500,168,2000,16000,strided,1,8,5,5,0.5,0.039849
1000000,500,169,2000,16000,strided,1,8,5,5,0.5,0.04142
1000000,500,170,2000,16000,strided,1,8,5,5,0.5,0.040288
1000000,500,171,2000,16000,strided,1,8,5,5,0.5,0.039383
1000000,500,172,2000,16000,strided,1,8,5,5,0.5,0.039726
1000000,500,173,2000,16000,strided,1,8,5,5,0.5,0.041894
1000000,500,174,2000,16000,strided,1,8,5,5,0.5,0.062621
1000000,500,175,2000,16000,strided,1,8,5,5,0.5,0.04017
1000000,500,176,2000,16000,strided,1,8,5,5,0.5,0.039385
1000000,500,177,2000,16000,strided,1,8,5,5,0.5,0.040757
1000000,500,178,2000,16000,strided,1,8,5,5,0.5,0.041638
1000000,500,179,2000,16000,strided,1,8,5,5,0.5,0.041828
1000000,500,180,2000,16000,strided,1,8,5,5,0.5,0.040115
1000000,500,181,2000,16000,strided,1,8,5,5,0.5,0.040302
1000000,500,182,2000,16000,strided,1,8,5,5,0.5,0.040359
1000000,500,183,2000,16000,strided,1,8,5,5,0.5,0.040406
1000000,500,184,2000,16000,strided,1,8,5,5,0.5,0.040524
1000000,500,185,2000,16000,strided,1,8,5,5,0.5,0.040466
1000000,500,186,2000,16000,strided,1,8,5,5,0.5,0.040684
1000000,500,187,2000,16000,strided,1,8,5,5,0.5,0.041429
1000000,500,188,2000,16000,strided,1,8,5,5,0.5,0.039329
1000000,500,189,2000,16000,strided,1,8,5,5,0.5,0.040448
1000000,500,190,2000,16000,strided,1,8,5,5,0.5,0.04009
1000000,500,191,2000,16000,strided,1,8,5,5,0.5,0.040124
1000000,500,192,2000,16000,strided,1,8,5,5,0.5,0.040012
1000000,500,193,2000,16000,strided,1,8,5,5,0.5,0.039588
1000000,500,194,2000,16000,strided,1,8,5,5,0.5,0.039533
1000000,500,195,2000,16000,strided,1,8,5,5,0.5,0.042361
1000000,500,196,2000,16000,strided,1,8,5,5,0.5,0.040196
1000000,500,197,2000,16000,strided,1,8,5,5,0.5,0.040207
1000000,500,198,2000,16000,strided,1,8,5,5,0.5,0.039386
1000000,500,199,2000,16000,strided,1,8,5,5,0.5,0.040744
1000000,500,200,2000,16000,strided,1,8,5,5,0.5,0.040542
1000000,500,201,2000,16000,strided,1,8,5,5,0.5,0.040806
1000000,500,202,2000,16000,strided,1,8,5,5,0.5,0.04063
1000000,500,203,2000,16000,strided,1,8,5,5,0.5,0.040657
1000000,500,204,2000,16000,strided,1,8,5,5,0.5,0.041199
1000000,500,205,2000,16000,strided,1,8,5,5,0.5,0.040219
1000000,500,206,2000,16000,strided,1,8,5,5,0.5,0.041371
1000000,500,207,2000,16000,strided,1,8,5,5,0.5,0.041762
1000000,500,208,2000,16000,strided,1,8,5,5,0.5,0.040671
1000000,500,209,2000,16000,strided,1,8,5,5,0.5,0.040218
1000000,500,210,2000,16000,strided,1,8,5,5,0.5,0.04205
1000000,500,211,2000,16000,strided,1,8,5,5,0.5,0.042384
1000000,500,212,2000,16000,strided,1,8,5,5,0.5,0.03979
1000000,500,213,2000,16000,strided,1,8,5,5,0.5,0.040237
1000000,500,214,2000,16000,strided,1,8,5,5,0.5,0.039892
1000000,500,215,2000,16000,strided,1,8,5,5,0.5,0.040448
1000000,500,216,2000,16000,strided,1,8,5,5,0.5,0.041779
1000000,500,217,2000,16000,strided,1,8,5,5,0.5,0.045876
1000000,500,218,2000,16000,strided,1,8,5,5,0.5,0.040517
1000000,500,219,2000,16000,strided,1,8,5,5,0.5,0.041481
1000000,500,220,2000,16000,strided,1,8,5,5,0.5,0.039277
1000000,500,221,2000,16000,strided,1,8,5,5,0.5,0.039971
1000000,500,222,2000,16000,strided,1,8,5,5,0.5,0.039647
1000000,500,223,2000,16000,strided,1,8,5,5,0.5,0.042058
1000000,500,224,2000,16000,strided,1,8,5,5,0.5,0.041169
1000000,500,225,2000,16000,strided,1,8,5,5,0.5,0.040119
1000000,500,226,2000,16000,strided,1,8,5,5,0.5,0.040813
1000000,500,227,2000,16000,strided,1,8,5,5,0.5,0.040589
1000000,500,228,2000,16000,strided,1,8,5,5,0.5,0.039362
1000000,500,229,2000,16000,strided,1,8,5,5,0.5,0.039646
1000000,500,230,2000,16000,strided,1,8,5,5,0.5,0.040741
1000000,500,231,2000,16000,strided,1,8,5,5,0.5,0.039937
1000000,500,232,2000,16000,strided,1,8,5,5,0.5,0.04069
1000000,500,233,2000,16000,strided,1,8,5,5,0.5,0.04026
1000000,500,234,2000,16000,strided,1,8,5,5,0.5,0.041599
1000000,500,235,2000,16000,strided,1,8,5,5,0.5,0.040645
1000000,500,236,2000,16000,strided,1,8,5,5,0.5,0.043429
1000000,500,237,2000,16000,strided,1,8,5,5,0.5,0.041601
1000000,500,238,2000,16000,strided,1,8,5,5,0.5,0.040882
1000000,500,239,2000,16000,strided,1,8,5,5,0.5,0.040268
1000000,500,240,2000,16000,strided,1,8,5,5,0.5,0.039397
1000000,500,241,2000,16000,strided,1,8,5,5,0.5,0.040438
1000000,500,242,2000,16000,strided,1,8,5,5,0.5,0.040496
1000000,500,243,2000,16000,strided,1,8,5,5,0.5,0.043402
1000000,500,244,2000,16000,strided,1,8,5,5,0.5,0.04015
1000000,500,245,2000,16000,strided,1,8,5,5,0.5,0.039409
1000000,500,246,2000,16000,strided,1,8,5,5,0.5,0.041509
1000000,500,247,2000,16000,strided,1,8,5,5,0.5,0.039226
1000000,500,248,2000,16000,strided,1,8,5,5,0.5,0.041696
1000000,500,249,2000,16000,strided,1,8,5,5,0.5,0.040585
1000000,500,250,2000,16000,strided,1,8,5,5,0.5,0.040652
1000000,500,251,2000,16000,strided,1,8,5,5,0.5,0.040609
1000000,500,252,2000,16000,strided,1,8,5,5,0.5,0.041056
1000000,500,253,2000,16000,strided,1,8,5,5,0.5,0.03953
1000000,500,254,2000,16000,strided,1,8,5,5,0.5,0.039836
1000000,500,255,2000,16000,strided,1,8,5,5,0.5,0.04088
1000000,500,256,2000,16000,strided,1,8,5,5,0.5,0.039842
1000000,500,257,2000,16000,strided,1,8,5,5,0.5,0.042249
1000000,500,258,2000,16000,strided,1,8,5,5,0.5,0.039543
1000000,500,259,2000,16000,strided,1,8,5,5,0.5,0.040009
1000000,500,260,2000,16000,strided,1,8,5,5,0.5,0.040388
1000000,500,261,2000,16000,strided,1,8,5,5,0.5,0.03932
1000000,500,262,2000,16000,strided,1,8,5,5,0.5,0.040625
1000000,500,263,2000,16000,strided,1,8,5,5,0.5,0.040404
1000000,500,264,2000,16000,strided,1,8,5,5,0.5,0.060597
1000000,500,265,2000,16000,strided,1,8,5,5,0.5,0.040589
1000000,500,266,2000,16000,strided,1,8,5,5,0.5,0.040512
1000000,500,267,2000,16000,strided,1,8,5,5,0.5,0.040367
1000000,500,268,2000,16000,strided,1,8,5,5,0.5,0.04063
1000000,500,269,2000,16000,strided,1,8,5,5,0.5,0.040138
1000000,500,270,2000,16000,strided,1,8,5,5,0.5,0.040976
1000000,500,271,2000,16000,strided,1,8,5,5,0.5,0.043166
1000000,500,272,2000,16000,strided,1,8,5,5,0.5,0.041397
1000000,500,273,2000,16000,strided,1,8,5,5,0.5,0.04082
1000000,500,274,2000,16000,strided,1,8,5,5,0.5,0.040473
1000000,500,275,2000,16000,strided,1,8,5,5,0.5,0.04159
1000000,500,276,2000,16000,strided,1,8,5,5,0.5,0.040212
1000000,500,277,2000,16000,strided,1,8,5,5,0.5,0.043046
1000000,500,278,2000,16000,strided,1,8,5,5,0.5,0.041125
1000000,500,279,2000,16000,strided,1,8,5,5,0.5,0.041546
1000000,500,280,2000,16000,strided,1,8,5,5,0.5,0.042202
1000000,500,281,2000,16000,strided,1,8,5,5,0.5,0.03966
1000000,500,282,2000,16000,strided,1,8,5,5,0.5,0.040506
1000000,500,283,2000,16000,strided,1,8,5,5,0.5,0.04188
1000000,500,284,2000,16000,strided,1,8,5,5,0.5,0.040998
1000000,500,285,2000,16000,strided,1,8,5,5,0.5,0.041189
1000000,500,286,2000,16000,strided,1,8,5,5,0.5,0.039488
1000000,500,287,2000,16000,strided,1,8,5,5,0.5,0.039816
1000000,500,288,2000,16000,strided,1,8,5,5,0.5,0.040704
1000000,500,289,2000,16000,strided,1,8,5,5,0.5,0.041119
1000000,500,290,2000,16000,strided,1,8,5,5,0.5,0.04189
1000000,500,291,2000,16000,strided,1,8,5,5,0.5,0.048401
1000000,500,292,2000,16000,strided,1,8,5,5,0.5,0.03946
1000000,500,293,2000,16000,strided,1,8,5,5,0.5,0.040657
1000000,500,294,2000,16000,strided,1,8,5,5,0.5,0.040517
1000000,500,295,2000,16000,strided,1,8,5,5,0.5,0.040735
1000000,500,296,2000,16000,strided,1,8,5,5,0.5,0.039634
1000000,500,297,2000,16000,strided,1,8,5,5,0.5,0.041497
1000000,500,298,2000,16000,strided,1,8,5,5,0.5,0.040253
1000000,500,299,2000,16000,strided,1,8,5,5,0.5,0.041938
1000000,500,300,2000,16000,strided,1,8,5,5,0.5,0.040124
1000000,500,301,2000,16000,strided,1,8,5,5,0.5,0.041716
1000000,500,302,2000,16000,strided,1,8,5,5,0.5,0.039578
1000000,500,303,2000,16000,strided,1,8,5,5,0.5,0.03972
1000000,500,304,2000,16000,strided,1,8,5,5,0.5,0.04044
1000000,500,305,2000,16000,strided,1,8,5,5,0.5,0.037907
1000000,500,306,2000,16000,strided,1,8,5,5,0.5,0.03756
1000000,500,307,2000,16000,strided,1,8,5,5,0.5,0.03792
1000000,500,308,2000,16000,strided,1,8,5,5,0.5,0.039694
1000000,500,309,2000,16000,strided,1,8,5,5,0.5,0.037627
1000000,500,310,2000,16000,strided,1,8,5,5,0.5,0.039861
1000000,500,311,2000,16000,strided,1,8,5,5,0.5,0.040975
1000000,500,312,2000,16000,strided,1,8,5,5,0.5,0.039102
1000000,500,313,2000,16000,strided,1,8,5,5,0.5,0.039738
1000000,500,314,2000,16000,strided,1,8,5,5,0.5,0.038846
1000000,500,315,2000,16000,strided,1,8,5,5,0.5,0.038207
1000000,500,316,2000,16000,strided,1,8,5,5,0.5,0.038292
1000000,500,317,2000,16000,strided,1,8,5,5,0.5,0.038354
1000000,500,318,2000,16000,strided,1,8,5,5,0.5,0.040296
1000000,500,319,2000,16000,strided,1,8,5,5,0.5,0.040493
1000000,500,320,2000,16000,strided,1,8,5,5,0.5,0.041247
1000000,500,321,2000,16000,strided,1,8,5,5,0.5,0.040873
1000000,500,322,2000,16000,strided,1,8,5,5,0.5,0.03954
1000000,500,323,2000,16000,strided,1,8,5,5,0.5,0.040671
1000000,500,324,2000,16000,strided,1,8,5,5,0.5,0.041239
1000000,500,325,2000,16000,strided,1,8,5,5,0.5,0.041364
1000000,500,326,2000,16000,strided,1,8,5,5,0.5,0.04011
1000000,500,327,2000,16000,strided,1,8,5,5,0.5,0.040554
1000000,500,328,2000,16000,strided,1,8,5,5,0.5,0.039676
1000000,500,329,2000,16000,strided,1,8,5,5,0.5,0.039705
1000000,500,330,2000,16000,strided,1,8,5,5,0.5,0.040248
1000000,500,331,2000,16000,strided,1,8,5,5,0.5,0.041013
1000000,500,332,2000,16000,strided,1,8,5,5,0.5,0.043628
1000000,500,333,2000,16000,strided,1,8,5,5,0.5,0.042012
1000000,500,334,2000,16000,strided,1,8,5,5,0.5,0.040481
1000000,500,335,2000,16000,strided,1,8,5,5,0.5,0.040499
1000000,500,336,2000,16000,strided,1,8,5,5,0.5,0.040143
1000000,500,337,2000,16000,strided,1,8,5,5,0.5,0.042273
1000000,500,338,2000,16000,strided,1,8,5,5,0.5,0.040098
1000000,500,339,2000,16000,strided,1,8,5,5,0.5,0.039994
1000000,500,340,2000,16000,strided,1,8,5,5,0.5,0.040849
1000000,500,341,2000,16000,strided,1,8,5,5,0.5,0.03949
1000000,500,342,2000,16000,strided,1,8,5,5,0.5,0.040135
1000000,500,343,2000,16000,strided,1,8,5,5,0.5,0.041973
1000000,500,344,2000,16000,strided,1,8,5,5,0.5,0.040804
1000000,500,345,2000,16000,strided,1,8,5,5,0.5,0.041984
1000000,500,346,2000,16000,strided,1,8,5,5,0.5,0.040958
1000000,500,347,2000,16000,strided,1,8,5,5,0.5,0.041329
1000000,500,348,2000,16000,strided,1,8,5,5,0.5,0.040551
1000000,500,349,2000,16000,strided,1,8,5,5,0.5,0.040426
1000000,500,350,2000,16000,strided,1,8,5,5,0.5,0.041624
1000000,500,351,2000,16000,strided,1,8,5,5,0.5,0.040246
1000000,500,352,2000,16000,strided,1,8,5,5,0.5,0.039398
1000000,500,353,2000,16000,strided,1,8,5,5,0.5,0.040678
1000000,500,354,2000,16000,strided,1,8,5,5,0.5,0.041899
1000000,500,355,2000,16000,strided,1,8,5,5,0.5,0.040577
1000000,500,356,2000,16000,strided,1,8,5,5,0.5,0.040515
1000000,500,357,2000,16000,strided,1,8,5,5,0.5,0.040508
1000000,500,358,2000,16000,strided,1,8,5,5,0.5,0.039877
1000000,500,359,2000,16000,strided,1,8,5,5,0.5,0.041212
1000000,500,360,2000,16000,strided,1,8,5,5,0.5,0.041157
1000000,500,361,2000,16000,strided,1,8,5,5,0.5,0.040063
1000000,500,362,2000,16000,strided,1,8,5,5,0.5,0.039434
1000000,500,363,2000,16000,strided,1,8,5,5,0.5,0.04029
1000000,500,364,2000,16000,strided,1,8,5,5,0.5,0.039949
1000000,500,365,2000,16000,strided,1,8,5,5,0.5,0.043034
1000000,500,366,2000,16000,strided,1,8,5,5,0.5,0.041027
1000000,500,367,2000,16000,strided,1,8,5,5,0.5,0.040452
1000000,500,368,2000,16000,strided,1,8,5,5,0.5,0.039644
1000000,500,369,2000,16000,strided,1,8,5,5,0.5,0.039595
1000000,500,370,2000,16000,strided,1,8,5,5,0.5,0.040466
1000000,500,371,2000,16000,strided,1,8,5,5,0.5,0.041281
1000000,500,372,2000,16000,strided,1,8,5,5,0.5,0.040855
1000000,500,373,2000,16000,strided,1,8,5,5,0.5,0.039606
1000000,500,374,2000,16000,strided,1,8,5,5,0.5,0.039816
1000000,500,375,2000,16000,strided,1,8,5,5,0.5,0.040255
1000000,500,376,2000,16000,strided,1,8,5,5,0.5,0.040188
1000000,500,377,2000,16000,strided,1,8,5,5,0.5,0.040726
1000000,500,378,2000,16000,strided,1,8,5,5,0.5,0.04048
1000000,500,379,2000,16000,strided,1,8,5,5,0.5,0.039858
1000000,500,380,2000,16000,strided,1,8,5,5,0.5,0.041719
1000000,500,381,2000,16000,strided,1,8,5,5,0.5,0.0406
1000000,500,382,2000,16000,strided,1,8,5,5,0.5,0.039344
1000000,500,383,2000,16000,strided,1,8,5,5,0.5,0.039642
1000000,500,384,2000,16000,strided,1,8,5,5,0.5,0.040428
1000000,500,385,2000,16000,strided,1,8,5,5,0.5,0.039492
1000000,500,386,2000,16000,strided,1,8,5,5,0.5,0.039153
1000000,500,387,2000,16000,strided,1,8,5,5,0.5,0.041023
1000000,500,388,2000,16000,strided,1,8,5,5,0.5,0.039957
1000000,500,389,2000,16000,strided,1,8,5,5,0.5,0.039483
1000000,500,390,2000,16000,strided,1,8,5,5,0.5,0.040454
1000000,500,391,2000,16000,strided,1,8,5,5,0.5,0.039805
1000000,500,392,2000,16000,strided,1,8,5,5,0.5,0.042277
1000000,500,393,2000,16000,strided,1,8,5,5,0.5,0.040462
1000000,500,394,2000,16000,strided,1,8,5,5,0.5,0.042185
1000000,500,395,2000,16000,strided,1,8,5,5,0.5,0.040387
1000000,500,396,2000,16000,strided,1,8,5,5,0.5,0.039444
1000000,500,397,2000,16000,strided,1,8,5,5,0.5,0.040032
1000000,500,398,2000,16000,strided,1,8,5,5,0.5,0.040717
1000000,500,399,2000,16000,strided,1,8,5,5,0.5,0.040433
1000000,500,400,2000,16000,strided,1,8,5,5,0.5,0.041435
1000000,500,401,2000,16000,strided,1,8,5,5,0.5,0.041613
1000000,500,402,2000,16000,strided,1,8,5,5,0.5,0.04099
1000000,500,403,2000,16000,strided,1,8,5,5,0.5,0.039594
1000000,500,404,2000,16000,strided,1,8,5,5,0.5,0.04059
1000000,500,405,2000,16000,strided,1,8,5,5,0.5,0.040043
1000000,500,406,2000,16000,strided,1,8,5,5,0.5,0.040924
1000000,500,407,2000,16000,strided,1,8,5,5,0.5,0.040908
1000000,500,408,2000,16000,strided,1,8,5,5,0.5,0.04037
1000000,500,409,2000,16000,strided,1,8,5,5,0.5,0.041065
1000000,500,410,2000,16000,strided,1,8,5,5,0.5,0.040999
1000000,500,411,2000,16000,strided,1,8,5,5,0.5,0.039885
1000000,500,412,2000,16000,strided,1,8,5,5,0.5,0.039536
1000000,500,413,2000,16000,strided,1,8,5,5,0.5,0.040524
1000000,500,414,2000,16000,strided,1,8,5,5,0.5,0.039394
1000000,500,415,2000,16000,strided,1,8,5,5,0.5,0.040412
1000000,500,416,2000,16000,strided,1,8,5,5,0.5,0.040023
1000000,500,417,2000,16000,strided,1,8,5,5,0.5,0.041621
1000000,500,418,2000,16000,strided,1,8,5,5,0.5,0.040612
1000000,500,419,2000,16000,strided,1,8,5,5,0.5,0.040264
1000000,500,420,2000,16000,strided,1,8,5,5,0.5,0.039387
1000000,500,421,2000,16000,strided,1,8,5,5,0.5,0.042158
1000000,500,422,2000,16000,strided,1,8,5,5,0.5,0.040293
1000000,500,423,2000,16000,strided,1,8,5,5,0.5,0.040049
1000000,500,424,2000,16000,strided,1,8,5,5,0.5,0.04165
1000000,500,425,2000,16000,strided,1,8,5,5,0.5,0.041062
1000000,500,426,2000,16000,strided,1,8,5,5,0.5,0.041499
1000000,500,427,2000,16000,strided,1,8,5,5,0.5,0.042344
1000000,500,428,2000,16000,strided,1,8,5,5,0.5,0.039919
1000000,500,429,2000,16000,strided,1,8,5,5,0.5,0.039294
1000000,500,430,2000,16000,strided,1,8,5,5,0.5,0.041819
1000000,500,431,2000,16000,strided,1,8,5,5,0.5,0.041161
1000000,500,432,2000,16000,strided,1,8,5,5,0.5,0.040668
1000000,500,433,2000,16000,strided,1,8,5,5,0.5,0.043163
1000000,500,434,2000,16000,strided,1,8,5,5,0.5,0.062408
1000000,500,435,2000,16000,strided,1,8,5,5,0.5,0.041052
1000000,500,436,2000,16000,strided,1,8,5,5,0.5,0.039848
1000000,500,437,2000,16000,strided,1,8,5,5,0.5,0.041609
1000000,500,438,2000,16000,strided,1,8,5,5,0.5,0.040307
1000000,500,439,2000,16000,strided,1,8,5,5,0.5,0.039245
1000000,500,440,2000,16000,strided,1,8,5,5,0.5,0.058433
1000000,500,441,2000,16000,strided,1,8,5,5,0.5,0.063138
1000000,500,442,2000,16000,strided,1,8,5,5,0.5,0.039423
1000000,500,443,2000,16000,strided,1,8,5,5,0.5,0.040337
1000000,500,444,2000,16000,strided,1,8,5,5,0.5,0.040249
1000000,500,445,2000,16000,strided,1,8,5,5,0.5,0.040945
1000000,500,446,2000,16000,strided,1,8,5,5,0.5,0.042952
1000000,500,447,2000,16000,strided,1,8,5,5,0.5,0.062841
1000000,500,448,2000,16000,strided,1,8,5,5,0.5,0.061685
1000000,500,449,2000,16000,strided,1,8,5,5,0.5,0.04073
1000000,500,450,2000,16000,strided,1,8,5,5,0.5,0.04067
1000000,500,451,2000,16000,strided,1,8,5,5,0.5,0.039703
1000000,500,452,2000,16000,strided,1,8,5,5,0.5,0.039779
1000000,500,453,2000,16000,strided,1,8,5,5,0.5,0.040808
1000000,500,454,2000,16000,strided,1,8,5,5,0.5,0.039452
1000000,500,455,2000,16000,strided,1,8,5,5,0.5,0.059315
1000000,500,456,2000,16000,strided,1,8,5,5,0.5,0.062753
1000000,500,457,2000,16000,strided,1,8,5,5,0.5,0.063007
1000000,500,458,2000,16000,strided,1,8,5,5,0.5,0.039395
1000000,500,459,2000,16000,strided,1,8,5,5,0.5,0.040472
1000000,500,460,2000,16000,strided,1,8,5,5,0.5,0.039509
1000000,500,461,2000,16000,strided,1,8,5,5,0.5,0.040328
1000000,500,462,2000,16000,strided,1,8,5,5,0.5,0.05787
1000000,500,463,2000,16000,strided,1,8,5,5,0.5,0.062717
1000000,500,464,2000,16000,strided,1,8,5,5,0.5,0.0399
1000000,500,465,2000,16000,strided,1,8,5,5,0.5,0.040024
1000000,500,466,2000,16000,strided,1,8,5,5,0.5,0.042063
1000000,500,467,2000,16000,strided,1,8,5,5,0.5,0.039708
1000000,500,468,2000,16000,strided,1,8,5,5,0.5,0.062747
1000000,500,469,2000,16000,strided,1,8,5,5,0.5,0.062472
1000000,500,470,2000,16000,strided,1,8,5,5,0.5,0.041815
1000000,500,471,2000,16000,strided,1,8,5,5,0.5,0.039941
1000000,500,472,2000,16000,strided,1,8,5,5,0.5,0.041381
1000000,500,473,2000,16000,strided,1,8,5,5,0.5,0.040949
1000000,500,474,2000,16000,strided,1,8,5,5,0.5,0.044292
1000000,500,475,2000,16000,strided,1,8,5,5,0.5,0.062782
1000000,500,476,2000,16000,strided,1,8,5,5,0.5,0.040523
1000000,500,477,2000,16000,strided,1,8,5,5,0.5,0.04059
1000000,500,478,2000,16000,strided,1,8,5,5,0.5,0.040061
1000000,500,479,2000,16000,strided,1,8,5,5,0.5,0.040113
1000000,500,480,2000,16000,strided,1,8,5,5,0.5,0.040224
1000000,500,481,2000,16000,strided,1,8,5,5,0.5,0.062077
1000000,500,482,2000,16000,strided,1,8,5,5,0.5,0.061134
1000000,500,483,2000,16000,strided,1,8,5,5,0.5,0.041097
1000000,500,484,2000,16000,strided,1,8,5,5,0.5,0.042648
1000000,500,485,2000,16000,strided,1,8,5,5,0.5,0.04191
1000000,500,486,2000,16000,strided,1,8,5,5,0.5,0.039255
1000000,500,487,2000,16000,strided,1,8,5,5,0.5,0.04104
1000000,500,488,2000,16000,strided,1,8,5,5,0.5,0.040549
1000000,500,489,2000,16000,strided,1,8,5,5,0.5,0.062171
1000000,500,490,2000,16000,strided,1,8,5,5,0.5,0.062441
1000000,500,491,2000,16000,strided,1,8,5,5,0.5,0.061363
1000000,500,492,2000,16000,strided,1,8,5,5,0.5,0.039852
1000000,500,493,2000,16000,strided,1,8,5,5,0.5,0.039649
1000000,500,494,2000,16000,strided,1,8,5,5,0.5,0.040012
1000000,500,495,2000,16000,strided,1,8,5,5,0.5,0.04007
1000000,500,496,2000,16000,strided,1,8,5,5,0.5,0.062952
1000000,500,497,2000,16000,strided,1,8,5,5,0.5,0.063815
1000000,500,498,2000,16000,strided,1,8,5,5,0.5,0.040363
1000000,500,499,2000,16000,strided,1,8,5,5,0.5,0.040253
1000000,500,0,2000,16000,random,2,1,1,1,0.1,0.088835
1000000,500,1,2000,16000,random,2,1,1,1,0.1,0.093426
1000000,500,2,2000,16000,random,2,1,1,1,0.1,0.087597
1000000,500,3,2000,16000,random,2,1,1,1,0.1,0.087692
1000000,500,4,2000,16000,random,2,1,1,1,0.1,0.09228
1000000,500,5,2000,16000,random,2,1,1,1,0.1,0.089269
1000000,500,6,2000,16000,random,2,1,1,1,0.1,0.090323
1000000,500,7,2000,16000,random,2,1,1,1,0.1,0.089013
1000000,500,8,2000,16000,random,2,1,1,1,0.1,0.089543
1000000,500,9,2000,16000,random,2,1,1,1,0.1,0.088263
1000000,500,10,2000,16000,random,2,1,1,1,0.1,0.088571
1000000,500,11,2000,16000,random,2,1,1,1,0.1,0.088238
1000000,500,12,2000,16000,random,2,1,1,1,0.1,0.089782
1000000,500,13,2000,16000,random,2,1,1,1,0.1,0.098571
1000000,500,14,2000,16000,random,2,1,1,1,0.1,0.088742
1000000,500,15,2000,16000,random,2,1,1,1,0.1,0.089658
1000000,500,16,2000,16000,random,2,1,1,1,0.1,0.088055
1000000,500,17,2000,16000,random,2,1,1,1,0.1,0.091868
1000000,500,18,2000,16000,random,2,1,1,1,0.1,0.088598
1000000,500,19,2000,16000,random,2,1,1,1,0.1,0.088305
1000000,500,20,2000,16000,random,2,1,1,1,0.1,0.088763
1000000,500,21,2000,16000,random,2,1,1,1,0.1,0.088205
1000000,500,22,2000,16000,random,2,1,1,1,0.1,0.087782
1000000,500,23,2000,16000,random,2,1,1,1,0.1,0.097838
1000000,500,24,2000,16000,random,2,1,1,1,0.1,0.089416
1000000,500,25,2000,16000,random,2,1,1,1,0.1,0.08791
1000000,500,26,2000,16000,random,2,1,1,1,0.1,0.088252
1000000,500,27,2000,16000,random,2,1,1,1,0.1,0.089541
1000000,500,28,2000,16000,random,2,1,1,1,0.1,0.094605
1000000,500,29,2000,16000,random,2,1,1,1,0.1,0.088134
1000000,500,30,2000,16000,random,2,1,1,1,0.1,0.088145
1000000,500,31,2000,16000,random,2,1,1,1,0.1,0.088494
1000000,500,32,2000,16000,random,2,1,1,1,0.1,0.08966
1000000,500,33,2000,16000,random,2,1,1,1,0.1,0.088332
1000000,500,34,2000,16000,random,2,1,1,1,0.1,0.090149
1000000,500,35,2000,16000,random,2,1,1,1,0.1,0.090249
1000000,500,36,2000,16000,random,2,1,1,1,0.1,0.088875
1000000,500,37,2000,16000,random,2,1,1,1,0.1,0.089373
1000000,500,38,2000,16000,random,2,1,1,1,0.1,0.088371
1000000,500,39,2000,16000,random,2,1,1,1,0.1,0.090007
1000000,500,40,2000,16000,random,2,1,1,1,0.1,0.086166
1000000,500,41,2000,16000,random,2,1,1,1,0.1,0.094963
1000000,500,42,2000,16000,random,2,1,1,1,0.1,0.090007
1000000,500,43,2000,16000,random,2,1,1,1,0.1,0.0889
1000000,500,44,2000,16000,random,2,1,1,1,0.1,0.088212
1000000,500,45,2000,16000,random,2,1,1,1,0.1,0.087536
1000000,500,46,2000,16000,random,2,1,1,1,0.1,0.087541
1000000,500,47,2000,16000,random,2,1,1,1,0.1,0.092733
1000000,500,48,2000,16000,random,2,1,1,1,0.1,0.088288
1000000,500,49,2000,16000,random,2,1,1,1,0.1,0.088834
1000000,500,50,2000,16000,random,2,1,1,1,0.1,0.089143
1000000,500,51,2000,16000,random,2,1,1,1,0.1,0.088093
1000000,500,52,2000,16000,random,2,1,1,1,0.1,0.088574
1000000,500,53,2000,16000,random,2,1,1,1,0.1,0.090308
1000000,500,54,2000,16000,random,2,1,1,1,0.1,0.089307
1000000,500,55,2000,16000,random,2,1,1,1,0.1,0.088366
1000000,500,56,2000,16000,random,2,1,1,1,0.1,0.088554
1000000,500,57,2000,16000,random,2,1,1,1,0.1,0.089686
1000000,500,58,2000,16000,random,2,1,1,1,0.1,0.090487
1000000,500,59,2000,16000,random,2,1,1,1,0.1,0.09015
1000000,500,60,2000,16000,random,2,1,1,1,0.1,0.08769
1000000,500,61,2000,16000,random,2,1,1,1,0.1,0.088347
1000000,500,62,2000,16000,random,2,1,1,1,0.1,0.089157
1000000,500,63,2000,16000,random,2,1,1,1,0.1,0.087458
1000000,500,64,2000,16000,random,2,1,1,1,0.1,0.096568
1000000,500,65,2000,16000,random,2,1,1,1,0.1,0.089464
1000000,500,66,2000,16000,random,2,1,1,1,0.1,0.089737
1000000,500,67,2000,16000,random,2,1,1,1,0.1,0.088145
1000000,500,68,2000,16000,random,2,1,1,1,0.1,0.090665
1000000,500,69,2000,16000,random,2,1,1,1,0.1,0.0884
1000000,500,70,2000,16000,random,2,1,1,1,0.1,0.087409
1000000,500,71,2000,16000,random,2,1,1,1,0.1,0.08445
1000000,500,72,2000,16000,random,2,1,1,1,0.1,0.088717
1000000,500,73,2000,16000,random,2,1,1,1,0.1,0.090755
1000000,500,74,2000,16000,random,2,1,1,1,0.1,0.087424
1000000,500,75,2000,16000,random,2,1,1,1,0.1,0.087855
1000000,500,76,2000,16000,random,2,1,1,1,0.1,0.088886
1000000,500,77,2000,16000,random,2,1,1,1,0.1,0.093152
1000000,500,78,2000,16000,random,2,1,1,1,0.1,0.089319
1000000,500,79,2000,16000,random,2,1,1,1,0.1,0.088045
1000000,500,80,2000,16000,random,2,1,1,1,0.1,0.088159
1000000,500,81,2000,16000,random,2,1,1,1,0.1,0.088891
1000000,500,82,2000,16000,random,2,1,1,1,0.1,0.090307
1000000,500,83,2000,16000,random,2,1,1,1,0.1,0.090279
1000000,500,84,2000,16000,random,2,1,1,1,0.1,0.088268
1000000,500,85,2000,16000,random,2,1,1,1,0.1,0.088892
1000000,500,86,2000,16000,random,2,1,1,1,0.1,0.088216
1000000,500,87,2000,16000,random,2,1,1,1,0.1,0.08908
1000000,500,88,2000,16000,random,2,1,1,1,0.1,0.09082
1000000,500,89,2000,16000,random,2,1,1,1,0.1,0.088662
1000000,500,90,2000,16000,random,2,1,1,1,0.1,0.087999
1000000,500,91,2000,16000,random,2,1,1,1,0.1,0.088535
1000000,500,92,2000,16000,random,2,1,1,1,0.1,0.087961
1000000,500,93,2000,16000,random,2,1,1,1,0.1,0.089858
1000000,500,94,2000,16000,random,2,1,1,1,0.1,0.091647
1000000,500,95,2000,16000,random,2,1,1,1,0.1,0.089454
1000000,500,96,2000,16000,random,2,1,1,1,0.1,0.090477
1000000,500,97,2000,16000,random,2,1,1,1,0.1,0.084429
1000000,500,98,2000,16000,random,2,1,1,1,0.1,0.083579
1000000,500,99,2000,16000,random,2,1,1,1,0.1,0.086073
1000000,500,100,2000,16000,random,2,1,1,1,0.1,0.085125
1000000,500,101,2000,16000,random,2,1,1,1,0.1,0.089908
1000000,500,102,2000,16000,random,2,1,1,1,0.1,0.088333
1000000,500,103,2000,16000,random,2,1,1,1,0.1,0.087744
1000000,500,104,2000,16000,random,2,1,1,1,0.1,0.088174
1000000,500,105,2000,16000,random,2,1,1,1,0.1,0.088953
1000000,500,106,2000,16000,random,2,1,1,1,0.1,0.090544
1000000,500,107,2000,16000,random,2,1,1,1,0.1,0.090523
1000000,500,108,2000,16000,random,2,1,1,1,0.1,0.0928
1000000,500,109,2000,16000,random,2,1,1,1,0.1,0.091076
1000000,500,110,2000,16000,random,2,1,1,1,0.1,0.089449
1000000,500,111,2000,16000,random,2,1,1,1,0.1,0.092395
1000000,500,112,2000,16000,random,2,1,1,1,0.1,0.089103
1000000,500,113,2000,16000,random,2,1,1,1,0.1,0.089127
1000000,500,114,2000,16000,random,2,1,1,1,0.1,0.08979
1000000,500,115,2000,16000,random,2,1,1,1,0.1,0.087775
1000000,500,116,2000,16000,random,2,1,1,1,0.1,0.090152
1000000,500,117,2000,16000,random,2,1,1,1,0.1,0.088905
1000000,500,118,2000,16000,random,2,1,1,1,0.1,0.089838
1000000,500,119,2000,16000,random,2,1,1,1,0.1,0.090442
1000000,500,120,2000,16000,random,2,1,1,1,0.1,0.090396
1000000,500,121,2000,16000,random,2,1,1,1,0.1,0.088479
1000000,500,122,2000,16000,random,2,1,1,1,0.1,0.089429
1000000,500,123,2000,16000,random,2,1,1,1,0.1,0.094528
1000000,500,124,2000,16000,random,2,1,1,1,0.1,0.088015
1000000,500,125,2000,16000,random,2,1,1,1,0.1,0.087917
1000000,500,126,2000,16000,random,2,1,1,1,0.1,0.088092
1000000,500,127,2000,16000,random,2,1,1,1,0.1,0.088525
1000000,500,128,2000,16000,random,2,1,1,1,0.1,0.088514
1000000,500,129,2000,16000,random,2,1,1,1,0.1,0.096781
1000000,500,130,2000,16000,random,2,1,1,1,0.1,0.092266
1000000,500,131,2000,16000,random,2,1,1,1,0.1,0.089511
1000000,500,132,2000,16000,random,2,1,1,1,0.1,0.087493
1000000,500,133,2000,16000,random,2,1,1,1,0.1,0.08901
1000000,500,134,2000,16000,random,2,1,1,1,0.1,0.088894
1000000,500,135,2000,16000,random,2,1,1,1,0.1,0.089909
1000000,500,136,2000,16000,random,2,1,1,1,0.1,0.087457
1000000,500,137,2000,16000,random,2,1,1,1,0.1,0.088659
1000000,500,138,2000,16000,random,2,1,1,1,0.1,0.089447
1000000,500,139,2000,16000,random,2,1,1,1,0.1,0.089295
1000000,500,140,2000,16000,random,2,1,1,1,0.1,0.090151
1000000,500,141,2000,16000,random,2,1,1,1,0.1,0.089189
1000000,500,142,2000,16000,random,2,1,1,1,0.1,0.088327
1000000,500,143,2000,16000,random,2,1,1,1,0.1,0.087377
1000000,500,144,2000,16000,random,2,1,1,1,0.1,0.089191
1000000,500,145,2000,16000,random,2,1,1,1,0.1,0.087407
1000000,500,146,2000,16000,random,2,1,1,1,0.1,0.088792
1000000,500,147,2000,16000,random,2,1,1,1,0.1,0.088134
1000000,500,148,2000,16000,random,2,1,1,1,0.1,0.089422
1000000,500,149,2000,16000,random,2,1,1,1,0.1,0.088001
1000000,500,150,2000,16000,random,2,1,1,1,0.1,0.089275
1000000,500,151,2000,16000,random,2,1,1,1,0.1,0.088943
1000000,500,152,2000,16000,random,2,1,1,1,0.1,0.089439
1000000,500,153,2000,16000,random,2,1,1,1,0.1,0.089264
1000000,500,154,2000,16000,random,2,1,1,1,0.1,0.088962
1000000,500,155,2000,16000,random,2,1,1,1,0.1,0.088096
1000000,500,156,2000,16000,random,2,1,1,1,0.1,0.088353
1000000,500,157,2000,16000,random,2,1,1,1,0.1,0.088437
1000000,500,158,2000,16000,random,2,1,1,1,0.1,0.089282
1000000,500,159,2000,16000,random,2,1,1,1,0.1,0.08938
1000000,500,160,2000,16000,random,2,1,1,1,0.1,0.089241
1000000,500,161,2000,16000,random,2,1,1,1,0.1,0.09009
1000000,500,162,2000,16000,random,2,1,1,1,0.1,0.088675
1000000,500,163,2000,16000,random,2,1,1,1,0.1,0.088775
1000000,500,164,2000,16000,random,2,1,1,1,0.1,0.089588
1000000,500,165,2000,16000,random,2,1,1,1,0.1,0.090581
1000000,500,166,2000,16000,random,2,1,1,1,0.1,0.087866
1000000,500,167,2000,16000,random,2,1,1,1,0.1,0.08949
1000000,500,168,2000,16000,random,2,1,1,1,0.1,0.09072
1000000,500,169,2000,16000,random,2,1,1,1,0.1,0.089051
1000000,500,170,2000,16000,random,2,1,1,1,0.1,0.09006
1000000,500,171,2000,16000,random,2,1,1,1,0.1,0.088478
1000000,500,172,2000,16000,random,2,1,1,1,0.1,0.088161
1000000,500,173,2000,16000,random,2,1,1,1,0.1,0.089246
1000000,500,174,2000,16000,random,2,1,1,1,0.1,0.089606
1000000,500,175,2000,16000,random,2,1,1,1,0.1,0.089552
1000000,500,176,2000,16000,random,2,1,1,1,0.1,0.092366
1000000,500,177,2000,16000,random,2,1,1,1,0.1,0.089304
1000000,500,178,2000,16000,random,2,1,1,1,0.1,0.088705
1000000,500,179,2000,16000,random,2,1,1,1,0.1,0.087919
1000000,500,180,2000,16000,random,2,1,1,1,0.1,0.088083
1000000,500,181,2000,16000,random,2,1,1,1,0.1,0.087398
1000000,500,182,2000,16000,random,2,1,1,1,0.1,0.097203
1000000,500,183,2000,16000,random,2,1,1,1,0.1,0.091859
1000000,500,184,2000,16000,random,2,1,1,1,0.1,0.088989
1000000,500,185,2000,16000,random,2,1,1,1,0.1,0.088094
1000000,500,186,2000,16000,random,2,1,1,1,0.1,0.088964
1000000,500,187,2000,16000,random,2,1,1,1,0.1,0.089489
1000000,500,188,2000,16000,random,2,1,1,1,0.1,0.089182
1000000,500,189,2000,16000,random,2,1,1,1,0.1,0.097891
1000000,500,190,2000,16000,random,2,1,1,1,0.1,0.088376
1000000,500,191,2000,16000,random,2,1,1,1,0.1,0.088015
1000000,500,192,2000,16000,random,2,1,1,1,0.1,0.089015
1000000,500,193,2000,16000,random,2,1,1,1,0.1,0.087389
1000000,500,194,2000,16000,random,2,1,1,1,0.1,0.094552
1000000,500,195,2000,16000,random,2,1,1,1,0.1,0.089121
1000000,500,196,2000,16000,random,2,1,1,1,0.1,0.088812
1000000,500,197,2000,16000,random,2,1,1,1,0.1,0.08896
1000000,500,198,2000,16000,random,2,1,1,1,0.1,0.083643
1000000,500,199,2000,16000,random,2,1,1,1,0.1,0.084283
1000000,500,200,2000,16000,random,2,1,1,1,0.1,0.094391
1000000,500,201,2000,16000,random,2,1,1,1,0.1,0.09036
1000000,500,202,2000,16000,random,2,1,1,1,0.1,0.088861
1000000,500,203,2000,16000,random,2,1,1,1,0.1,0.088233
1000000,500,204,2000,16000,random,2,1,1,1,0.1,0.089961
1000000,500,205,2000,16000,random,2,1,1,1,0.1,0.087753
1000000,500,206,2000,16000,random,2,1,1,1,0.1,0.089139
1000000,500,207,2000,16000,random,2,1,1,1,0.1,0.088348
1000000,500,208,2000,16000,random,2,1,1,1,0.1,0.092747
1000000,500,209,2000,16000,random,2,1,1,1,0.1,0.087606
1000000,500,210,2000,16000,random,2,1,1,1,0.1,0.088146
1000000,500,211,2000,16000,random,2,1,1,1,0.1,0.089072
1000000,500,212,2000,16000,random,2,1,1,1,0.1,0.088828
1000000,500,213,2000,16000,random,2,1,1,1,0.1,0.088802
1000000,500,214,2000,16000,random,2,1,1,1,0.1,0.08964
1000000,500,215,2000,16000,random,2,1,1,1,0.1,0.08905
1000000,500,216,2000,16000,random,2,1,1,1,0.1,0.088908
1000000,500,217,2000,16000,random,2,1,1,1,0.1,0.088961
1000000,500,218,2000,16000,random,2,1,1,1,0.1,0.088238
1000000,500,219,2000,16000,random,2,1,1,1,0.1,0.089577
1000000,500,220,2000,16000,random,2,1,1,1,0.1,0.089956
1000000,500,221,2000,16000,random,2,1,1,1,0.1,0.09007
1000000,500,222,2000,16000,random,2,1,1,1,0.1,0.095207
1000000,500,223,2000,16000,random,2,1,1,1,0.1,0.089287
1000000,500,224,2000,16000,random,2,1,1,1,0.1,0.089046
1000000,500,225,2000,16000,random,2,1,1,1,0.1,0.090601
1000000,500,226,2000,16000,random,2,1,1,1,0.1,0.0891
1000000,500,227,2000,16000,random,2,1,1,1,0.1,0.088124
1000000,500,228,2000,16000,random,2,1,1,1,0.1,0.091272
1000000,500,229,2000,16000,random,2,1,1,1,0.1,0.087991
1000000,500,230,2000,16000,random,2,1,1,1,0.1,0.087621
1000000,500,231,2000,16000,random,2,1,1,1,0.1,0.089721
1000000,500,232,2000,16000,random,2,1,1,1,0.1,0.088864
1000000,500,233,2000,16000,random,2,1,1,1,0.1,0.087432
1000000,500,234,2000,16000,random,2,1,1,1,0.1,0.090982
1000000,500,235,2000,16000,random,2,1,1,1,0.1,0.089053
1000000,500,236,2000,16000,random,2,1,1,1,0.1,0.08984
1000000,500,237,2000,16000,random,2,1,1,1,0.1,0.088762
1000000,500,238,2000,16000,random,2,1,1,1,0.1,0.087653
1000000,500,239,2000,16000,random,2,1,1,1,0.1,0.089024
1000000,500,240,2000,16000,random,2,1,1,1,0.1,0.089881
1000000,500,241,2000,16000,random,2,1,1,1,0.1,0.08769
1000000,500,242,2000,16000,random,2,1,1,1,0.1,0.089269
1000000,500,243,2000,16000,random,2,1,1,1,0.1,0.089504
1000000,500,244,2000,16000,random,2,1,1,1,0.1,0.08939
1000000,500,245,2000,16000,random,2,1,1,1,0.1,0.088957
1000000,500,246,2000,16000,random,2,1,1,1,0.1,0.089607
1000000,500,247,2000,16000,random,2,1,1,1,0.1,0.090946
1000000,500,248,2000,16000,random,2,1,1,1,0.1,0.088824
1000000,500,249,2000,16000,random,2,1,1,1,0.1,0.092887
1000000,500,250,2000,16000,random,2,1,1,1,0.1,0.0969
1000000,500,251,2000,16000,random,2,1,1,1,0.1,0.088083
1000000,500,252,2000,16000,random,2,1,1,1,0.1,0.088149
1000000,500,253,2000,16000,random,2,1,1,1,0.1,0.091206
1000000,500,254,2000,16000,random,2,1,1,1,0.1,0.088953
1000000,500,255,2000,16000,random,2,1,1,1,0.1,0.088341
1000000,500,256,2000,16000,random,2,1,1,1,0.1,0.088546
1000000,500,257,2000,16000,random,2,1,1,1,0.1,0.08931
1000000,500,258,2000,16000,random,2,1,1,1,0.1,0.088983
1000000,500,259,2000,16000,random,2,1,1,1,0.1,0.087749
1000000,500,260,2000,16000,random,2,1,1,1,0.1,0.08872
1000000,500,261,2000,16000,random,2,1,1,1,0.1,0.088491
1000000,500,262,2000,16000,random,2,1,1,1,0.1,0.088947
1000000,500,263,2000,16000,random,2,1,1,1,0.1,0.089659
1000000,500,264,2000,16000,random,2,1,1,1,0.1,0.088373
1000000,500,265,2000,16000,random,2,1,1,1,0.1,0.088192
1000000,500,266,2000,16000,random,2,1,1,1,0.1,0.089121
1000000,500,267,2000,16000,random,2,1,1,1,0.1,0.0873
1000000,500,268,2000,16000,random,2,1,1,1,0.1,0.088458
1000000,500,269,2000,16000,random,2,1,1,1,0.1,0.089218
1000000,500,270,2000,16000,random,2,1,1,1,0.1,0.089026
1000000,500,271,2000,16000,random,2,1,1,1,0.1,0.089596
1000000,500,272,2000,16000,random,2,1,1,1,0.1,0.090706
1000000,500,273,2000,16000,random,2,1,1,1,0.1,0.088124
1000000,500,274,2000,16000,random,2,1,1,1,0.1,0.088371
1000000,500,275,2000,16000,random,2,1,1,1,0.1,0.094388
1000000,500,276,2000,16000,random,2,1,1,1,0.1,0.089076
1000000,500,277,2000,16000,random,2,1,1,1,0.1,0.0906
1000000,500,278,2000,16000,random,2,1,1,1,0.1,0.088335
1000000,500,279,2000,16000,random,2,1,1,1,0.1,0.088913
1000000,500,280,2000,16000,random,2,1,1,1,0.1,0.088825
1000000,500,281,2000,16000,random,2,1,1,1,0.1,0.091199
1000000,500,282,2000,16000,random,2,1,1,1,0.1,0.087282
1000000,500,283,2000,16000,random,2,1,1,1,0.1,0.089482
1000000,500,284,2000,16000,random,2,1,1,1,0.1,0.089452
1000000,500,285,2000,16000,random,2,1,1,1,0.1,0.090026
1000000,500,286,2000,16000,random,2,1,1,1,0.1,0.088658
1000000,500,287,2000,16000,random,2,1,1,1,0.1,0.08852
1000000,500,288,2000,16000,random,2,1,1,1,0.1,0.089664
1000000,500,289,2000,16000,random,2,1,1,1,0.1,0.088786
1000000,500,290,2000,16000,random,2,1,1,1,0.1,0.09727
1000000,500,291,2000,16000,random,2,1,1,1,0.1,0.08742
1000000,500,292,2000,16000,random,2,1,1,1,0.1,0.089016
1000000,500,293,2000,16000,random,2,1,1,1,0.1,0.089371
1000000,500,294,2000,16000,random,2,1,1,1,0.1,0.087169
1000000,500,295,2000,16000,random,2,1,1,1,0.1,0.087824
1000000,500,296,2000,16000,random,2,1,1,1,0.1,0.089561
1000000,500,297,2000,16000,random,2,1,1,1,0.1,0.089226
1000000,500,298,2000,16000,random,2,1,1,1,0.1,0.088611
1000000,500,299,2000,16000,random,2,1,1,1,0.1,0.089951
1000000,500,300,2000,16000,random,2,1,1,1,0.1,0.088626
1000000,500,301,2000,16000,random,2,1,1,1,0.1,0.087672
1000000,500,302,2000,16000,random,2,1,1,1,0.1,0.092246
1000000,500,303,2000,16000,random,2,1,1,1,0.1,0.090416
1000000,500,304,2000,16000,random,2,1,1,1,0.1,0.08765
1000000,500,305,2000,16000,random,2,1,1,1,0.1,0.088659
1000000,500,306,2000,16000,random,2,1,1,1,0.1,0.08872
1000000,500,307,2000,16000,random,2,1,1,1,0.1,0.087652
1000000,500,308,2000,16000,random,2,1,1,1,0.1,0.088822
1000000,500,309,2000,16000,random,2,1,1,1,0.1,0.088482
1000000,500,310,2000,16000,random,2,1,1,1,0.1,0.090519
1000000,500,311,2000,16000,random,2,1,1,1,0.1,0.09233
1000000,500,312,2000,16000,random,2,1,1,1,0.1,0.087837
1000000,500,313,2000,16000,random,2,1,1,1,0.1,0.088891
1000000,500,314,2000,16000,random,2,1,1,1,0.1,0.088805
1000000,500,315,2000,16000,random,2,1,1,1,0.1,0.091148
1000000,500,316,2000,16000,random,2,1,1,1,0.1,0.088431
1000000,500,317,2000,16000,random,2,1,1,1,0.1,0.088728
1000000,500,318,2000,16000,random,2,1,1,1,0.1,0.088887
1000000,500,319,2000,16000,random,2,1,1,1,0.1,0.089973
1000000,500,320,2000,16000,random,2,1,1,1,0.1,0.090193
1000000,500,321,2000,16000,random,2,1,1,1,0.1,0.087243
1000000,500,322,2000,16000,random,2,1,1,1,0.1,0.08826
1000000,500,323,2000,16000,random,2,1,1,1,0.1,0.088476
1000000,500,324,2000,16000,random,2,1,1,1,0.1,0.087137
1000000,500,325,2000,16000,random,2,1,1,1,0.1,0.089074
1000000,500,326,2000,16000,random,2,1,1,1,0.1,0.089952
1000000,500,327,2000,16000,random,2,1,1,1,0.1,0.089133
1000000,500,328,2000,16000,random,2,1,1,1,0.1,0.089339
1000000,500,329,2000,16000,random,2,1,1,1,0.1,0.088105
1000000,500,330,2000,16000,random,2,1,1,1,0.1,0.088939
1000000,500,331,2000,16000,random,2,1,1,1,0.1,0.089166
1000000,500,332,2000,16000,random,2,1,1,1,0.1,0.089582
1000000,500,333,2000,16000,random,2,1,1,1,0.1,0.088842
1000000,500,334,2000,16000,random,2,1,1,1,0.1,0.094394
1000000,500,335,2000,16000,random,2,1,1,1,0.1,0.090024
1000000,500,336,2000,16000,random,2,1,1,1,0.1,0.087224
1000000,500,337,2000,16000,random,2,1,1,1,0.1,0.08877
1000000,500,338,2000,16000,random,2,1,1,1,0.1,0.089007
1000000,500,339,2000,16000,random,2,1,1,1,0.1,0.088432
1000000,500,340,2000,16000,random,2,1,1,1,0.1,0.090203
1000000,500,341,2000,16000,random,2,1,1,1,0.1,0.08843
1000000,500,342,2000,16000,random,2,1,1,1,0.1,0.089383
1000000,500,343,2000,16000,random,2,1,1,1,0.1,0.087929
1000000,500,344,2000,16000,random,2,1,1,1,0.1,0.088983
1000000,500,345,2000,16000,random,2,1,1,1,0.1,0.088179
1000000,500,346,2000,16000,random,2,1,1,1,0.1,0.089045
1000000,500,347,2000,16000,random,2,1,1,1,0.1,0.089653
1000000,500,348,2000,16000,random,2,1,1,1,0.1,0.089806
1000000,500,349,2000,16000,random,2,1,1,1,0.1,0.087774
1000000,500,350,2000,16000,random,2,1,1,1,0.1,0.087547
1000000,500,351,2000,16000,random,2,1,1,1,0.1,0.089966
1000000,500,352,2000,16000,random,2,1,1,1,0.1,0.090192
1000000,500,353,2000,16000,random,2,1,1,1,0.1,0.089247
1000000,500,354,2000,16000,random,2,1,1,1,0.1,0.087841
1000000,500,355,2000,16000,random,2,1,1,1,0.1,0.087541
1000000,500,356,2000,16000,random,2,1,1,1,0.1,0.091185
1000000,500,357,2000,16000,random,2,1,1,1,0.1,0.089531
1000000,500,358,2000,16000,random,2,1,1,1,0.1,0.089898
1000000,500,359,2000,16000,random,2,1,1,1,0.1,0.088024
1000000,500,360,2000,16000,random,2,1,1,1,0.1,0.088675
1000000,500,361,2000,16000,random,2,1,1,1,0.1,0.088393
1000000,500,362,2000,16000,random,2,1,1,1,0.1,0.088229
1000000,500,363,2000,16000,random,2,1,1,1,0.1,0.090607
1000000,500,364,2000,16000,random,2,1,1,1,0.1,0.08987
1000000,500,365,2000,16000,random,2,1,1,1,0.1,0.08809
1000000,500,366,2000,16000,random,2,1,1,1,0.1,0.088159
1000000,500,367,2000,16000,random,2,1,1,1,0.1,0.089564
1000000,500,368,2000,16000,random,2,1,1,1,0.1,0.088377
1000000,500,369,2000,16000,random,2,1,1,1,0.1,0.088119
1000000,500,370,2000,16000,random,2,1,1,1,0.1,0.089235
1000000,500,371,2000,16000,random,2,1,1,1,0.1,0.088438
1000000,500,372,2000,16000,random,2,1,1,1,0.1,0.088624
1000000,500,373,2000,16000,random,2,1,1,1,0.1,0.088108
1000000,500,374,2000,16000,random,2,1,1,1,0.1,0.089354
1000000,500,375,2000,16000,random,2,1,1,1,0.1,0.088097
1000000,500,376,2000,16000,random,2,1,1,1,0.1,0.091393
1000000,500,377,2000,16000,random,2,1,1,1,0.1,0.088787
1000000,500,378,2000,16000,random,2,1,1,1,0.1,0.088694
1000000,500,379,2000,16000,random,2,1,1,1,0.1,0.087577
1000000,500,380,2000,16000,random,2,1,1,1,0.1,0.087941
1000000,500,381,2000,16000,random,2,1,1,1,0.1,0.089664
1000000,500,382,2000,16000,random,2,1,1,1,0.1,0.089816
1000000,500,383,2000,16000,random,2,1,1,1,0.1,0.088455
1000000,500,384,2000,16000,random,2,1,1,1,0.1,0.089107
1000000,500,385,2000,16000,random,2,1,1,1,0.1,0.088247
1000000,500,386,2000,16000,random,2,1,1,1,0.1,0.087829
1000000,500,387,2000,16000,random,2,1,1,1,0.1,0.088903
1000000,500,388,2000,16000,random,2,1,1,1,0.1,0.08966
1000000,500,389,2000,16000,random,2,1,1,1,0.1,0.088819
1000000,500,390,2000,16000,random,2,1,1,1,0.1,0.089097
1000000,500,391,2000,16000,random,2,1,1,1,0.1,0.089049
1000000,500,392,2000,16000,random,2,1,1,1,0.1,0.089196
1000000,500,393,2000,16000,random,2,1,1,1,0.1,0.089538
1000000,500,394,2000,16000,random,2,1,1,1,0.1,0.089137
1000000,500,395,2000,16000,random,2,1,1,1,0.1,0.08721
1000000,500,396,2000,16000,random,2,1,1,1,0.1,0.088258
1000000,500,397,2000,16000,random,2,1,1,1,0.1,0.087706
1000000,500,398,2000,16000,random,2,1,1,1,0.1,0.088145
1000000,500,399,2000,16000,random,2,1,1,1,0.1,0.090989
1000000,500,400,2000,16000,random,2,1,1,1,0.1,0.090234
1000000,500,401,2000,16000,random,2,1,1,1,0.1,0.092446
1000000,500,402,2000,16000,random,2,1,1,1,0.1,0.083818
1000000,500,403,2000,16000,random,2,1,1,1,0.1,0.083726
1000000,500,404,2000,16000,random,2,1,1,1,0.1,0.085246
1000000,500,405,2000,16000,random,2,1,1,1,0.1,0.086198
1000000,500,406,2000,16000,random,2,1,1,1,0.1,0.092559
1000000,500,407,2000,16000,random,2,1,1,1,0.1,0.089845
1000000,500,408,2000,16000,random,2,1,1,1,0.1,0.08855
1000000,500,409,2000,16000,random,2,1,1,1,0.1,0.09513
1000000,500,410,2000,16000,random,2,1,1,1,0.1,0.08502
1000000,500,411,2000,16000,random,2,1,1,1,0.1,0.089989
1000000,500,412,2000,16000,random,2,1,1,1,0.1,0.088893
1000000,500,413,2000,16000,random,2,1,1,1,0.1,0.083411
1000000,500,414,2000,16000,random,2,1,1,1,0.1,0.085731
1000000,500,415,2000,16000,random,2,1,1,1,0.1,0.085358
1000000,500,416,2000,16000,random,2,1,1,1,0.1,0.084083
1000000,500,417,2000,16000,random,2,1,1,1,0.1,0.088112
1000000,500,418,2000,16000,random,2,1,1,1,0.1,0.084719
1000000,500,419,2000,16000,random,2,1,1,1,0.1,0.088002
1000000,500,420,2000,16000,random,2,1,1,1,0.1,0.085319
1000000,500,421,2000,16000,random,2,1,1,1,0.1,0.084219
1000000,500,422,2000,16000,random,2,1,1,1,0.1,0.084164
1000000,500,423,2000,16000,random,2,1,1,1,0.1,0.085724
1000000,500,424,2000,16000,random,2,1,1,1,0.1,0.089562
1000000,500,425,2000,16000,random,2,1,1,1,0.1,0.085482
1000000,500,426,2000,16000,random,2,1,1,1,0.1,0.083384
1000000,500,427,2000,16000,random,2,1,1,1,0.1,0.085404
1000000,500,428,2000,16000,random,2,1,1,1,0.1,0.083632
1000000,500,429,2000,16000,random,2,1,1,1,0.1,0.083488
1000000,500,430,2000,16000,random,2,1,1,1,0.1,0.084299
1000000,500,431,2000,16000,random,2,1,1,1,0.1,0.089667
1000000,500,432,2000,16000,random,2,1,1,1,0.1,0.087725
1000000,500,433,2000,16000,random,2,1,1,1,0.1,0.08916
1000000,500,434,2000,16000,random,2,1,1,1,0.1,0.087544
1000000,500,435,2000,16000,random,2,1,1,1,0.1,0.089224
1000000,500,436,2000,16000,random,2,1,1,1,0.1,0.089466
1000000,500,437,2000,16000,random,2,1,1,1,0.1,0.089426
1000000,500,438,2000,16000,random,2,1,1,1,0.1,0.088449
1000000,500,439,2000,16000,random,2,1,1,1,0.1,0.089601
1000000,500,440,2000,16000,random,2,1,1,1,0.1,0.091424
1000000,500,441,2000,16000,random,2,1,1,1,0.1,0.088728
1000000,500,442,2000,16000,random,2,1,1,1,0.1,0.088992
1000000,500,443,2000,16000,random,2,1,1,1,0.1,0.090927
1000000,500,444,2000,16000,random,2,1,1,1,0.1,0.093613
1000000,500,445,2000,16000,random,2,1,1,1,0.1,0.089821
1000000,500,446,2000,16000,random,2,1,1,1,0.1,0.087809
1000000,500,447,2000,16000,random,2,1,1,1,0.1,0.087649
1000000,500,448,2000,16000,random,2,1,1,1,0.1,0.102197
1000000,500,449,2000,16000,random,2,1,1,1,0.1,0.088546
1000000,500,450,2000,16000,random,2,1,1,1,0.1,0.08791
1000000,500,451,2000,16000,random,2,1,1,1,0.1,0.087741
1000000,500,452,2000,16000,random,2,1,1,1,0.1,0.087802
1000000,500,453,2000,16000,random,2,1,1,1,0.1,0.088274
1000000,500,454,2000,16000,random,2,1,1,1,0.1,0.099682
1000000,500,455,2000,16000,random,2,1,1,1,0.1,0.089167
1000000,500,456,2000,16000,random,2,1,1,1,0.1,0.08782
1000000,500,457,2000,16000,random,2,1,1,1,0.1,0.08751
1000000,500,458,2000,16000,random,2,1,1,1,0.1,0.087947
1000000,500,459,2000,16000,random,2,1,1,1,0.1,0.089093
1000000,500,460,2000,16000,random,2,1,1,1,0.1,0.096279
1000000,500,461,2000,16000,random,2,1,1,1,0.1,0.091534
1000000,500,462,2000,16000,random,2,1,1,1,0.1,0.090442
1000000,500,463,2000,16000,random,2,1,1,1,0.1,0.090324
1000000,500,464,2000,16000,random,2,1,1,1,0.1,0.087649
1000000,500,465,2000,16000,random,2,1,1,1,0.1,0.08745
1000000,500,466,2000,16000,random,2,1,1,1,0.1,0.090234
1000000,500,467,2000,16000,random,2,1,1,1,0.1,0.088166
1000000,500,468,2000,16000,random,2,1,1,1,0.1,0.087652
1000000,500,469,2000,16000,random,2,1,1,1,0.1,0.088487
1000000,500,470,2000,16000,random,2,1,1,1,0.1,0.0882
1000000,500,471,2000,16000,random,2,1,1,1,0.1,0.089333
1000000,500,472,2000,16000,random,2,1,1,1,0.1,0.093927
1000000,500,473,2000,16000,random,2,1,1,1,0.1,0.08868
1000000,500,474,2000,16000,random,2,1,1,1,0.1,0.091272
1000000,500,475,2000,16000,random,2,1,1,1,0.1,0.087551
1000000,500,476,2000,16000,random,2,1,1,1,0.1,0.087609
1000000,500,477,2000,16000,random,2,1,1,1,0.1,0.089586
1000000,500,478,2000,16000,random,2,1,1,1,0.1,0.087266
1000000,500,479,2000,16000,random,2,1,1,1,0.1,0.08811
1000000,500,480,2000,16000,random,2,1,1,1,0.1,0.088857
1000000,500,481,2000,16000,random,2,1,1,1,0.1,0.091096
1000000,500,482,2000,16000,random,2,1,1,1,0.1,0.090047
1000000,500,483,2000,16000,random,2,1,1,1,0.1,0.089116
1000000,500,484,2000,16000,random,2,1,1,1,0.1,0.088261
1000000,500,485,2000,16000,random,2,1,1,1,0.1,0.08939
1000000,500,486,2000,16000,random,2,1,1,1,0.1,0.088988
1000000,500,487,2000,16000,random,2,1,1,1,0.1,0.08935
1000000,500,488,2000,16000,random,2,1,1,1,0.1,0.090485
1000000,500,489,2000,16000,random,2,1,1,1,0.1,0.091298
1000000,500,490,2000,16000,random,2,1,1,1,0.1,0.088624
1000000,500,491,2000,16000,random,2,1,1,1,0.1,0.090673
1000000,500,492,2000,16000,random,2,1,1,1,0.1,0.089166
1000000,500,493,2000,16000,random,2,1,1,1,0.1,0.089488
1000000,500,494,2000,16000,random,2,1,1,1,0.1,0.087802
1000000,500,495,2000,16000,random,2,1,1,1,0.1,0.092819
1000000,500,496,2000,16000,random,2,1,1,1,0.1,0.089476
1000000,500,497,2000,16000,random,2,1,1,1,0.1,0.089266
1000000,500,498,2000,16000,random,2,1,1,1,0.1,0.08962
1000000,500,499,2000,16000,random,2,1,1,1,0.1,0.088621
1000000,500,0,2000,16000,random,2,1,5,5,0.1,0.111485
1000000,500,1,2000,16000,random,2,1,5,5,0.1,0.111211
1000000,500,2,2000,16000,random,2,1,5,5,0.1,0.11392
1000000,500,3,2000,16000,random,2,1,5,5,0.1,0.112463
1000000,500,4,2000,16000,random,2,1,5,5,0.1,0.112802
1000000,500,5,2000,16000,random,2,1,5,5,0.1,0.110284
1000000,500,6,2000,16000,random,2,1,5,5,0.1,0.111245
1000000,500,7,2000,16000,random,2,1,5,5,0.1,0.111973
1000000,500,8,2000,16000,random,2,1,5,5,0.1,0.111169
1000000,500,9,2000,16000,random,2,1,5,5,0.1,0.1103
1000000,500,10,2000,16000,random,2,1,5,5,0.1,0.110702
1000000,500,11,2000,16000,random,2,1,5,5,0.1,0.114534
1000000,500,12,2000,16000,random,2,1,5,5,0.1,0.111097
1000000,500,13,2000,16000,random,2,1,5,5,0.1,0.112627
1000000,500,14,2000,16000,random,2,1,5,5,0.1,0.109604
1000000,500,15,2000,16000,random,2,1,5,5,0.1,0.116016
1000000,500,16,2000,16000,random,2,1,5,5,0.1,0.112852
1000000,500,17,2000,16000,random,2,1,5,5,0.1,0.111262
1000000,500,18,2000,16000,random,2,1,5,5,0.1,0.110665
1000000,500,19,2000,16000,random,2,1,5,5,0.1,0.11297
1000000,500,20,2000,16000,random,2,1,5,5,0.1,0.110949
1000000,500,21,2000,16000,random,2,1,5,5,0.1,0.112726
1000000,500,22,2000,16000,random,2,1,5,5,0.1,0.115758
1000000,500,23,2000,16000,random,2,1,5,5,0.1,0.110007
1000000,500,24,2000,16000,random,2,1,5,5,0.1,0.110153
1000000,500,25,2000,16000,random,2,1,5,5,0.1,0.111894
1000000,500,26,2000,16000,random,2,1,5,5,0.1,0.110575
1000000,500,27,2000,16000,random,2,1,5,5,0.1,0.11234
1000000,500,28,2000,16000,random,2,1,5,5,0.1,0.111786
1000000,500,29,2000,16000,random,2,1,5,5,0.1,0.11063
1000000,500,30,2000,16000,random,2,1,5,5,0.1,0.111585
1000000,500,31,2000,16000,random,2,1,5,5,0.1,0.112088
1000000,500,32,2000,16000,random,2,1,5,5,0.1,0.109725
1000000,500,33,2000,16000,random,2,1,5,5,0.1,0.112836
1000000,500,34,2000,16000,random,2,1,5,5,0.1,0.11536
1000000,500,35,2000,16000,random,2,1,5,5,0.1,0.110496
1000000,500,36,2000,16000,random,2,1,5,5,0.1,0.10975
1000000,500,37,2000,16000,random,2,1,5,5,0.1,0.114571
1000000,500,38,2000,16000,random,2,1,5,5,0.1,0.11088
1000000,500,39,2000,16000,random,2,1,5,5,0.1,0.110899
1000000,500,40,2000,16000,random,2,1,5,5,0.1,0.111575
1000000,500,41,2000,16000,random,2,1,5,5,0.1,0.11415
1000000,500,42,2000,16000,random,2,1,5,5,0.1,0.109837
1000000,500,43,2000,16000,random,2,1,5,5,0.1,0.11023
1000000,500,44,2000,16000,random,2,1,5,5,0.1,0.111114
1000000,500,45,2000,16000,random,2,1,5,5,0.1,0.109732
1000000,500,46,2000,16000,random,2,1,5,5,0.1,0.117819
1000000,500,47,2000,16000,random,2,1,5,5,0.1,0.113133
1000000,500,48,2000,16000,random,2,1,5,5,0.1,0.110521
1000000,500,49,2000,16000,random,2,1,5,5,0.1,0.110728
1000000,500,50,2000,16000,random,2,1,5,5,0.1,0.113259
1000000,500,51,2000,16000,random,2,1,5,5,0.1,0.112595
1000000,500,52,2000,16000,random,2,1,5,5,0.1,0.111951
1000000,500,53,2000,16000,random,2,1,5,5,0.1,0.113439
1000000,500,54,2000,16000,random,2,1,5,5,0.1,0.112572
1000000,500,55,2000,16000,random,2,1,5,5,0.1,0.113954
1000000,500,56,2000,16000,random,2,1,5,5,0.1,0.148656
1000000,500,57,2000,16000,random,2,1,5,5,0.1,0.11107
1000000,500,58,2000,16000,random,2,1,5,5,0.1,0.11012
1000000,500,59,2000,16000,random,2,1,5,5,0.1,0.109701
1000000,500,60,2000,16000,random,2,1,5,5,0.1,0.109973
1000000,500,61,2000,16000,random,2,1,5,5,0.1,0.113478
1000000,500,62,2000,16000,random,2,1,5,5,0.1,0.113161
1000000,500,63,2000,16000,random,2,1,5,5,0.1,0.116282
1000000,500,64,2000,16000,random,2,1,5,5,0.1,0.114278
1000000,500,65,2000,16000,random,2,1,5,5,0.1,0.110501
1000000,500,66,2000,16000,random,2,1,5,5,0.1,0.110467
1000000,500,67,2000,16000,random,2,1,5,5,0.1,0.110631
1000000,500,68,2000,16000,random,2,1,5,5,0.1,0.115059
1000000,500,69,2000,16000,random,2,1,5,5,0.1,0.113548
1000000,500,70,2000,16000,random,2,1,5,5,0.1,0.114457
1000000,500,71,2000,16000,random,2,1,5,5,0.1,0.114267
1000000,500,72,2000,16000,random,2,1,5,5,0.1,0.113478
1000000,500,73,2000,16000,random,2,1,5,5,0.1,0.111225
1000000,500,74,2000,16000,random,2,1,5,5,0.1,0.113072
1000000,500,75,2000,16000,random,2,1,5,5,0.1,0.113388
1000000,500,76,2000,16000,random,2,1,5,5,0.1,0.111012
1000000,500,77,2000,16000,random,2,1,5,5,0.1,0.114028
1000000,500,78,2000,16000,random,2,1,5,5,0.1,0.109588
1000000,500,79,2000,16000,random,2,1,5,5,0.1,0.110546
1000000,500,80,2000,16000,random,2,1,5,5,0.1,0.1099
1000000,500,81,2000,16000,random,2,1,5,5,0.1,0.109661
1000000,500,82,2000,16000,random,2,1,5,5,0.1,0.11291
1000000,500,83,2000,16000,random,2,1,5,5,0.1,0.110647
1000000,500,84,2000,16000,random,2,1,5,5,0.1,0.111581
1000000,500,85,2000,16000,random,2,1,5,5,0.1,0.109836
1000000,500,86,2000,16000,random,2,1,5,5,0.1,0.109881
1000000,500,87,2000,16000,random,2,1,5,5,0.1,0.115925
1000000,500,88,2000,16000,random,2,1,5,5,0.1,0.110178
1000000,500,89,2000,16000,random,2,1,5,5,0.1,0.109876
1000000,500,90,2000,16000,random,2,1,5,5,0.1,0.111813
1000000,500,91,2000,16000,random,2,1,5,5,0.1,0.110082
1000000,500,92,2000,16000,random,2,1,5,5,0.1,0.11006
1000000,500,93,2000,16000,random,2,1,5,5,0.1,0.110813
1000000,500,94,2000,16000,random,2,1,5,5,0.1,0.117114
1000000,500,95,2000,16000,random,2,1,5,5,0.1,0.106029
1000000,500,96,2000,16000,random,2,1,5,5,0.1,0.105285
1000000,500,97,2000,16000,random,2,1,5,5,0.1,0.110384
1000000,500,98,2000,16000,random,2,1,5,5,0.1,0.113183
1000000,500,99,2000,16000,random,2,1,5,5,0.1,0.110144
1000000,500,100,2000,16000,random,2,1,5,5,0.1,0.112229
1000000,500,101,2000,16000,random,2,1,5,5,0.1,0.11031
1000000,500,102,2000,16000,random,2,1,5,5,0.1,0.114113
1000000,500,103,2000,16000,random,2,1,5,5,0.1,0.110318
1000000,500,104,2000,16000,random,2,1,5,5,0.1,0.105479
1000000,500,105,2000,16000,random,2,1,5,5,0.1,0.111295
1000000,500,106,2000,16000,random,2,1,5,5,0.1,0.110737
1000000,500,107,2000,16000,random,2,1,5,5,0.1,0.104331
1000000,500,108,2000,16000,random,2,1,5,5,0.1,0.113872
1000000,500,109,2000,16000,random,2,1,5,5,0.1,0.105244
1000000,500,110,2000,16000,random,2,1,5,5,0.1,0.110157
1000000,500,111,2000,16000,random,2,1,5,5,0.1,0.113126
1000000,500,112,2000,16000,random,2,1,5,5,0.1,0.105424
1000000,500,113,2000,16000,random,2,1,5,5,0.1,0.109163
1000000,500,114,2000,16000,random,2,1,5,5,0.1,0.111889
1000000,500,115,2000,16000,random,2,1,5,5,0.1,0.105031
1000000,500,116,2000,16000,random,2,1,5,5,0.1,0.106992
1000000,500,117,2000,16000,random,2,1,5,5,0.1,0.108459
1000000,500,118,2000,16000,random,2,1,5,5,0.1,0.105163
1000000,500,119,2000,16000,random,2,1,5,5,0.1,0.113068
1000000,500,120,2000,16000,random,2,1,5,5,0.1,0.109739
1000000,500,121,2000,16000,random,2,1,5,5,0.1,0.109819
1000000,500,122,2000,16000,random,2,1,5,5,0.1,0.111171
1000000,500,123,2000,16000,random,2,1,5,5,0.1,0.112628
1000000,500,124,2000,16000,random,2,1,5,5,0.1,0.109615
1000000,500,125,2000,16000,random,2,1,5,5,0.1,0.109603
1000000,500,126,2000,16000,random,2,1,5,5,0.1,0.111042
1000000,500,127,2000,16000,random,2,1,5,5,0.1,0.109578
1000000,500,128,2000,16000,random,2,1,5,5,0.1,0.11221
1000000,500,129,2000,16000,random,2,1,5,5,0.1,0.111973
1000000,500,130,2000,16000,random,2,1,5,5,0.1,0.109991
1000000,500,131,2000,16000,random,2,1,5,5,0.1,0.111549
1000000,500,132,2000,16000,random,2,1,5,5,0.1,0.111547
1000000,500,133,2000,16000,random,2,1,5,5,0.1,0.110447
1000000,500,134,2000,16000,random,2,1,5,5,0.1,0.110386
1000000,500,135,2000,16000,random,2,1,5,5,0.1,0.109941
1000000,500,136,2000,16000,random,2,1,5,5,0.1,0.113177
1000000,500,137,2000,16000,random,2,1,5,5,0.1,0.111324
1000000,500,138,2000,16000,random,2,1,5,5,0.1,0.109862
1000000,500,139,2000,16000,random,2,1,5,5,0.1,0.110576
1000000,500,140,2000,16000,random,2,1,5,5,0.1,0.110101
1000000,500,141,2000,16000,random,2,1,5,5,0.1,0.112252
1000000,500,142,2000,16000,random,2,1,5,5,0.1,0.111879
1000000,500,143,2000,16000,random,2,1,5,5,0.1,0.112007
1000000,500,144,2000,16000,random,2,1,5,5,0.1,0.112103
1000000,500,145,2000,16000,random,2,1,5,5,0.1,0.11089
1000000,500,146,2000,16000,random,2,1,5,5,0.1,0.109944
1000000,500,147,2000,16000,random,2,1,5,5,0.1,0.110801
1000000,500,148,2000,16000,random,2,1,5,5,0.1,0.110822
1000000,500,149,2000,16000,random,2,1,5,5,0.1,0.110092
1000000,500,150,2000,16000,random,2,1,5,5,0.1,0.111736
1000000,500,151,2000,16000,random,2,1,5,5,0.1,0.11007
1000000,500,152,2000,16000,random,2,1,5,5,0.1,0.110468
1000000,500,153,2000,16000,random,2,1,5,5,0.1,0.110894
1000000,500,154,2000,16000,random,2,1,5,5,0.1,0.110138
1000000,500,155,2000,16000,random,2,1,5,5,0.1,0.11001
1000000,500,156,2000,16000,random,2,1,5,5,0.1,0.111512
1000000,500,157,2000,16000,random,2,1,5,5,0.1,0.110399
1000000,500,158,2000,16000,random,2,1,5,5,0.1,0.109945
1000000,500,159,2000,16000,random,2,1,5,5,0.1,0.110069
1000000,500,160,2000,16000,random,2,1,5,5,0.1,0.119416
1000000,500,161,2000,16000,random,2,1,5,5,0.1,0.115639
1000000,500,162,2000,16000,random,2,1,5,5,0.1,0.111489
1000000,500,163,2000,16000,random,2,1,5,5,0.1,0.112095
1000000,500,164,2000,16000,random,2,1,5,5,0.1,0.109945
1000000,500,165,2000,16000,random,2,1,5,5,0.1,0.116378
1000000,500,166,2000,16000,random,2,1,5,5,0.1,0.111289
1000000,500,167,2000,16000,random,2,1,5,5,0.1,0.118063
1000000,500,168,2000,16000,random,2,1,5,5,0.1,0.110317
1000000,500,169,2000,16000,random,2,1,5,5,0.1,0.110315
1000000,500,170,2000,16000,random,2,1,5,5,0.1,0.112209
1000000,500,171,2000,16000,random,2,1,5,5,0.1,0.112961
1000000,500,172,2000,16000,random,2,1,5,5,0.1,0.110806
1000000,500,173,2000,16000,random,2,1,5,5,0.1,0.110683
1000000,500,174,2000,16000,random,2,1,5,5,0.1,0.113922
1000000,500,175,2000,16000,random,2,1,5,5,0.1,0.110188
1000000,500,176,2000,16000,random,2,1,5,5,0.1,0.120122
1000000,500,177,2000,16000,random,2,1,5,5,0.1,0.111074
1000000,500,178,2000,16000,random,2,1,5,5,0.1,0.110992
1000000,500,179,2000,16000,random,2,1,5,5,0.1,0.110177
1000000,500,180,2000,16000,random,2,1,5,5,0.1,0.110413
1000000,500,181,2000,16000,random,2,1,5,5,0.1,0.109942
1000000,500,182,2000,16000,random,2,1,5,5,0.1,0.113432
1000000,500,183,2000,16000,random,2,1,5,5,0.1,0.113298
1000000,500,184,2000,16000,random,2,1,5,5,0.1,0.111966
1000000,500,185,2000,16000,random,2,1,5,5,0.1,0.113155
1000000,500,186,2000,16000,random,2,1,5,5,0.1,0.109874
1000000,500,187,2000,16000,random,2,1,5,5,0.1,0.110176
1000000,500,188,2000,16000,random,2,1,5,5,0.1,0.110003
1000000,500,189,2000,16000,random,2,1,5,5,0.1,0.110545
1000000,500,190,2000,16000,random,2,1,5,5,0.1,0.110341
1000000,500,191,2000,16000,random,2,1,5,5,0.1,0.11501
1000000,500,192,2000,16000,random,2,1,5,5,0.1,0.109368
1000000,500,193,2000,16000,random,2,1,5,5,0.1,0.109884
1000000,500,194,2000,16000,random,2,1,5,5,0.1,0.109698
1000000,500,195,2000,16000,random,2,1,5,5,0.1,0.110429
1000000,500,196,2000,16000,random,2,1,5,5,0.1,0.110828
1000000,500,197,2000,16000,random,2,1,5,5,0.1,0.114386
1000000,500,198,2000,16000,random,2,1,5,5,0.1,0.109498
1000000,500,199,2000,16000,random,2,1,5,5,0.1,0.10977
1000000,500,200,2000,16000,random,2,1,5,5,0.1,0.110729
1000000,500,201,2000,16000,random,2,1,5,5,0.1,0.110087
1000000,500,202,2000,16000,random,2,1,5,5,0.1,0.113747
1000000,500,203,2000,16000,random,2,1,5,5,0.1,0.110748
1000000,500,204,2000,16000,random,2,1,5,5,0.1,0.109939
1000000,500,205,2000,16000,random,2,1,5,5,0.1,0.110931
1000000,500,206,2000,16000,random,2,1,5,5,0.1,0.110787
1000000,500,207,2000,16000,random,2,1,5,5,0.1,0.11024
1000000,500,208,2000,16000,random,2,1,5,5,0.1,0.110903
1000000,500,209,2000,16000,random,2,1,5,5,0.1,0.11127
1000000,500,210,2000,16000,random,2,1,5,5,0.1,0.109873
1000000,500,211,2000,16000,random,2,1,5,5,0.1,0.110532
1000000,500,212,2000,16000,random,2,1,5,5,0.1,0.111641
1000000,500,213,2000,16000,random,2,1,5,5,0.1,0.110764
1000000,500,214,2000,16000,random,2,1,5,5,0.1,0.110022
1000000,500,215,2000,16000,random,2,1,5,5,0.1,0.110362
1000000,500,216,2000,16000,random,2,1,5,5,0.1,0.109655
1000000,500,217,2000,16000,random,2,1,5,5,0.1,0.110716
1000000,500,218,2000,16000,random,2,1,5,5,0.1,0.111722
1000000,500,219,2000,16000,random,2,1,5,5,0.1,0.110733
1000000,500,220,2000,16000,random,2,1,5,5,0.1,0.111193
1000000,500,221,2000,16000,random,2,1,5,5,0.1,0.111633
1000000,500,222,2000,16000,random,2,1,5,5,0.1,0.110521
1000000,500,223,2000,16000,random,2,1,5,5,0.1,0.11342
1000000,500,224,2000,16000,random,2,1,5,5,0.1,0.111071
1000000,500,225,2000,16000,random,2,1,5,5,0.1,0.115868
1000000,500,226,2000,16000,random,2,1,5,5,0.1,0.110229
1000000,500,227,2000,16000,random,2,1,5,5,0.1,0.114009
1000000,500,228,2000,16000,random,2,1,5,5,0.1,0.111383
1000000,500,229,2000,16000,random,2,1,5,5,0.1,0.110078
1000000,500,230,2000,16000,random,2,1,5,5,0.1,0.1111
1000000,500,231,2000,16000,random,2,1,5,5,0.1,0.109745
1000000,500,232,2000,16000,random,2,1,5,5,0.1,0.110486
1000000,500,233,2000,16000,random,2,1,5,5,0.1,0.109012
1000000,500,234,2000,16000,random,2,1,5,5,0.1,0.122498
1000000,500,235,2000,16000,random,2,1,5,5,0.1,0.112043
1000000,500,236,2000,16000,random,2,1,5,5,0.1,0.1095
1000000,500,237,2000,16000,random,2,1,5,5,0.1,0.110365
1000000,500,238,2000,16000,random,2,1,5,5,0.1,0.109892
1000000,500,239,2000,16000,random,2,1,5,5,0.1,0.110383
1000000,500,240,2000,16000,random,2,1,5,5,0.1,0.11101
1000000,500,241,2000,16000,random,2,1,5,5,0.1,0.110758
1000000,500,242,2000,16000,random,2,1,5,5,0.1,0.109141
1000000,500,243,2000,16000,random,2,1,5,5,0.1,0.119178
1000000,500,244,2000,16000,random,2,1,5,5,0.1,0.112211
1000000,500,245,2000,16000,random,2,1,5,5,0.1,0.111811
1000000,500,246,2000,16000,random,2,1,5,5,0.1,0.111738
1000000,500,247,2000,16000,random,2,1,5,5,0.1,0.110906
1000000,500,248,2000,16000,random,2,1,5,5,0.1,0.11304
1000000,500,249,2000,16000,random,2,1,5,5,0.1,0.111206
1000000,500,250,2000,16000,random,2,1,5,5,0.1,0.110412
1000000,500,251,2000,16000,random,2,1,5,5,0.1,0.112632
1000000,500,252,2000,16000,random,2,1,5,5,0.1,0.11198
1000000,500,253,2000,16000,random,2,1,5,5,0.1,0.111043
1000000,500,254,2000,16000,random,2,1,5,5,0.1,0.109846
1000000,500,255,2000,16000,random,2,1,5,5,0.1,0.110226
1000000,500,256,2000,16000,random,2,1,5,5,0.1,0.110288
1000000,500,257,2000,16000,random,2,1,5,5,0.1,0.110736
1000000,500,258,2000,16000,random,2,1,5,5,0.1,0.11245
1000000,500,259,2000,16000,random,2,1,5,5,0.1,0.110672
1000000,500,260,2000,16000,random,2,1,5,5,0.1,0.109547
1000000,500,261,2000,16000,random,2,1,5,5,0.1,0.111749
1000000,500,262,2000,16000,random,2,1,5,5,0.1,0.110976
1000000,500,263,2000,16000,random,2,1,5,5,0.1,0.12401
1000000,500,264,2000,16000,random,2,1,5,5,0.1,0.121963
1000000,500,265,2000,16000,random,2,1,5,5,0.1,0.113757
1000000,500,266,2000,16000,random,2,1,5,5,0.1,0.110974
1000000,500,267,2000,16000,random,2,1,5,5,0.1,0.111202
1000000,500,268,2000,16000,random,2,1,5,5,0.1,0.110124
1000000,500,269,2000,16000,random,2,1,5,5,0.1,0.110571
1000000,500,270,2000,16000,random,2,1,5,5,0.1,0.112037
1000000,500,271,2000,16000,random,2,1,5,5,0.1,0.112337
1000000,500,272,2000,16000,random,2,1,5,5,0.1,0.109994
1000000,500,273,2000,16000,random,2,1,5,5,0.1,0.109809
1000000,500,274,2000,16000,random,2,1,5,5,0.1,0.110738
1000000,500,275,2000,16000,random,2,1,5,5,0.1,0.117374
1000000,500,276,2000,16000,random,2,1,5,5,0.1,0.111546
1000000,500,277,2000,16000,random,2,1,5,5,0.1,0.110567
1000000,500,278,2000,16000,random,2,1,5,5,0.1,0.121791
1000000,500,279,2000,16000,random,2,1,5,5,0.1,0.109922
1000000,500,280,2000,16000,random,2,1,5,5,0.1,0.112991
1000000,500,281,2000,16000,random,2,1,5,5,0.1,0.113315
1000000,500,282,2000,16000,random,2,1,5,5,0.1,0.110958
1000000,500,283,2000,16000,random,2,1,5,5,0.1,0.110682
1000000,500,284,2000,16000,random,2,1,5,5,0.1,0.110555
1000000,500,285,2000,16000,random,2,1,5,5,0.1,0.111751
1000000,500,286,2000,16000,random,2,1,5,5,0.1,0.110827
1000000,500,287,2000,16000,random,2,1,5,5,0.1,0.110218
1000000,500,288,2000,16000,random,2,1,5,5,0.1,0.109872
1000000,500,289,2000,16000,random,2,1,5,5,0.1,0.110476
1000000,500,290,2000,16000,random,2,1,5,5,0.1,0.110365
1000000,500,291,2000,16000,random,2,1,5,5,0.1,0.121704
1000000,500,292,2000,16000,random,2,1,5,5,0.1,0.110313
1000000,500,293,2000,16000,random,2,1,5,5,0.1,0.117221
1000000,500,294,2000,16000,random,2,1,5,5,0.1,0.111321
1000000,500,295,2000,16000,random,2,1,5,5,0.1,0.109843
1000000,500,296,2000,16000,random,2,1,5,5,0.1,0.110616
1000000,500,297,2000,16000,random,2,1,5,5,0.1,0.116117
1000000,500,298,2000,16000,random,2,1,5,5,0.1,0.113551
1000000,500,299,2000,16000,random,2,1,5,5,0.1,0.109786
1000000,500,300,2000,16000,random,2,1,5,5,0.1,0.113649
1000000,500,301,2000,16000,random,2,1,5,5,0.1,0.109331
1000000,500,302,2000,16000,random,2,1,5,5,0.1,0.110297
1000000,500,303,2000,16000,random,2,1,5,5,0.1,0.110832
1000000,500,304,2000,16000,random,2,1,5,5,0.1,0.11156
1000000,500,305,2000,16000,random,2,1,5,5,0.1,0.110024
1000000,500,306,2000,16000,random,2,1,5,5,0.1,0.109787
1000000,500,307,2000,16000,random,2,1,5,5,0.1,0.110458
1000000,500,308,2000,16000,random,2,1,5,5,0.1,0.111094
1000000,500,309,2000,16000,random,2,1,5,5,0.1,0.110396
1000000,500,310,2000,16000,random,2,1,5,5,0.1,0.110965
1000000,500,311,2000,16000,random,2,1,5,5,0.1,0.110132
1000000,500,312,2000,16000,random,2,1,5,5,0.1,0.110344
1000000,500,313,2000,16000,random,2,1,5,5,0.1,0.112632
1000000,500,314,2000,16000,random,2,1,5,5,0.1,0.112129
1000000,500,315,2000,16000,random,2,1,5,5,0.1,0.113482
1000000,500,316,2000,16000,random,2,1,5,5,0.1,0.110163
1000000,500,317,2000,16000,random,2,1,5,5,0.1,0.110094
1000000,500,318,2000,16000,random,2,1,5,5,0.1,0.109527
1000000,500,319,2000,16000,random,2,1,5,5,0.1,0.113795
1000000,500,320,2000,16000,random,2,1,5,5,0.1,0.111508
1000000,500,321,2000,16000,random,2,1,5,5,0.1,0.110139
1000000,500,322,2000,16000,random,2,1,5,5,0.1,0.110709
1000000,500,323,2000,16000,random,2,1,5,5,0.1,0.110417
1000000,500,324,2000,16000,random,2,1,5,5,0.1,0.109511
1000000,500,325,2000,16000,random,2,1,5,5,0.1,0.111911
1000000,500,326,2000,16000,random,2,1,5,5,0.1,0.110482
1000000,500,327,2000,16000,random,2,1,5,5,0.1,0.109747
1000000,500,328,2000,16000,random,2,1,5,5,0.1,0.116297
1000000,500,329,2000,16000,random,2,1,5,5,0.1,0.109478
1000000,500,330,2000,16000,random,2,1,5,5,0.1,0.112568
1000000,500,331,2000,16000,random,2,1,5,5,0.1,0.109543
1000000,500,332,2000,16000,random,2,1,5,5,0.1,0.110882
1000000,500,333,2000,16000,random,2,1,5,5,0.1,0.111889
1000000,500,334,2000,16000,random,2,1,5,5,0.1,0.110589
1000000,500,335,2000,16000,random,2,1,5,5,0.1,0.110265
1000000,500,336,2000,16000,random,2,1,5,5,0.1,0.111421
1000000,500,337,2000,16000,random,2,1,5,5,0.1,0.111627
1000000,500,338,2000,16000,random,2,1,5,5,0.1,0.110228
1000000,500,339,2000,16000,random,2,1,5,5,0.1,0.111375
1000000,500,340,2000,16000,random,2,1,5,5,0.1,0.118306
1000000,500,341,2000,16000,random,2,1,5,5,0.1,0.109902
1000000,500,342,2000,16000,random,2,1,5,5,0.1,0.11058
1000000,500,343,2000,16000,random,2,1,5,5,0.1,0.110072
1000000,500,344,2000,16000,random,2,1,5,5,0.1,0.109667
1000000,500,345,2000,16000,random,2,1,5,5,0.1,0.111098
1000000,500,346,2000,16000,random,2,1,5,5,0.1,0.110102
1000000,500,347,2000,16000,random,2,1,5,5,0.1,0.110205
1000000,500,348,2000,16000,random,2,1,5,5,0.1,0.111189
1000000,500,349,2000,16000,random,2,1,5,5,0.1,0.115342
1000000,500,350,2000,16000,random,2,1,5,5,0.1,0.113179
1000000,500,351,2000,16000,random,2,1,5,5,0.1,0.109767
1000000,500,352,2000,16000,random,2,1,5,5,0.1,0.109703
1000000,500,353,2000,16000,random,2,1,5,5,0.1,0.110118
1000000,500,354,2000,16000,random,2,1,5,5,0.1,0.111049
1000000,500,355,2000,16000,random,2,1,5,5,0.1,0.111892
1000000,500,356,2000,16000,random,2,1,5,5,0.1,0.116673
1000000,500,357,2000,16000,random,2,1,5,5,0.1,0.110572
1000000,500,358,2000,16000,random,2,1,5,5,0.1,0.112419
1000000,500,359,2000,16000,random,2,1,5,5,0.1,0.10993
1000000,500,360,2000,16000,random,2,1,5,5,0.1,0.118979
1000000,500,361,2000,16000,random,2,1,5,5,0.1,0.111539
1000000,500,362,2000,16000,random,2,1,5,5,0.1,0.110758
1000000,500,363,2000,16000,random,2,1,5,5,0.1,0.111116
1000000,500,364,2000,16000,random,2,1,5,5,0.1,0.110277
1000000,500,365,2000,16000,random,2,1,5,5,0.1,0.110792
1000000,500,366,2000,16000,random,2,1,5,5,0.1,0.113156
1000000,500,367,2000,16000,random,2,1,5,5,0.1,0.109194
1000000,500,368,2000,16000,random,2,1,5,5,0.1,0.112037
1000000,500,369,2000,16000,random,2,1,5,5,0.1,0.110773
1000000,500,370,2000,16000,random,2,1,5,5,0.1,0.110557
1000000,500,371,2000,16000,random,2,1,5,5,0.1,0.124669
1000000,500,372,2000,16000,random,2,1,5,5,0.1,0.105611
1000000,500,373,2000,16000,random,2,1,5,5,0.1,0.106391
1000000,500,374,2000,16000,random,2,1,5,5,0.1,0.105353
1000000,500,375,2000,16000,random,2,1,5,5,0.1,0.105548
1000000,500,376,2000,16000,random,2,1,5,5,0.1,0.105988
1000000,500,377,2000,16000,random,2,1,5,5,0.1,0.11225
1000000,500,378,2000,16000,random,2,1,5,5,0.1,0.110244
1000000,500,379,2000,16000,random,2,1,5,5,0.1,0.10982
1000000,500,380,2000,16000,random,2,1,5,5,0.1,0.110889
1000000,500,381,2000,16000,random,2,1,5,5,0.1,0.109383
1000000,500,382,2000,16000,random,2,1,5,5,0.1,0.110466
1000000,500,383,2000,16000,random,2,1,5,5,0.1,0.110376
1000000,500,384,2000,16000,random,2,1,5,5,0.1,0.111092
1000000,500,385,2000,16000,random,2,1,5,5,0.1,0.110418
1000000,500,386,2000,16000,random,2,1,5,5,0.1,0.109606
1000000,500,387,2000,16000,random,2,1,5,5,0.1,0.109738
1000000,500,388,2000,16000,random,2,1,5,5,0.1,0.110065
1000000,500,389,2000,16000,random,2,1,5,5,0.1,0.110696
1000000,500,390,2000,16000,random,2,1,5,5,0.1,0.110237
1000000,500,391,2000,16000,random,2,1,5,5,0.1,0.110637
1000000,500,392,2000,16000,random,2,1,5,5,0.1,0.111648
1000000,500,393,2000,16000,random,2,1,5,5,0.1,0.113545
1000000,500,394,2000,16000,random,2,1,5,5,0.1,0.111653
1000000,500,395,2000,16000,random,2,1,5,5,0.1,0.112585
1000000,500,396,2000,16000,random,2,1,5,5,0.1,0.110089
1000000,500,397,2000,16000,random,2,1,5,5,0.1,0.110796
1000000,500,398,2000,16000,random,2,1,5,5,0.1,0.105983
1000000,500,399,2000,16000,random,2,1,5,5,0.1,0.104262
1000000,500,400,2000,16000,random,2,1,5,5,0.1,0.111654
1000000,500,401,2000,16000,random,2,1,5,5,0.1,0.130292
1000000,500,402,2000,16000,random,2,1,5,5,0.1,0.110011
1000000,500,403,2000,16000,random,2,1,5,5,0.1,0.110004
1000000,500,404,2000,16000,random,2,1,5,5,0.1,0.110456
1000000,500,405,2000,16000,random,2,1,5,5,0.1,0.111453
1000000,500,406,2000,16000,random,2,1,5,5,0.1,0.110916
1000000,500,407,2000,16000,random,2,1,5,5,0.1,0.11214
1000000,500,408,2000,16000,random,2,1,5,5,0.1,0.110838
1000000,500,409,2000,16000,random,2,1,5,5,0.1,0.110169
1000000,500,410,2000,16000,random,2,1,5,5,0.1,0.110844
1000000,500,411,2000,16000,random,2,1,5,5,0.1,0.109836
1000000,500,412,2000,16000,random,2,1,5,5,0.1,0.111368
1000000,500,413,2000,16000,random,2,1,5,5,0.1,0.110916
1000000,500,414,2000,16000,random,2,1,5,5,0.1,0.110207
1000000,500,415,2000,16000,random,2,1,5,5,0.1,0.112442
1000000,500,416,2000,16000,random,2,1,5,5,0.1,0.110605
1000000,500,417,2000,16000,random,2,1,5,5,0.1,0.11071
1000000,500,418,2000,16000,random,2,1,5,5,0.1,0.114959
1000000,500,419,2000,16000,random,2,1,5,5,0.1,0.111822
1000000,500,420,2000,16000,random,2,1,5,5,0.1,0.109667
1000000,500,421,2000,16000,random,2,1,5,5,0.1,0.11781
1000000,500,422,2000,16000,random,2,1,5,5,0.1,0.109941
1000000,500,423,2000,16000,random,2,1,5,5,0.1,0.114596
1000000,500,424,2000,16000,random,2,1,5,5,0.1,0.112445
1000000,500,425,2000,16000,random,2,1,5,5,0.1,0.110152
1000000,500,426,2000,16000,random,2,1,5,5,0.1,0.110205
1000000,500,427,2000,16000,random,2,1,5,5,0.1,0.104542
1000000,500,428,2000,16000,random,2,1,5,5,0.1,0.107763
1000000,500,429,2000,16000,random,2,1,5,5,0.1,0.112957
1000000,500,430,2000,16000,random,2,1,5,5,0.1,0.110291
1000000,500,431,2000,16000,random,2,1,5,5,0.1,0.114775
1000000,500,432,2000,16000,random,2,1,5,5,0.1,0.104853
1000000,500,433,2000,16000,random,2,1,5,5,0.1,0.105306
1000000,500,434,2000,16000,random,2,1,5,5,0.1,0.11374
1000000,500,435,2000,16000,random,2,1,5,5,0.1,0.111193
1000000,500,436,2000,16000,random,2,1,5,5,0.1,0.110135
1000000,500,437,2000,16000,random,2,1,5,5,0.1,0.105303
1000000,500,438,2000,16000,random,2,1,5,5,0.1,0.105512
1000000,500,439,2000,16000,random,2,1,5,5,0.1,0.107837
1000000,500,440,2000,16000,random,2,1,5,5,0.1,0.107509
1000000,500,441,2000,16000,random,2,1,5,5,0.1,0.106446
1000000,500,442,2000,16000,random,2,1,5,5,0.1,0.113277
1000000,500,443,2000,16000,random,2,1,5,5,0.1,0.111055
1000000,500,444,2000,16000,random,2,1,5,5,0.1,0.110025
1000000,500,445,2000,16000,random,2,1,5,5,0.1,0.111588
1000000,500,446,2000,16000,random,2,1,5,5,0.1,0.115155
1000000,500,447,2000,16000,random,2,1,5,5,0.1,0.124562
1000000,500,448,2000,16000,random,2,1,5,5,0.1,0.11231
1000000,500,449,2000,16000,random,2,1,5,5,0.1,0.11159
1000000,500,450,2000,16000,random,2,1,5,5,0.1,0.110337
1000000,500,451,2000,16000,random,2,1,5,5,0.1,0.110648
1000000,500,452,2000,16000,random,2,1,5,5,0.1,0.112637
1000000,500,453,2000,16000,random,2,1,5,5,0.1,0.110057
1000000,500,454,2000,16000,random,2,1,5,5,0.1,0.110482
1000000,500,455,2000,16000,random,2,1,5,5,0.1,0.110344
1000000,500,456,2000,16000,random,2,1,5,5,0.1,0.110485
1000000,500,457,2000,16000,random,2,1,5,5,0.1,0.110954
1000000,500,458,2000,16000,random,2,1,5,5,0.1,0.110716
1000000,500,459,2000,16000,random,2,1,5,5,0.1,0.114588
1000000,500,460,2000,16000,random,2,1,5,5,0.1,0.109551
1000000,500,461,2000,16000,random,2,1,5,5,0.1,0.109779
1000000,500,462,2000,16000,random,2,1,5,5,0.1,0.109909
1000000,500,463,2000,16000,random,2,1,5,5,0.1,0.110921
1000000,500,464,2000,16000,random,2,1,5,5,0.1,0.110189
1000000,500,465,2000,16000,random,2,1,5,5,0.1,0.111808
1000000,500,466,2000,16000,random,2,1,5,5,0.1,0.10462
1000000,500,467,2000,16000,random,2,1,5,5,0.1,0.105111
1000000,500,468,2000,16000,random,2,1,5,5,0.1,0.105028
1000000,500,469,2000,16000,random,2,1,5,5,0.1,0.111679
1000000,500,470,2000,16000,random,2,1,5,5,0.1,0.111745
1000000,500,471,2000,16000,random,2,1,5,5,0.1,0.111139
1000000,500,472,2000,16000,random,2,1,5,5,0.1,0.109444
1000000,500,473,2000,16000,random,2,1,5,5,0.1,0.110604
1000000,500,474,2000,16000,random,2,1,5,5,0.1,0.113202
1000000,500,475,2000,16000,random,2,1,5,5,0.1,0.112424
1000000,500,476,2000,16000,random,2,1,5,5,0.1,0.116283
1000000,500,477,2000,16000,random,2,1,5,5,0.1,0.117459
1000000,500,478,2000,16000,random,2,1,5,5,0.1,0.110869
1000000,500,479,2000,16000,random,2,1,5,5,0.1,0.110023
1000000,500,480,2000,16000,random,2,1,5,5,0.1,0.11156
1000000,500,481,2000,16000,random,2,1,5,5,0.1,0.110735
1000000,500,482,2000,16000,random,2,1,5,5,0.1,0.110133
1000000,500,483,2000,16000,random,2,1,5,5,0.1,0.109702
1000000,500,484,2000,16000,random,2,1,5,5,0.1,0.112211
1000000,500,485,2000,16000,random,2,1,5,5,0.1,0.113715
1000000,500,486,2000,16000,random,2,1,5,5,0.1,0.114527
1000000,500,487,2000,16000,random,2,1,5,5,0.1,0.109815
1000000,500,488,2000,16000,random,2,1,5,5,0.1,0.109622
1000000,500,489,2000,16000,random,2,1,5,5,0.1,0.114636
1000000,500,490,2000,16000,random,2,1,5,5,0.1,0.109835
1000000,500,491,2000,16000,random,2,1,5,5,0.1,0.109857
1000000,500,492,2000,16000,random,2,1,5,5,0.1,0.110602
1000000,500,493,2000,16000,random,2,1,5,5,0.1,0.110885
1000000,500,494,2000,16000,random,2,1,5,5,0.1,0.111168
1000000,500,495,2000,16000,random,2,1,5,5,0.1,0.112852
1000000,500,496,2000,16000,random,2,1,5,5,0.1,0.111398
1000000,500,497,2000,16000,random,2,1,5,5,0.1,0.109997
1000000,500,498,2000,16000,random,2,1,5,5,0.1,0.109942
1000000,500,499,2000,16000,random,2,1,5,5,0.1,0.110507
200000,20,0,10000,80000,sequential,0,1,5,5,1,0.176369
200000,20,1,10000,80000,sequential,0,1,5,5,1,0.187598
200000,20,2,10000,80000,sequential,0,1,5,5,1,0.175567
200000,20,3,10000,80000,sequential,0,1,5,5,1,0.187509
200000,20,4,10000,80000,sequential,0,1,5,5,1,0.175916
200000,20,5,10000,80000,sequential,0,1,5,5,1,0.175932
200000,20,6,10000,80000,sequential,0,1,5,5,1,0.175527
200000,20,7,10000,80000,sequential,0,1,5,5,1,0.175574
200000,20,8,10000,80000,sequential,0,1,5,5,1,0.170477
200000,20,9,10000,80000,sequential,0,1,5,5,1,0.175547
200000,20,10,10000,80000,sequential,0,1,5,5,1,0.175359
200000,20,11,10000,80000,sequential,0,1,5,5,1,0.175425
200000,20,12,10000,80000,sequential,0,1,5,5,1,0.186486
200000,20,13,10000,80000,sequential,0,1,5,5,1,0.179436
200000,20,14,10000,80000,sequential,0,1,5,5,1,0.175254
200000,20,15,10000,80000,sequential,0,1,5,5,1,0.175101
200000,20,16,10000,80000,sequential,0,1,5,5,1,0.175343
200000,20,17,10000,80000,sequential,0,1,5,5,1,0.174794
200000,20,18,10000,80000,sequential,0,1,5,5,1,0.174726
200000,20,19,10000,80000,sequential,0,1,5,5,1,0.174934
200000,20,0,10000,80000,strided,1,8,5,5,0.5,0.19298
200000,20,1,10000,80000,strided,1,8,5,5,0.5,0.204449
200000,20,2,10000,80000,strided,1,8,5,5,0.5,0.196985
200000,20,3,10000,80000,strided,1,8,5,5,0.5,0.195822
200000,20,4,10000,80000,strided,1,8,5,5,0.5,0.200375
200000,20,5,10000,80000,strided,1,8,5,5,0.5,0.208168
200000,20,6,10000,80000,strided,1,8,5,5,0.5,0.19294
200000,20,7,10000,80000,strided,1,8,5,5,0.5,0.197823
200000,20,8,10000,80000,strided,1,8,5,5,0.5,0.192929
200000,20,9,10000,80000,strided,1,8,5,5,0.5,0.207447
200000,20,10,10000,80000,strided,1,8,5,5,0.5,0.203027
200000,20,11,10000,80000,strided,1,8,5,5,0.5,0.19495
200000,20,12,10000,80000,strided,1,8,5,5,0.5,0.203993
200000,20,13,10000,80000,strided,1,8,5,5,0.5,0.201323
200000,20,14,10000,80000,strided,1,8,5,5,0.5,0.206439
200000,20,15,10000,80000,strided,1,8,5,5,0.5,0.190989
200000,20,16,10000,80000,strided,1,8,5,5,0.5,0.195717
200000,20,17,10000,80000,strided,1,8,5,5,0.5,0.201834
200000,20,18,10000,80000,strided,1,8,5,5,0.5,0.203352
200000,20,19,10000,80000,strided,1,8,5,5,0.5,0.309421
200000,20,0,10000,80000,random,2,1,5,5,0.1,0.538505
200000,20,1,10000,80000,random,2,1,5,5,0.1,0.541522
200000,20,2,10000,80000,random,2,1,5,5,0.1,0.541699
200000,20,3,10000,80000,random,2,1,5,5,0.1,0.540052
200000,20,4,10000,80000,random,2,1,5,5,0.1,0.541973
200000,20,5,10000,80000,random,2,1,5,5,0.1,0.547278
200000,20,6,10000,80000,random,2,1,5,5,0.1,0.536226
200000,20,7,10000,80000,random,2,1,5,5,0.1,0.550653
200000,20,8,10000,80000,random,2,1,5,5,0.1,0.546287
200000,20,9,10000,80000,random,2,1,5,5,0.1,0.533361
200000,20,10,10000,80000,random,2,1,5,5,0.1,0.531534
200000,20,11,10000,80000,random,2,1,5,5,0.1,0.534926
200000,20,12,10000,80000,random,2,1,5,5,0.1,0.536228
200000,20,13,10000,80000,random,2,1,5,5,0.1,0.532169
200000,20,14,10000,80000,random,2,1,5,5,0.1,0.537914
200000,20,15,10000,80000,random,2,1,5,5,0.1,0.547425
200000,20,16,10000,80000,random,2,1,5,5,0.1,0.543784
200000,20,17,10000,80000,random,2,1,5,5,0.1,0.545823
200000,20,18,10000,80000,random,2,1,5,5,0.1,0.528221
200000,20,19,10000,80000,random,2,1,5,5,0.1,0.542798
